2026-05-18 22:31:50,021 - INFO - Hovering Profile Icon
2026-05-18 22:31:50,629 - INFO - Clicking Login/Register
2026-05-18 22:31:50,864 - INFO - Entering Mobile Number
2026-05-18 22:31:51,953 - INFO - Clicking Continue
2026-05-18 22:31:52,250 - INFO - Waiting 30 seconds for manual OTP entry
2026-05-18 22:32:22,252 - INFO - Clicking Verify & Continue
2026-05-18 22:32:22,474 - INFO - Login Successful
2026-05-18 22:32:22,474 - INFO - Waiting for overlay to disappear
2026-05-18 22:32:35,595 - INFO - Clicking Rent Tab
2026-05-18 22:32:35,852 - INFO - Entering Location: Mumbai
2026-05-18 22:32:36,307 - INFO - Clicking Search Button
2026-05-18 22:32:36,797 - INFO - Verifying Search Results
2026-05-18 22:33:12,567 - INFO - Starting homepage validation
2026-05-18 22:33:14,761 - INFO - Homepage elements validated successfully
2026-05-18 23:40:32,563 - INFO - Hovering Profile Icon
2026-05-18 23:40:33,164 - INFO - Clicking Login/Register
2026-05-18 23:40:33,822 - INFO - Entering Mobile Number
2026-05-18 23:40:35,205 - INFO - Clicking Continue
2026-05-18 23:40:35,512 - INFO - Waiting 30 seconds for manual OTP entry
2026-05-18 23:41:05,513 - INFO - Clicking Verify & Continue
2026-05-18 23:41:05,995 - INFO - Login Successful
2026-05-18 23:41:05,995 - INFO - Waiting for overlay to disappear
2026-05-18 23:41:20,352 - INFO - Clicking Rent Tab
2026-05-18 23:41:20,817 - INFO - Entering Location: Mumbai
2026-05-18 23:41:21,464 - INFO - Clicking Search Button
2026-05-18 23:41:22,071 - INFO - Verifying Search Results
2026-05-18 23:41:59,507 - INFO - Starting homepage validation
2026-05-18 23:42:08,888 - INFO - Homepage elements validated successfully
2026-05-18 23:45:31,255 - INFO - Clicking Rent Tab
2026-05-18 23:45:31,745 - INFO - Entering Location: Mumbai
2026-05-18 23:45:33,002 - INFO - Clicking Search Button
2026-05-18 23:45:33,709 - INFO - Verifying Search Results
2026-05-18 23:45:33,709 - INFO - Waiting for Results Page
2026-05-18 23:45:37,920 - INFO - Results Heading: Property in Mumbai for Sale
2026-05-18 23:45:37,938 - INFO - Results Count: 1
2026-05-18 23:45:37,938 - INFO - Applying 2 BHK Filter
2026-05-18 23:46:14,843 - INFO - Starting homepage validation
2026-05-18 23:46:20,521 - INFO - Homepage elements validated successfully
2026-05-18 23:49:23,289 - INFO - Clicking Rent Tab
2026-05-18 23:49:23,977 - INFO - Entering Location: Mumbai
2026-05-18 23:49:25,456 - INFO - Clicking Search Button
2026-05-18 23:49:26,025 - INFO - Verifying Search Results
2026-05-18 23:49:26,025 - INFO - Waiting for Results Page
2026-05-18 23:49:30,365 - INFO - Results Heading: Property in Mumbai for Sale
2026-05-18 23:49:30,418 - INFO - Results Count: 1
2026-05-18 23:49:30,419 - INFO - Applying 2 BHK Filter
2026-05-18 23:52:22,095 - INFO - Clicking Rent Tab
2026-05-18 23:52:22,888 - INFO - Entering Location: Mumbai
2026-05-18 23:52:24,165 - INFO - Clicking Search Button
2026-05-18 23:52:25,400 - INFO - Verifying Search Results
2026-05-18 23:52:25,400 - INFO - Waiting for Results Page
2026-05-18 23:52:28,604 - INFO - Results Heading: Property in Mumbai for Sale
2026-05-18 23:52:28,654 - INFO - Results Count: 1
2026-05-18 23:52:28,654 - INFO - Applying 2 BHK Filter
2026-05-18 23:52:37,555 - INFO - Starting homepage validation
2026-05-18 23:54:18,773 - INFO - Clicking Rent Tab
2026-05-18 23:54:19,471 - INFO - Entering Location: Mumbai
2026-05-18 23:54:20,973 - INFO - Clicking Search Button
2026-05-18 23:54:21,501 - INFO - Verifying Search Results
2026-05-18 23:54:21,501 - INFO - Waiting for Results Page
2026-05-18 23:54:57,232 - INFO - Clicking Rent Tab
2026-05-18 23:54:58,222 - INFO - Entering Location: Hyderabad
2026-05-18 23:54:59,743 - INFO - Clicking Search Button
2026-05-18 23:55:00,531 - INFO - Verifying Search Results
2026-05-18 23:55:00,531 - INFO - Waiting for Results Page
2026-05-18 23:55:03,597 - INFO - Results Heading: Property in Hyderabad for Sale
2026-05-18 23:55:03,620 - INFO - Results Count: 1
2026-05-18 23:55:03,620 - INFO - Applying 2 BHK Filter
2026-05-18 23:57:10,768 - INFO - Clicking Rent Tab
2026-05-18 23:57:12,138 - INFO - Entering Location: Hyderabad
2026-05-18 23:57:13,218 - INFO - Clicking Search Button
2026-05-18 23:57:14,719 - INFO - Verifying Search Results
2026-05-18 23:57:14,719 - INFO - Waiting for Results Page
2026-05-18 23:57:17,535 - INFO - Results Heading: Property in Hyderabad for Sale
2026-05-18 23:57:17,556 - INFO - Results Count: 1
2026-05-18 23:57:17,557 - INFO - Applying 2 BHK Filter
2026-05-19 00:04:34,122 - INFO - Clicking Rent Tab
2026-05-19 00:04:34,895 - INFO - Entering Location: Hyderabad
2026-05-19 00:04:36,080 - INFO - Clicking Search Button
2026-05-19 00:04:37,507 - INFO - Verifying Search Results
2026-05-19 00:04:37,507 - INFO - Waiting for Results Page
2026-05-19 00:04:40,561 - INFO - Results Heading: Property in Hyderabad for Sale
2026-05-19 00:04:40,593 - INFO - Results Count: 1
2026-05-19 00:04:40,594 - INFO - Applying 2 BHK Filter
2026-05-19 00:21:10,666 - INFO - Clicking Rent Tab
2026-05-19 00:21:11,797 - INFO - Entering Location: Rent in Hyderabad
2026-05-19 00:21:12,889 - INFO - Clicking Search Button
2026-05-19 00:21:14,345 - INFO - Verifying Search Results
2026-05-19 00:21:14,346 - INFO - Waiting for Results Page
2026-05-19 00:21:17,350 - INFO - Results Heading: Property for Rent in Hyderabad
2026-05-19 00:21:17,375 - INFO - Results Count: 1
2026-05-19 00:21:17,375 - INFO - Applying 2 BHK Filter
2026-05-19 00:42:44,624 - INFO - Clicking Rent Tab
2026-05-19 00:42:45,089 - INFO - Entering Location: Rent in Hyderabad
2026-05-19 00:42:45,677 - INFO - Clicking Search Button
2026-05-19 00:42:46,158 - INFO - Verifying Search Results
2026-05-19 00:42:46,158 - INFO - Waiting for Results Page
2026-05-19 00:42:51,640 - INFO - Results Heading: Property for Rent in Hyderabad
2026-05-19 00:42:51,654 - INFO - Results Count: 1
2026-05-19 00:42:51,654 - INFO - Applying 2 BHK Filter
2026-05-19 00:44:05,841 - INFO - Clicking Rent Tab
2026-05-19 00:44:06,085 - INFO - Entering Location: Rent in Hyderabad
2026-05-19 00:44:06,643 - INFO - Clicking Search Button
2026-05-19 00:44:07,123 - INFO - Verifying Search Results
2026-05-19 00:44:07,124 - INFO - Waiting for Results Page
2026-05-19 00:44:09,797 - INFO - Results Heading: Property for Rent in Hyderabad
2026-05-19 00:44:09,811 - INFO - Results Count: 1
2026-05-19 00:44:09,812 - INFO - Applying 2 BHK Filter
2026-05-19 06:59:34,944 - INFO - Clicking Rent Tab
2026-05-19 06:59:35,393 - INFO - Entering Location: Rent in Hyderabad
2026-05-19 06:59:35,947 - INFO - Clicking Search Button
2026-05-19 06:59:36,419 - INFO - Verifying Search Results
2026-05-19 06:59:36,420 - INFO - Waiting for Results Page
2026-05-19 06:59:38,611 - INFO - Results Heading: Property for Rent in Hyderabad
2026-05-19 06:59:38,624 - INFO - Results Count: 1
2026-05-19 06:59:38,625 - INFO - Applying 2 BHK Filter
2026-05-19 07:05:06,738 - INFO - Clicking Rent Tab
2026-05-19 07:05:06,965 - INFO - Entering Location: Rent in Hyderabad
2026-05-19 07:05:07,493 - INFO - Clicking Search Button
2026-05-19 07:05:07,945 - INFO - Verifying Search Results
2026-05-19 07:05:07,945 - INFO - Waiting for Results Page
2026-05-19 07:05:09,559 - INFO - Results Heading: Property for Rent in Hyderabad
2026-05-19 07:05:09,569 - INFO - Results Count: 1
2026-05-19 07:05:09,570 - INFO - Applying 2 BHK Filter
2026-05-19 07:13:22,796 - INFO - Clicking Rent Tab
2026-05-19 07:13:23,204 - INFO - Entering Location: Rent in Hyderabad
2026-05-19 07:13:23,769 - INFO - Clicking Search Button
2026-05-19 07:13:24,215 - INFO - Verifying Search Results
2026-05-19 07:13:24,215 - INFO - Waiting for Results Page
2026-05-19 07:13:25,824 - INFO - Results Heading: Property for Rent in Hyderabad
2026-05-19 07:13:25,840 - INFO - Results Count: 1
2026-05-19 07:13:25,840 - INFO - Applying 2 BHK Filter
2026-05-19 07:14:07,692 - INFO - Applying Apartment Filter
2026-05-19 07:17:51,696 - INFO - Clicking Rent Tab
2026-05-19 07:17:51,890 - INFO - Entering Location: Rent in Hyderabad
2026-05-19 07:17:52,456 - INFO - Clicking Search Button
2026-05-19 07:17:52,945 - INFO - Verifying Search Results
2026-05-19 07:17:52,945 - INFO - Waiting for Results Page
2026-05-19 07:17:54,768 - INFO - Results Heading: Property for Rent in Hyderabad
2026-05-19 07:17:54,779 - INFO - Results Count: 1
2026-05-19 07:17:54,779 - INFO - Clicking Ok Understood Popup
2026-05-19 07:18:36,374 - INFO - Applying 2 BHK Filter
2026-05-19 07:18:36,520 - INFO - Applying Apartment Filter
2026-05-19 07:22:38,509 - INFO - Clicking Rent Tab
2026-05-19 07:22:38,740 - INFO - Entering Location: Rent in Hyderabad
2026-05-19 07:22:39,302 - INFO - Clicking Search Button
2026-05-19 07:22:39,743 - INFO - Verifying Search Results
2026-05-19 07:22:39,743 - INFO - Waiting for Results Page
2026-05-19 07:22:41,344 - INFO - Results Heading: Property for Rent in Hyderabad
2026-05-19 07:22:41,356 - INFO - Results Count: 1
2026-05-19 07:22:41,356 - INFO - Clicking Ok Understood Popup
2026-05-19 07:23:22,953 - INFO - Applying 2 BHK Filter
2026-05-19 07:23:23,100 - INFO - Applying Apartment Filter
2026-05-19 07:39:16,341 - INFO - Clicking Rent Tab
2026-05-19 07:39:16,527 - INFO - Entering Location: Rent in Hyderabad
2026-05-19 07:39:17,071 - INFO - Clicking Search Button
2026-05-19 07:39:17,531 - INFO - Verifying Search Results
2026-05-19 07:39:17,531 - INFO - Waiting for Results Page
2026-05-19 07:39:20,107 - INFO - Results Heading: Property for Rent in Hyderabad
2026-05-19 07:39:20,120 - INFO - Results Count: 1
2026-05-19 07:39:20,121 - INFO - Clicking Ok Understood Popup
2026-05-19 07:40:01,787 - INFO - Applying 2 BHK Filter
2026-05-19 07:40:01,921 - INFO - Applying Apartment Filter
2026-05-19 07:40:54,981 - INFO - Clicking Rent Tab
2026-05-19 07:40:55,358 - INFO - Entering Location: Rent in Hyderabad
2026-05-19 07:40:55,928 - INFO - Clicking Search Button
2026-05-19 07:40:56,430 - INFO - Verifying Search Results
2026-05-19 07:40:56,430 - INFO - Waiting for Results Page
2026-05-19 07:40:58,233 - INFO - Results Heading: Property for Rent in Hyderabad
2026-05-19 07:40:58,245 - INFO - Results Count: 1
2026-05-19 07:40:58,245 - INFO - Clicking Ok Understood Popup
2026-05-19 07:41:39,950 - INFO - Applying 2 BHK Filter
2026-05-19 07:41:40,341 - INFO - Applying Independent House Filter
2026-05-19 07:44:01,930 - INFO - Clicking Rent Tab
2026-05-19 07:44:02,094 - INFO - Entering Location: Rent in Hyderabad
2026-05-19 07:44:02,708 - INFO - Clicking Search Button
2026-05-19 07:44:03,163 - INFO - Verifying Search Results
2026-05-19 07:44:03,163 - INFO - Waiting for Results Page
2026-05-19 07:44:05,041 - INFO - Results Heading: Property for Rent in Hyderabad
2026-05-19 07:44:05,051 - INFO - Results Count: 1
2026-05-19 07:44:05,051 - INFO - Clicking Ok Understood Popup
2026-05-19 07:44:46,742 - INFO - Applying 2 BHK Filter
2026-05-19 07:44:46,892 - INFO - Applying Independent House Filter
2026-05-19 07:44:47,128 - INFO - Applying Owner Filter
2026-05-19 07:48:49,285 - INFO - Clicking Rent Tab
2026-05-19 07:48:49,464 - INFO - Entering Location: Rent in Hyderabad
2026-05-19 07:48:50,045 - INFO - Clicking Search Button
2026-05-19 07:48:50,488 - INFO - Verifying Search Results
2026-05-19 07:48:50,488 - INFO - Waiting for Results Page
2026-05-19 07:48:52,227 - INFO - Results Heading: Property for Rent in Hyderabad
2026-05-19 07:48:52,238 - INFO - Results Count: 1
2026-05-19 07:48:52,238 - INFO - Clicking Ok Understood Popup
2026-05-19 07:49:33,929 - INFO - Applying 2 BHK Filter
2026-05-19 07:49:44,403 - INFO - Applying Independent House Filter
2026-05-19 07:49:44,550 - INFO - Applying Owner Filter
2026-05-19 07:49:54,664 - INFO - Applying Locality Filter
2026-05-19 07:55:16,280 - INFO - Clicking Rent Tab
2026-05-19 07:55:16,674 - INFO - Entering Location: Rent in Hyderabad
2026-05-19 07:55:17,218 - INFO - Clicking Search Button
2026-05-19 07:55:17,706 - INFO - Verifying Search Results
2026-05-19 07:55:17,706 - INFO - Waiting for Results Page
2026-05-19 07:55:19,293 - INFO - Results Heading: Property for Rent in Hyderabad
2026-05-19 07:55:19,310 - INFO - Results Count: 1
2026-05-19 07:55:19,310 - INFO - Clicking Ok Understood Popup
2026-05-19 07:56:00,906 - INFO - Applying 2 BHK Filter
2026-05-19 07:56:11,294 - INFO - Applying Independent House Filter
2026-05-19 07:56:11,512 - INFO - Applying Owner Filter
2026-05-19 07:56:22,320 - INFO - Applying Locality Filter
2026-05-19 07:57:33,237 - INFO - Clicking Rent Tab
2026-05-19 07:57:33,616 - INFO - Entering Location: Rent in Hyderabad
2026-05-19 07:57:34,202 - INFO - Clicking Search Button
2026-05-19 07:57:34,659 - INFO - Verifying Search Results
2026-05-19 07:57:34,659 - INFO - Waiting for Results Page
2026-05-19 07:57:36,516 - INFO - Results Heading: Property for Rent in Hyderabad
2026-05-19 07:57:36,527 - INFO - Results Count: 1
2026-05-19 07:57:36,527 - INFO - Clicking Ok Understood Popup
2026-05-19 07:58:18,206 - INFO - Applying 2 BHK Filter
2026-05-19 07:58:28,425 - INFO - Applying Independent House Filter
2026-05-19 07:58:28,612 - INFO - Applying Owner Filter
2026-05-19 07:58:39,508 - INFO - Applying Locality Filter
2026-05-19 08:05:53,315 - INFO - Clicking Rent Tab
2026-05-19 08:05:53,597 - INFO - Entering Location: Rent in Hyderabad
2026-05-19 08:05:54,217 - INFO - Clicking Search Button
2026-05-19 08:05:54,680 - INFO - Verifying Search Results
2026-05-19 08:05:54,680 - INFO - Waiting for Results Page
2026-05-19 08:05:56,988 - INFO - Results Heading: Property for Rent in Hyderabad
2026-05-19 08:05:57,006 - INFO - Results Count: 1
2026-05-19 08:05:57,006 - INFO - Clicking Ok Understood Popup
2026-05-19 08:06:38,691 - INFO - Applying 2 BHK Filter
2026-05-19 08:06:48,870 - INFO - Applying Independent House Filter
2026-05-19 08:06:49,028 - INFO - Applying Owner Filter
2026-05-19 08:06:59,216 - INFO - Applying Locality Filter
2026-05-19 08:11:57,703 - INFO - Clicking Rent Tab
2026-05-19 08:11:58,081 - INFO - Entering Location: Rent in Hyderabad
2026-05-19 08:11:58,622 - INFO - Clicking Search Button
2026-05-19 08:11:59,105 - INFO - Verifying Search Results
2026-05-19 08:11:59,105 - INFO - Waiting for Results Page
2026-05-19 08:12:00,615 - INFO - Results Heading: Property for Rent in Hyderabad
2026-05-19 08:12:00,627 - INFO - Results Count: 1
2026-05-19 08:12:00,627 - INFO - Clicking Ok Understood Popup
2026-05-19 08:12:42,240 - INFO - Applying 2 BHK Filter
2026-05-19 08:12:52,397 - INFO - Applying Independent House Filter
2026-05-19 08:12:52,574 - INFO - Verifying Filtered Results
2026-05-19 08:15:57,573 - INFO - Clicking Rent Tab
2026-05-19 08:15:57,965 - INFO - Entering Location: Rent in Hyderabad
2026-05-19 08:15:58,515 - INFO - Clicking Search Button
2026-05-19 08:15:59,030 - INFO - Verifying Search Results
2026-05-19 08:15:59,030 - INFO - Waiting for Results Page
2026-05-19 08:16:00,726 - INFO - Results Heading: Property for Rent in Hyderabad
2026-05-19 08:16:00,737 - INFO - Results Count: 1
2026-05-19 08:16:00,738 - INFO - Clicking Ok Understood Popup
2026-05-19 08:16:42,438 - INFO - Applying 2 BHK Filter
2026-05-19 08:16:52,807 - INFO - Applying Independent House Filter
2026-05-19 08:16:52,990 - INFO - Verifying Filtered Results
2026-05-19 08:21:08,351 - INFO - Clicking Rent Tab
2026-05-19 08:21:08,534 - INFO - Entering Location: Rent in Hyderabad
2026-05-19 08:21:09,095 - INFO - Clicking Search Button
2026-05-19 08:21:09,567 - INFO - Verifying Search Results
2026-05-19 08:21:09,567 - INFO - Waiting for Results Page
2026-05-19 08:21:11,551 - INFO - Results Heading: Property for Rent in Hyderabad
2026-05-19 08:21:11,567 - INFO - Results Count: 1
2026-05-19 08:21:11,567 - INFO - Clicking Ok Understood Popup
2026-05-19 08:21:53,251 - INFO - Applying 2 BHK Filter
2026-05-19 08:22:03,428 - INFO - Applying Independent House Filter
2026-05-19 08:24:27,436 - INFO - Clicking Rent Tab
2026-05-19 08:24:27,614 - INFO - Entering Location: Rent in Hyderabad
2026-05-19 08:24:28,179 - INFO - Clicking Search Button
2026-05-19 08:24:28,617 - INFO - Verifying Search Results
2026-05-19 08:24:28,617 - INFO - Waiting for Results Page
2026-05-19 08:24:30,608 - INFO - Results Heading: Property for Rent in Hyderabad
2026-05-19 08:24:30,619 - INFO - Results Count: 1
2026-05-19 08:24:30,619 - INFO - Clicking Ok Understood Popup
2026-05-19 08:25:12,277 - INFO - Applying 2 BHK Filter
2026-05-19 08:25:22,663 - INFO - Applying Independent House Filter
2026-05-19 08:25:32,820 - INFO - Verifying Filtered Results
2026-05-19 08:29:27,135 - INFO - Clicking Rent Tab
2026-05-19 08:29:27,389 - INFO - Entering Location: Rent in Hyderabad
2026-05-19 08:29:27,957 - INFO - Clicking Search Button
2026-05-19 08:29:28,424 - INFO - Verifying Search Results
2026-05-19 08:29:28,424 - INFO - Waiting for Results Page
2026-05-19 08:29:30,356 - INFO - Results Heading: Property for Rent in Hyderabad
2026-05-19 08:29:30,367 - INFO - Results Count: 1
2026-05-19 08:29:30,368 - INFO - Clicking Ok Understood Popup
2026-05-19 08:30:11,986 - INFO - Applying 2 BHK Filter
2026-05-19 08:30:22,347 - INFO - Applying Independent House Filter
2026-05-19 08:30:32,582 - INFO - Verifying Filtered Results
2026-05-19 08:50:41,663 - INFO - Clicking Rent Tab
2026-05-19 08:51:56,746 - INFO - Clicking Rent Tab
2026-05-19 08:52:23,980 - INFO - Clicking Rent Tab
2026-05-19 08:52:24,341 - INFO - Entering Location: Rent in Hyderabad
2026-05-19 08:52:25,623 - INFO - Clicking Search Button
2026-05-19 08:52:25,671 - INFO - Verifying Search Results
2026-05-19 08:52:25,671 - INFO - Waiting for Results Page
2026-05-19 08:52:27,934 - INFO - Results Heading: Property for Rent in Hyderabad
2026-05-19 08:52:27,945 - INFO - Results Count: 1
2026-05-19 08:52:27,945 - INFO - Clicking Ok Understood Popup
2026-05-19 08:53:09,632 - INFO - Applying 2 BHK Filter
2026-05-19 08:53:19,815 - INFO - Applying Independent House Filter
2026-05-19 08:53:30,049 - INFO - Applying Owner Filter
2026-05-19 08:53:40,226 - INFO - Applying Locality Filter
2026-05-19 09:00:36,971 - INFO - Clicking Rent Tab
2026-05-19 09:00:37,312 - INFO - Entering Location: Rent in Hyderabad
2026-05-19 09:00:38,590 - INFO - Clicking Search Button
2026-05-19 09:00:38,638 - INFO - Verifying Search Results
2026-05-19 09:00:38,639 - INFO - Waiting for Results Page
2026-05-19 09:00:40,437 - INFO - Results Heading: Property for Rent in Hyderabad
2026-05-19 09:00:40,460 - INFO - Results Count: 1
2026-05-19 09:00:40,460 - INFO - Clicking Ok Understood Popup
2026-05-19 09:01:22,119 - INFO - Applying 2 BHK Filter
2026-05-19 09:01:32,683 - INFO - Applying Independent House Filter
2026-05-19 09:01:43,049 - INFO - Applying Owner Filter
2026-05-19 09:01:53,252 - INFO - Applying Locality Filter
2026-05-19 09:04:20,099 - INFO - Clicking Rent Tab
2026-05-19 09:04:20,379 - INFO - Entering Location: Rent in Hyderabad
2026-05-19 09:04:21,579 - INFO - Clicking Search Button
2026-05-19 09:04:21,625 - INFO - Verifying Search Results
2026-05-19 09:04:21,625 - INFO - Waiting for Results Page
2026-05-19 09:04:26,551 - INFO - Results Heading: Property for Rent in Hyderabad
2026-05-19 09:04:26,565 - INFO - Results Count: 1
2026-05-19 09:04:26,566 - INFO - Clicking Ok Understood Popup
2026-05-19 09:05:08,213 - INFO - Applying 2 BHK Filter
2026-05-19 09:05:18,706 - INFO - Applying Locality Filter
2026-05-19 09:05:31,290 - INFO - Locality Filter Applied: False
2026-05-19 09:05:31,290 - INFO - Applying Independent House Filter
2026-05-19 09:05:41,543 - INFO - Applying Owner Filter
2026-05-19 09:05:51,852 - INFO - Verifying Filtered Results
2026-05-19 09:05:51,895 - INFO - Filtered Results Count: 1
2026-05-19 09:09:45,995 - INFO - Clicking Rent Tab
2026-05-19 09:09:46,328 - INFO - Entering Location: Rent in Hyderabad
2026-05-19 09:09:48,534 - INFO - Clicking Search Button
2026-05-19 09:09:48,659 - INFO - Verifying Search Results
2026-05-19 09:09:48,659 - INFO - Waiting for Results Page
2026-05-19 09:09:51,274 - INFO - Results Heading: Property for Rent in Hyderabad
2026-05-19 09:09:51,302 - INFO - Results Count: 1
2026-05-19 09:09:51,302 - INFO - Clicking Ok Understood Popup
2026-05-19 09:10:33,033 - INFO - Applying 2 BHK Filter
2026-05-19 09:10:43,260 - INFO - Applying Locality Filter
2026-05-19 09:10:56,019 - INFO - Locality Filter Applied: False
2026-05-19 09:10:56,019 - INFO - Applying Independent House Filter
2026-05-19 09:11:06,294 - INFO - Applying Owner Filter
2026-05-19 09:11:16,638 - INFO - Verifying Filtered Results
2026-05-19 09:11:16,722 - INFO - Filtered Results Count: 1
2026-05-19 09:13:46,048 - INFO - Clicking Rent Tab
2026-05-19 09:13:46,347 - INFO - Entering Location: Rent in Hyderabad
2026-05-19 09:13:47,663 - INFO - Clicking Search Button
2026-05-19 09:13:47,713 - INFO - Verifying Search Results
2026-05-19 09:13:47,714 - INFO - Waiting for Results Page
2026-05-19 09:13:54,395 - INFO - Results Heading: Property for Rent in Hyderabad
2026-05-19 09:13:54,405 - INFO - Results Count: 1
2026-05-19 09:13:54,405 - INFO - Clicking Ok Understood Popup
2026-05-19 09:14:36,128 - INFO - Applying 2 BHK Filter
2026-05-19 09:14:46,555 - INFO - Applying Locality Filter
2026-05-19 09:14:58,172 - INFO - Locality Filter Applied: False
2026-05-19 09:14:58,172 - INFO - Applying Independent House Filter
2026-05-19 09:15:08,380 - INFO - Applying Owner Filter
2026-05-19 09:15:18,693 - INFO - Verifying Filtered Results
2026-05-19 09:15:18,727 - INFO - Filtered Results Count: 1
2026-05-19 09:15:18,727 - INFO - Selecting First Filtered Result
2026-05-19 09:15:59,212 - INFO - Opened Property Page URL: https://www.99acres.com/search/property/rent/rent-in-hyderabad?city=269&keyword=Rent%20in%20Hyderabad&preference=R&res_com=R
2026-05-19 09:16:26,771 - INFO - Clicking Rent Tab
2026-05-19 09:16:26,816 - INFO - Entering Location: Rent in Hyderabad
2026-05-19 09:16:28,090 - INFO - Clicking Search Button
2026-05-19 09:16:28,139 - INFO - Verifying Search Results
2026-05-19 09:16:28,139 - INFO - Waiting for Results Page
2026-05-19 09:16:30,800 - INFO - Results Heading: Property for Rent in Hyderabad
2026-05-19 09:16:30,814 - INFO - Results Count: 1
2026-05-19 09:16:30,814 - INFO - Clicking Ok Understood Popup
2026-05-19 09:17:12,422 - INFO - Applying 2 BHK Filter
2026-05-19 09:17:22,619 - INFO - Applying Locality Filter
2026-05-19 09:17:34,939 - INFO - Locality Filter Applied: False
2026-05-19 09:17:34,939 - INFO - Applying Independent House Filter
2026-05-19 09:17:45,149 - INFO - Applying Owner Filter
2026-05-19 09:17:55,493 - INFO - Verifying Filtered Results
2026-05-19 09:17:55,520 - INFO - Filtered Results Count: 1
2026-05-19 09:17:55,520 - INFO - Selecting First Filtered Result
2026-05-19 09:18:36,094 - INFO - Opened Property Page URL: https://www.99acres.com/search/property/rent/rent-in-hyderabad?city=269&keyword=Rent%20in%20Hyderabad&preference=R&res_com=R
2026-05-19 09:53:59,440 - INFO - Clicking Rent Tab
2026-05-19 09:53:59,515 - INFO - Entering Location: Rent in Hyderabad
2026-05-19 09:54:01,213 - INFO - Clicking Search Button
2026-05-19 09:54:01,269 - INFO - Verifying Search Results
2026-05-19 09:54:01,269 - INFO - Waiting for Results Page
2026-05-19 09:54:04,137 - INFO - Results Heading: Property for Rent in Hyderabad
2026-05-19 09:54:04,157 - INFO - Results Count: 1
2026-05-19 09:54:04,157 - INFO - Clicking Ok Understood Popup
2026-05-19 09:54:45,859 - INFO - Applying 2 BHK Filter
2026-05-19 09:54:56,780 - INFO - Applying Locality Filter
2026-05-19 09:55:10,046 - INFO - Locality Filter Applied: False
2026-05-19 09:55:10,047 - INFO - Applying Independent House Filter
2026-05-19 09:55:20,509 - INFO - Applying Owner Filter
2026-05-19 09:55:31,013 - INFO - Verifying Filtered Results
2026-05-19 09:55:31,167 - INFO - Filtered Results Count: 1
2026-05-19 09:55:31,167 - INFO - Selecting First Filtered Result
2026-05-19 09:56:11,672 - INFO - Opened Property Page URL: https://www.99acres.com/search/property/rent/rent-in-hyderabad?city=269&keyword=Rent%20in%20Hyderabad&preference=R&res_com=R
2026-05-19 10:04:15,389 - INFO - Clicking Rent Tab
2026-05-19 10:04:15,490 - INFO - Entering Location: Rent in Hyderabad
2026-05-19 10:04:17,188 - INFO - Clicking Search Button
2026-05-19 10:04:17,250 - INFO - Verifying Search Results
2026-05-19 10:04:17,251 - INFO - Waiting for Results Page
2026-05-19 10:04:19,699 - INFO - Results Heading: Property for Rent in Hyderabad
2026-05-19 10:04:19,761 - INFO - Results Count: 1
2026-05-19 10:04:19,761 - INFO - Clicking Ok Understood Popup
2026-05-19 10:04:21,017 - INFO - Applying 2 BHK Filter
2026-05-19 10:04:32,303 - INFO - Applying Locality Filter
2026-05-19 10:04:46,919 - INFO - Locality Filter Applied: False
2026-05-19 10:04:46,919 - INFO - Applying Independent House Filter
2026-05-19 10:04:58,879 - INFO - Applying Owner Filter
2026-05-19 10:05:11,394 - INFO - Verifying Filtered Results
2026-05-19 10:05:11,795 - INFO - Filtered Results Count: 1
2026-05-19 10:05:11,796 - INFO - Selecting First Filtered Result
2026-05-19 10:05:53,460 - INFO - Opened Property Page URL: https://www.99acres.com/search/property/rent/rent-in-hyderabad?city=269&keyword=Rent%20in%20Hyderabad&preference=R&res_com=R
2026-05-19 10:07:29,443 - INFO - Clicking Rent Tab
2026-05-19 10:07:29,552 - INFO - Entering Location: Rent in Hyderabad
2026-05-19 10:07:31,128 - INFO - Clicking Search Button
2026-05-19 10:07:31,184 - INFO - Verifying Search Results
2026-05-19 10:07:31,184 - INFO - Waiting for Results Page
2026-05-19 10:07:35,855 - INFO - Results Heading: Property for Rent in Hyderabad
2026-05-19 10:07:49,329 - INFO - Results Count: 10991
2026-05-19 10:07:49,330 - INFO - Clicking Ok Understood Popup
2026-05-19 10:07:50,161 - INFO - Applying 2 BHK Filter
2026-05-19 10:08:02,241 - INFO - Applying Locality Filter
2026-05-19 10:08:16,357 - INFO - Locality Filter Applied: False
2026-05-19 10:08:16,359 - INFO - Applying Independent House Filter
2026-05-19 10:08:44,079 - INFO - Applying Owner Filter
2026-05-19 10:09:07,646 - INFO - Verifying Filtered Results
2026-05-19 10:09:11,078 - INFO - Filtered Results Count: 2272
2026-05-19 10:09:11,078 - INFO - Selecting First Filtered Result
2026-05-19 10:09:57,993 - INFO - Opened Property Page URL: https://www.99acres.com/search/property/rent/rent-in-hyderabad?city=269&keyword=Rent%20in%20Hyderabad&preference=R&res_com=R
2026-05-19 10:12:19,180 - INFO - Clicking Rent Tab
2026-05-19 10:12:19,760 - INFO - Entering Location: Rent in Hyderabad
2026-05-19 10:12:21,357 - INFO - Clicking Search Button
2026-05-19 10:12:21,478 - INFO - Verifying Search Results
2026-05-19 10:12:21,479 - INFO - Waiting for Results Page
2026-05-19 10:12:27,737 - INFO - Results Heading: Property for Rent in Hyderabad
2026-05-19 10:12:34,403 - INFO - Results Count: 10992
2026-05-19 10:12:34,403 - INFO - Clicking Ok Understood Popup
2026-05-19 10:12:45,017 - INFO - Applying 2 BHK Filter
2026-05-19 10:13:08,970 - INFO - Applying Locality Filter
2026-05-19 10:13:29,563 - INFO - Locality Filter Applied: False
2026-05-19 10:13:29,563 - INFO - Applying Independent House Filter
2026-05-19 10:13:53,040 - INFO - Applying Owner Filter
2026-05-19 10:14:16,938 - INFO - Verifying Filtered Results
2026-05-19 10:14:20,901 - INFO - Filtered Results Count: 2273
2026-05-19 10:14:20,902 - INFO - Selecting First Filtered Result
2026-05-19 10:14:34,538 - INFO - Opened Property Page URL: https://www.99acres.com/2-bhk-bedroom-independent-house-villa-for-rent-in-jp-colony-patancheru-hyderabad-1200-sqft-spid-D91127374
2026-05-19 10:28:13,570 - INFO - Clicking Rent Tab
2026-05-19 10:28:13,990 - INFO - Entering Location: Rent in Hyderabad
2026-05-19 10:28:15,689 - INFO - Clicking Search Button
2026-05-19 10:28:15,755 - INFO - Verifying Search Results
2026-05-19 10:28:15,755 - INFO - Waiting for Results Page
2026-05-19 10:28:18,876 - INFO - Results Heading: Property for Rent in Hyderabad
2026-05-19 10:28:26,088 - INFO - Results Count: 10993
2026-05-19 10:28:26,089 - INFO - Clicking Ok Understood Popup
2026-05-19 10:28:36,686 - INFO - Applying 2 BHK Filter
2026-05-19 10:29:01,200 - INFO - Applying Locality Filter
2026-05-19 10:29:19,941 - INFO - Locality Filter Applied: False
2026-05-19 10:29:19,942 - INFO - Applying Independent House Filter
2026-05-19 10:29:43,426 - INFO - Applying Owner Filter
2026-05-19 10:30:07,528 - INFO - Verifying Filtered Results
2026-05-19 10:30:11,524 - INFO - Filtered Results Count: 2274
2026-05-19 10:30:11,524 - INFO - Selecting First Filtered Result
2026-05-19 10:30:25,288 - INFO - Opened Property Page URL: https://www.99acres.com/2-bhk-bedroom-independent-house-villa-for-rent-in-jp-colony-patancheru-hyderabad-1200-sqft-spid-D91127374
2026-05-19 10:30:25,633 - INFO - Switching To Property Window
2026-05-19 10:30:25,638 - INFO - Clicking Shortlist
2026-05-19 10:36:02,179 - INFO - Clicking Rent Tab
2026-05-19 10:36:02,852 - INFO - Entering Location: Rent in Hyderabad
2026-05-19 10:36:04,153 - INFO - Clicking Search Button
2026-05-19 10:36:04,209 - INFO - Verifying Search Results
2026-05-19 10:36:04,209 - INFO - Waiting for Results Page
2026-05-19 10:36:06,925 - INFO - Results Heading: Property for Rent in Hyderabad
2026-05-19 10:36:14,488 - INFO - Results Count: 10992
2026-05-19 10:36:14,489 - INFO - Clicking Ok Understood Popup
2026-05-19 10:36:24,140 - INFO - Applying 2 BHK Filter
2026-05-19 10:36:48,775 - INFO - Applying Locality Filter
2026-05-19 10:37:08,863 - INFO - Locality Filter Applied: False
2026-05-19 10:37:08,864 - INFO - Applying Independent House Filter
2026-05-19 10:37:32,354 - INFO - Applying Owner Filter
2026-05-19 10:37:55,638 - INFO - Verifying Filtered Results
2026-05-19 10:37:59,336 - INFO - Filtered Results Count: 2273
2026-05-19 10:37:59,336 - INFO - Selecting First Filtered Result
2026-05-19 10:38:13,879 - INFO - Opened Property Page URL: https://www.99acres.com/2-bhk-bedroom-independent-house-villa-for-rent-in-jp-colony-patancheru-hyderabad-1200-sqft-spid-D91127374
2026-05-19 10:38:14,164 - INFO - Switching To Property Window
2026-05-19 10:38:20,855 - INFO - Clicking Shortlist
2026-05-19 10:38:34,539 - INFO - Opening Owner Details
2026-05-19 10:38:48,545 - INFO - Clicking View Phone Number
2026-05-19 10:39:01,851 - INFO - Verifying Contact Section
2026-05-19 10:40:53,369 - INFO - Clicking Rent Tab
2026-05-19 10:40:53,925 - INFO - Entering Location: Rent in Hyderabad
2026-05-19 10:40:55,572 - INFO - Clicking Search Button
2026-05-19 10:40:55,685 - INFO - Verifying Search Results
2026-05-19 10:40:55,686 - INFO - Waiting for Results Page
2026-05-19 10:40:59,174 - INFO - Results Heading: Property for Rent in Hyderabad
2026-05-19 10:41:13,335 - INFO - Results Count: 10991
2026-05-19 10:41:13,335 - INFO - Clicking Ok Understood Popup
2026-05-19 10:41:13,924 - INFO - Applying 2 BHK Filter
2026-05-19 10:41:25,549 - INFO - Applying Locality Filter
2026-05-19 10:41:39,358 - INFO - Locality Filter Applied: False
2026-05-19 10:41:39,359 - INFO - Applying Independent House Filter
2026-05-19 10:42:06,432 - INFO - Applying Owner Filter
2026-05-19 10:42:30,270 - INFO - Verifying Filtered Results
2026-05-19 10:42:34,057 - INFO - Filtered Results Count: 2272
2026-05-19 10:42:34,057 - INFO - Selecting First Filtered Result
2026-05-19 10:42:47,835 - INFO - Opened Property Page URL: https://www.99acres.com/2-bhk-bedroom-independent-house-villa-for-rent-in-jp-colony-patancheru-hyderabad-1200-sqft-spid-D91127374
2026-05-19 10:42:48,082 - INFO - Switching To Property Window
2026-05-19 10:42:54,513 - INFO - Clicking Shortlist
2026-05-19 10:43:08,239 - INFO - Opening Owner Details
2026-05-19 10:43:22,064 - INFO - Clicking View Phone Number
2026-05-19 10:43:35,673 - INFO - Verifying Contact Section
2026-05-19 10:43:36,183 - INFO - Property Title: Rent
|
Post property
FREE

Home›Property for rent in Hyderabad›House for rent in Hyderabad›House for rent in Patancheru
Updated Just now by owner Ready to move
Verified
Platinum
₹ 21,000
Per Month
2Bedrooms 2Baths
Independent House/Villa for Rent
in JP Colony,Patancheru, Hyderabad
Shortlist
Property added to your shortlist
Contact OwnerFREE
RERA STATUS NOT AVAILABLE Website: http://rerait.telangana.gov.in/
OverviewOwner DetailsFeatured DealersRecommendations
₹ 21,000
2Bedrooms 2Baths
Property added to your shortlist
Contact OwnerFREE
RERA STATUS NOT AVAILABLE Website: http://rerait.telangana.gov.in/
OverviewOwner DetailsFeatured DealersRecommendations
Videos (1)
Property (12)
2 people already contacted yesterday
Configuration
2 Bedrooms , 2 Bathrooms, 2 Balconies with Others
Rent
₹ 21,000 View Rent Details
Area
Plot area 1200
(111.48 sq.m.)
Carpet area: 100 sqft (9.29 sq.m.)  
sqft
Address
JP Colony,Patancheru, Hyderabad
Furnishing
Semifurnished   View Furnishings
Available For
Family Only
Available From
Immediate
Posted By and On
Owner on May 18, 2026
Places nearby
View All (44)
JP Colony,Patancheru, Hyderabad
Market entrance
Mahankali Temple
masjid
Pochamma temple
Jesus Pentecostal Prayer Ministries
Hanuman temple
Why you should consider this property?
Key Highlights
of the property
North-East Facing
Ceramic Flooring
Visitor Parking Available
Centrally Air Conditioned
View 7 More
Total Floors:4 FloorsFlooring:CeramicWidth of facing road:60.0 FeetParking:1 Covered, 1 OpenRent Agreement Duration:11 MonthsMonths of Notice:2 MonthsElectricity & Water Charges:Charges not includedPower Backup:NoneProperty Age:0 to 1 Year OldSecurity Deposit:Rs50,000
About Property
Address: JP Colony,Patancheru, Hyderabad
Located in jp colony, patancheru, this newly constructed 2 bhk independent house offers 1200 sqft of semi-Furnished living space. With 2 bedrooms and 2 bathrooms, the corner, north-East-Facing property features ceramic flooring, central a/c, and parking. Vaastu compliant and close to schools, hospit...
More >>
Semifurnished
Furnishing Details
1 Bed
3 Wardrobe
Fan
1 Sofa
1 Dining Table
Light
1 AC
No Chimney
No Geyser
No Modular Kitchen
No Microwave
No Fridge
No Stove
No TV
No Washing Machine
No Water Purifier
Features
Vaastu Compliant
Maintenance Staff
Water Storage
Visitor Parking
Rain Water Harvesting
Property rented out? Incorrect data?Report
Owner Details
Krishna
Owner
Krishna
Properties Listed:1Verified Properties:1
Localities : JP Colony,Patancheru
Send enquiry to Owner
You are Individual Dealer
IND (+91)
GBR (+44)
USA (+1)
AUS (+61)
MYS (+60)
ARE (+971)
AFG (+93)
ALB (+355)
DZA (+213)
ASM (+1684)
AND (+376)
AGO (+244)
AIA (+1264)
ATA (+672)
ATG (+1268)
ARG (+54)
ARM (+374)
ABW (+297)
AUT (+43)
AZE (+994)
BHS (+1242)
BHR (+973)
BGD (+880)
BRB (+1246)
BLR (+375)
BEL (+32)
BLZ (+501)
BEN (+229)
BMU (+1441)
BTN (+975)
BOL (+591)
BIH (+387)
BWA (+267)
BRA (+55)
VGB (+1284)
BRN (+673)
BGR (+359)
BFA (+226)
MMR (+95)
BDI (+257)
KHM (+855)
CMR (+237)
CAN (+1)
CPV (+238)
CYM (+1345)
CAF (+236)
TCD (+235)
CHL (+56)
CHN (+86)
CXR (+61)
CCK (+61)
COL (+57)
COM (+269)
COK (+682)
CRC (+506)
HRV (+385)
CYP (+357)
CZE (+420)
COD (+243)
DNK (+45)
DJI (+253)
DMA (+1767)
DOM (+1809)
ECU (+593)
EGY (+20)
SLV (+503)
GNQ (+240)
ERI (+291)
EST (+372)
ETH (+251)
FLK (+500)
FRO (+298)
FJI (+679)
FIN (+358)
FRA (+33)
PYF (+689)
GAB (+241)
GMB (+220)
GEO (+995)
DEU (+49)
GHA (+233)
GIB (+350)
GRC (+30)
GRL (+299)
GRD (+1473)
GUM (+1671)
GTM (+502)
GIN (+224)
GNB (+245)
GUY (+592)
HTI (+509)
VAT (+39)
HND (+504)
HKG (+852)
HUN (+36)
IS (+354)
IDN (+62)
IRQ (+964)
IRL (+353)
IMN (+44)
ISR (+972)
ITA (+39)
CIV (+225)
JAM (+1876)
JPN (+81)
JOR (+962)
KAZ (+7)
KEN (+254)
KIR (+686)
KWT (+965)
KGZ (+996)
LAO (+856)
LVA (+371)
LBN (+961)
LSO (+266)
LBR (+231)
LBY (+218)
LIE (+423)
LTU (+370)
LUX (+352)
MAC (+853)
MKD (+389)
MDG (+261)
MWI (+265)
MDV (+960)
MLI (+223)
MLT (+356)
MHL (+692)
MRT (+222)
MUS (+230)
MYT (+262)
MEX (+52)
FSM (+691)
MDA (+373)
MCO (+377)
MNG (+976)
MNE (+382)
MSR (+1664)
MAR (+212)
MOZ (+258)
NAM (+264)
NRU (+674)
NPL (+977)
NLD (+31)
ANT (+599)
NCL (+687)
NZL (+64)
NIC (+505)
NER (+227)
NGA (+234)
NIU (+683)
NFK (+672)
MNP (+1670)
NOR (+47)
OMN (+968)
PAK (+92)
PLW (+680)
PAN (+507)
PNG (+675)
PRY (+595)
PER (+51)
PHL (+63)
PCN (+870)
POL (+48)
PRT (+351)
PRI (+1)
QAT (+974)
COG (+242)
ROU (+40)
RUS (+7)
RWA (+250)
BLM (+590)
SHN (+290)
KNA (+1869)
LCA (+1758)
MAF (+1599)
SPM (+508)
VCT (+1784)
WSM (+685)
SMR (+378)
STP (+239)
SAU (+966)
SEN (+221)
SRB (+381)
SSU (+211)
SYC (+248)
SLE (+232)
SGP (+65)
SVK (+421)
SVN (+386)
SLB (+677)
SOM (+252)
ZAF (+27)
KOR (+82)
ESP (+34)
LKA (+94)
SUR (+597)
SWZ (+268)
SWE (+46)
CHE (+41)
TWN (+886)
TJK (+992)
TZA (+255)
THA (+66)
TLS (+670)
TGO (+228)
TKL (+690)
TON (+676)
TTO (+1868)
TUN (+216)
TUR (+90)
TKM (+993)
TCA (+1649)
TUV (+688)
UGA (+256)
URY (+598)
VIR (+1340)
UZB (+998)
VUT (+678)
VEN (+58)
VNM (+84)
WLF (+681)
YEM (+967)
ZMB (+260)
ZWE (+263)
400 chars
I agree to the Terms & Conditions and Privacy Policy
Reach out to Featured Dealers
who are popular amongst Residential Tenants
View all
CHANDU RENTALS
Chandu Chandu rentals
Member Since Apr, 2019
RENTAL
Contact Dealer
12 Matching Properties
12 Verified by 99acres
TIRUMALA RELATORS AND RENTALS
NARENDER
Member Since Sep, 2025
RENTAL
Contact Dealer
3 Matching Properties
RAVI
Ravi
Member Since Nov, 2025
RENTAL
Contact Dealer
4 Matching Properties
3 Verified by 99acres
HELLOWORLD
Thomas B Kurian
Member Since Mar, 2025
RENTAL
Contact Dealer
1 Matching Property
BANGALORE FLAT AND FLATMATE
Abdul Waqar
Member Since Aug, 2025
RENTAL
Contact Dealer
4 Matching Properties
More dealers who can help you...
Vijay Kumar Naik
Tuluja Mantral propertys
VADLA VEERESH
Sahasra Property Consultancy
Ramesh
yrs properties
RAMU
BNK REALTORS
Suchitha
Sayuk & Tridasa Resale and Rental Office
Similar Properties
Sruthi (Owner) 10th Apr, 2026
₹ 24,000, 2 BHK
Patancheru, Hyderabad
Enquire Now
Priyanka (Owner) 28th Mar, 2026
₹ 17,000, 2 BHK
NR Infra Ultimus
Patancheru, Hyderabad
Enquire Now
Related to your search
JP Colony,Patancheru & nearby listings
Rent 2 BHK Semi furnished House/Villa in JP Colony,Patancheru for Rs 21000
Property Options in JP Colony,Patancheru
House for rent in JP Colony,Patancheru without brokerage
House near JP Colony,Patancheru
House for rent in Krishna Reddy Pet
House for rent in Patelguda
House for rent in Outer ring road
View 13 More
Links
Mobile Apps
Our Services
Price Trends
Post your Property
Real Estate Investments
Builders in India
Area Converter
Articles
Rent Receipt
Customer Service
Sitemap
Company
About us
Contact us
Careers with us
Terms & Conditions
Request Info
Feedback
Report a problem
Testimonials
Privacy Policy
Summons/Notices
Grievances
Safety Guide
Our Partners
Naukri.com - Jobs in India
Naukrigulf.com - Jobs in middle east
Jeevansathi.com - Matrimonials
Brijj.com - Professional Networking
Shiksha.com - Education Career Info
Policybazaar.com - Insurance India
PaisaBazaar.com
AmbitionBox.com
FirstNaukri.com - A jobsite for campus hiring
Jobhai.com – Find Jobs Near You
Techminis.com - Tech news on the go
CONTACT US
Toll Free 1800 41 99099
Monday - Sunday (9:30AM to 06:30PM IST)
Email: feedback@99acres.com
CONNECT WITH US
* India's leading Property Portal. Source: Alexa.com
# Free Listings are available only for Owners
MOBILE APP
Usage of 99acres.com to upload content which enables targeting by religion/community/caste/race is prohibited. Please report inappropriate content by writing to us at report abuse
All right reserved - Info Edge (India) Ltd. A group venture
2026-05-19 10:43:36,532 - INFO - Rent Amount: Rs50,000
2026-05-19 10:47:18,338 - INFO - Clicking Rent Tab
2026-05-19 10:47:18,429 - INFO - Entering Location: Rent in Hyderabad
2026-05-19 10:47:20,456 - INFO - Clicking Search Button
2026-05-19 10:47:20,522 - INFO - Verifying Search Results
2026-05-19 10:47:20,522 - INFO - Waiting for Results Page
2026-05-19 10:47:26,997 - INFO - Results Heading: Property for Rent in Hyderabad
2026-05-19 10:47:31,669 - INFO - Results Count: 10991
2026-05-19 10:47:31,670 - INFO - Clicking Ok Understood Popup
2026-05-19 10:47:41,490 - INFO - Applying 2 BHK Filter
2026-05-19 10:48:05,539 - INFO - Applying Locality Filter
2026-05-19 10:48:26,036 - INFO - Locality Filter Applied: False
2026-05-19 10:48:26,036 - INFO - Applying Independent House Filter
2026-05-19 10:48:49,626 - INFO - Applying Owner Filter
2026-05-19 10:49:14,085 - INFO - Verifying Filtered Results
2026-05-19 10:49:17,596 - INFO - Filtered Results Count: 2272
2026-05-19 10:49:17,596 - INFO - Selecting First Filtered Result
2026-05-19 10:49:31,178 - INFO - Opened Property Page URL: https://www.99acres.com/2-bhk-bedroom-independent-house-villa-for-rent-in-jp-colony-patancheru-hyderabad-1200-sqft-spid-D91127374
2026-05-19 10:49:31,432 - INFO - Switching To Property Window
2026-05-19 10:49:38,230 - INFO - Clicking Shortlist
2026-05-19 10:49:51,892 - INFO - Opening Owner Details
2026-05-19 10:50:05,415 - INFO - Clicking View Phone Number
2026-05-19 10:50:19,513 - INFO - Verifying Contact Section
2026-05-19 10:50:20,084 - INFO - Property Title: Rent
|
Post property
FREE

Home›Property for rent in Hyderabad›House for rent in Hyderabad›House for rent in Patancheru
Updated Just now by owner Ready to move
Verified
Platinum
₹ 21,000
Per Month
2Bedrooms 2Baths
Independent House/Villa for Rent
in JP Colony,Patancheru, Hyderabad
Shortlist
Property added to your shortlist
Contact OwnerFREE
RERA STATUS NOT AVAILABLE Website: http://rerait.telangana.gov.in/
OverviewOwner DetailsFeatured DealersRecommendations
₹ 21,000
2Bedrooms 2Baths
Property added to your shortlist
Contact OwnerFREE
RERA STATUS NOT AVAILABLE Website: http://rerait.telangana.gov.in/
OverviewOwner DetailsFeatured DealersRecommendations
Videos (1)
Property (12)
2 people already contacted yesterday
Configuration
2 Bedrooms , 2 Bathrooms, 2 Balconies with Others
Rent
₹ 21,000 View Rent Details
Area
Plot area 133.33
(111.48 sq.m.)
Carpet area: 100 sqft (9.29 sq.m.)  
sqyd
Address
JP Colony,Patancheru, Hyderabad
Furnishing
Semifurnished   View Furnishings
Available For
Family Only
Available From
Immediate
Posted By and On
Owner on May 18, 2026
Places nearby
View All (44)
JP Colony,Patancheru, Hyderabad
Market entrance
Mahankali Temple
masjid
Pochamma temple
Jesus Pentecostal Prayer Ministries
Hanuman temple
Why you should consider this property?
Key Highlights
of the property
North-East Facing
Ceramic Flooring
Visitor Parking Available
Centrally Air Conditioned
View 7 More
Total Floors:4 FloorsFlooring:CeramicWidth of facing road:60.0 FeetParking:1 Covered, 1 OpenRent Agreement Duration:11 MonthsMonths of Notice:2 MonthsElectricity & Water Charges:Charges not includedPower Backup:NoneProperty Age:0 to 1 Year OldSecurity Deposit:Rs50,000
About Property
Address: JP Colony,Patancheru, Hyderabad
Located in jp colony, patancheru, this newly constructed 2 bhk independent house offers 1200 sqft of semi-Furnished living space. With 2 bedrooms and 2 bathrooms, the corner, north-East-Facing property features ceramic flooring, central a/c, and parking. Vaastu compliant and close to schools, hospit...
More >>
Semifurnished
Furnishing Details
1 Bed
3 Wardrobe
Fan
1 Sofa
1 Dining Table
Light
1 AC
No Chimney
No Geyser
No Modular Kitchen
No Microwave
No Fridge
No Stove
No TV
No Washing Machine
No Water Purifier
Features
Vaastu Compliant
Maintenance Staff
Water Storage
Visitor Parking
Rain Water Harvesting
Property rented out? Incorrect data?Report
Owner Details
Krishna
Owner
Krishna
Properties Listed:1Verified Properties:1
Localities : JP Colony,Patancheru
Send enquiry to Owner
You are Individual Dealer
IND (+91)
GBR (+44)
USA (+1)
AUS (+61)
MYS (+60)
ARE (+971)
AFG (+93)
ALB (+355)
DZA (+213)
ASM (+1684)
AND (+376)
AGO (+244)
AIA (+1264)
ATA (+672)
ATG (+1268)
ARG (+54)
ARM (+374)
ABW (+297)
AUT (+43)
AZE (+994)
BHS (+1242)
BHR (+973)
BGD (+880)
BRB (+1246)
BLR (+375)
BEL (+32)
BLZ (+501)
BEN (+229)
BMU (+1441)
BTN (+975)
BOL (+591)
BIH (+387)
BWA (+267)
BRA (+55)
VGB (+1284)
BRN (+673)
BGR (+359)
BFA (+226)
MMR (+95)
BDI (+257)
KHM (+855)
CMR (+237)
CAN (+1)
CPV (+238)
CYM (+1345)
CAF (+236)
TCD (+235)
CHL (+56)
CHN (+86)
CXR (+61)
CCK (+61)
COL (+57)
COM (+269)
COK (+682)
CRC (+506)
HRV (+385)
CYP (+357)
CZE (+420)
COD (+243)
DNK (+45)
DJI (+253)
DMA (+1767)
DOM (+1809)
ECU (+593)
EGY (+20)
SLV (+503)
GNQ (+240)
ERI (+291)
EST (+372)
ETH (+251)
FLK (+500)
FRO (+298)
FJI (+679)
FIN (+358)
FRA (+33)
PYF (+689)
GAB (+241)
GMB (+220)
GEO (+995)
DEU (+49)
GHA (+233)
GIB (+350)
GRC (+30)
GRL (+299)
GRD (+1473)
GUM (+1671)
GTM (+502)
GIN (+224)
GNB (+245)
GUY (+592)
HTI (+509)
VAT (+39)
HND (+504)
HKG (+852)
HUN (+36)
IS (+354)
IDN (+62)
IRQ (+964)
IRL (+353)
IMN (+44)
ISR (+972)
ITA (+39)
CIV (+225)
JAM (+1876)
JPN (+81)
JOR (+962)
KAZ (+7)
KEN (+254)
KIR (+686)
KWT (+965)
KGZ (+996)
LAO (+856)
LVA (+371)
LBN (+961)
LSO (+266)
LBR (+231)
LBY (+218)
LIE (+423)
LTU (+370)
LUX (+352)
MAC (+853)
MKD (+389)
MDG (+261)
MWI (+265)
MDV (+960)
MLI (+223)
MLT (+356)
MHL (+692)
MRT (+222)
MUS (+230)
MYT (+262)
MEX (+52)
FSM (+691)
MDA (+373)
MCO (+377)
MNG (+976)
MNE (+382)
MSR (+1664)
MAR (+212)
MOZ (+258)
NAM (+264)
NRU (+674)
NPL (+977)
NLD (+31)
ANT (+599)
NCL (+687)
NZL (+64)
NIC (+505)
NER (+227)
NGA (+234)
NIU (+683)
NFK (+672)
MNP (+1670)
NOR (+47)
OMN (+968)
PAK (+92)
PLW (+680)
PAN (+507)
PNG (+675)
PRY (+595)
PER (+51)
PHL (+63)
PCN (+870)
POL (+48)
PRT (+351)
PRI (+1)
QAT (+974)
COG (+242)
ROU (+40)
RUS (+7)
RWA (+250)
BLM (+590)
SHN (+290)
KNA (+1869)
LCA (+1758)
MAF (+1599)
SPM (+508)
VCT (+1784)
WSM (+685)
SMR (+378)
STP (+239)
SAU (+966)
SEN (+221)
SRB (+381)
SSU (+211)
SYC (+248)
SLE (+232)
SGP (+65)
SVK (+421)
SVN (+386)
SLB (+677)
SOM (+252)
ZAF (+27)
KOR (+82)
ESP (+34)
LKA (+94)
SUR (+597)
SWZ (+268)
SWE (+46)
CHE (+41)
TWN (+886)
TJK (+992)
TZA (+255)
THA (+66)
TLS (+670)
TGO (+228)
TKL (+690)
TON (+676)
TTO (+1868)
TUN (+216)
TUR (+90)
TKM (+993)
TCA (+1649)
TUV (+688)
UGA (+256)
URY (+598)
VIR (+1340)
UZB (+998)
VUT (+678)
VEN (+58)
VNM (+84)
WLF (+681)
YEM (+967)
ZMB (+260)
ZWE (+263)
400 chars
I agree to the Terms & Conditions and Privacy Policy
Reach out to Featured Dealers
who are popular amongst Residential Tenants
View all
174 Buyers this week
CHANDU RENTALS
Chandu Chandu rentals
Member Since Apr, 2019
RENTAL
Contact Dealer
12 Matching Properties
12 Verified by 99acres
905 Buyers this week
BANGALORE FLAT AND FLATMATE
Abdul Waqar
Member Since Aug, 2025
RENTAL
Contact Dealer
4 Matching Properties
48 Buyers this week
RAVI
Ravi
Member Since Nov, 2025
RENTAL
Contact Dealer
4 Matching Properties
3 Verified by 99acres
93 Buyers this week
TIRUMALA RELATORS AND RENTALS
NARENDER
Member Since Sep, 2025
RENTAL
Contact Dealer
3 Matching Properties
623 Buyers this week
HELLOWORLD
Thomas B Kurian
Member Since Mar, 2025
RENTAL
Contact Dealer
1 Matching Property
More dealers who can help you...
Vijay Kumar Naik
Tuluja Mantral propertys
VADLA VEERESH
Sahasra Property Consultancy
Ramesh
yrs properties
RAMU
BNK REALTORS
Suchitha
Sayuk & Tridasa Resale and Rental Office
Similar Properties
Sruthi (Owner) 10th Apr, 2026
₹ 24,000, 2 BHK
Patancheru, Hyderabad
Enquire Now
Priyanka (Owner) 28th Mar, 2026
₹ 17,000, 2 BHK
NR Infra Ultimus
Patancheru, Hyderabad
Enquire Now
Related to your search
JP Colony,Patancheru & nearby listings
Rent 2 BHK Semi furnished House/Villa in JP Colony,Patancheru for Rs 21000
Property Options in JP Colony,Patancheru
House for rent in JP Colony,Patancheru without brokerage
House near JP Colony,Patancheru
House for rent in Krishna Reddy Pet
House for rent in Patelguda
House for rent in Outer ring road
View 13 More
Links
Mobile Apps
Our Services
Price Trends
Post your Property
Real Estate Investments
Builders in India
Area Converter
Articles
Rent Receipt
Customer Service
Sitemap
Company
About us
Contact us
Careers with us
Terms & Conditions
Request Info
Feedback
Report a problem
Testimonials
Privacy Policy
Summons/Notices
Grievances
Safety Guide
Our Partners
Naukri.com - Jobs in India
Naukrigulf.com - Jobs in middle east
Jeevansathi.com - Matrimonials
Brijj.com - Professional Networking
Shiksha.com - Education Career Info
Policybazaar.com - Insurance India
PaisaBazaar.com
AmbitionBox.com
FirstNaukri.com - A jobsite for campus hiring
Jobhai.com – Find Jobs Near You
Techminis.com - Tech news on the go
CONTACT US
Toll Free 1800 41 99099
Monday - Sunday (9:30AM to 06:30PM IST)
Email: feedback@99acres.com
CONNECT WITH US
* India's leading Property Portal. Source: Alexa.com
# Free Listings are available only for Owners
MOBILE APP
Usage of 99acres.com to upload content which enables targeting by religion/community/caste/race is prohibited. Please report inappropriate content by writing to us at report abuse
All right reserved - Info Edge (India) Ltd. A group venture
2026-05-19 10:50:20,449 - INFO - Rent Amount: Rs50,000
2026-05-19 10:53:15,941 - INFO - Clicking Rent Tab
2026-05-19 10:53:16,083 - INFO - Entering Location: Rent in Hyderabad
2026-05-19 10:53:17,635 - INFO - Clicking Search Button
2026-05-19 10:53:17,708 - INFO - Verifying Search Results
2026-05-19 10:53:17,708 - INFO - Waiting for Results Page
2026-05-19 10:53:20,660 - INFO - Results Heading: Property for Rent in Hyderabad
2026-05-19 10:53:29,240 - INFO - Results Count: 10996
2026-05-19 10:53:29,241 - INFO - Clicking Ok Understood Popup
2026-05-19 10:53:39,607 - INFO - Applying 2 BHK Filter
2026-05-19 10:54:03,250 - INFO - Applying Locality Filter
2026-05-19 10:54:21,599 - INFO - Locality Filter Applied: False
2026-05-19 10:54:21,599 - INFO - Applying Independent House Filter
2026-05-19 10:54:44,945 - INFO - Applying Owner Filter
2026-05-19 10:55:08,589 - INFO - Verifying Filtered Results
2026-05-19 10:55:12,864 - INFO - Filtered Results Count: 2272
2026-05-19 10:55:12,864 - INFO - Selecting First Filtered Result
2026-05-19 10:55:26,227 - INFO - Opened Property Page URL: https://www.99acres.com/2-bhk-bedroom-independent-house-villa-for-rent-in-jp-colony-patancheru-hyderabad-1200-sqft-spid-D91127374
2026-05-19 10:55:26,746 - INFO - Switching To Property Window
2026-05-19 10:55:33,167 - INFO - Clicking Shortlist
2026-05-19 10:55:46,025 - INFO - Opening Owner Details
2026-05-19 10:55:58,995 - INFO - Clicking View Phone Number
2026-05-19 10:56:11,961 - INFO - Verifying Contact Section
2026-05-19 10:56:13,246 - INFO - Property Title: Rent
|
Post property
FREE

RERA STATUS
₹ 21,000
2Bedrooms 2Baths
Contact OwnerFREE
RERA STATUS NOT AVAILABLE Website: http://rerait.telangana.gov.in/
OverviewOwner DetailsFeatured DealersRecommendations
₹


Property rented out? Incorrect data?Report
Owner Details
Krishna
Owner
Krishna
Properties Listed:1Verified Properties:1
Localities : JP Colony,Patancheru
Send enquiry to Owner
You are Individual Dealer
IND (+91)
GBR (+44)
USA (+1)
AUS (+61)
MYS (+60)
ARE (+971)
AFG (+93)
ALB (+355)
DZA (+213)
ASM (+1684)
AND (+376)
AGO (+244)
AIA (+1264)
ATA (+672)
ATG (+1268)
ARG (+54)
ARM (+374)
ABW (+297)
AUT (+43)
AZE (+994)
BHS (+1242)
BHR (+973)
BGD (+880)
BRB (+1246)
BLR (+375)
BEL (+32)
BLZ (+501)
BEN (+229)
BMU (+1441)
BTN (+975)
BOL (+591)
BIH (+387)
BWA (+267)
BRA (+55)
VGB (+1284)
BRN (+673)
BGR (+359)
BFA (+226)
MMR (+95)
BDI (+257)
KHM (+855)
CMR (+237)
CAN (+1)
CPV (+238)
CYM (+1345)
CAF (+236)
TCD (+235)
CHL (+56)
CHN (+86)
CXR (+61)
CCK (+61)
COL (+57)
COM (+269)
COK (+682)
CRC (+506)
HRV (+385)
CYP (+357)
CZE (+420)
COD (+243)
DNK (+45)
DJI (+253)
DMA (+1767)
DOM (+1809)
ECU (+593)
EGY (+20)
SLV (+503)
GNQ (+240)
ERI (+291)
EST (+372)
ETH (+251)
FLK (+500)
FRO (+298)
FJI (+679)
FIN (+358)
FRA (+33)
PYF (+689)
GAB (+241)
GMB (+220)
GEO (+995)
DEU (+49)
GHA (+233)
GIB (+350)
GRC (+30)
GRL (+299)
GRD (+1473)
GUM (+1671)
GTM (+502)
GIN (+224)
GNB (+245)
GUY (+592)
HTI (+509)
VAT (+39)
HND (+504)
HKG (+852)
HUN (+36)
IS (+354)
IDN (+62)
IRQ (+964)
IRL (+353)
IMN (+44)
ISR (+972)
ITA (+39)
CIV (+225)
JAM (+1876)
JPN (+81)
JOR (+962)
KAZ (+7)
KEN (+254)
KIR (+686)
KWT (+965)
KGZ (+996)
LAO (+856)
LVA (+371)
LBN (+961)
LSO (+266)
LBR (+231)
LBY (+218)
LIE (+423)
LTU (+370)
LUX (+352)
MAC (+853)
MKD (+389)
MDG (+261)
MWI (+265)
MDV (+960)
MLI (+223)
MLT (+356)
MHL (+692)
MRT (+222)
MUS (+230)
MYT (+262)
MEX (+52)
FSM (+691)
MDA (+373)
MCO (+377)
MNG (+976)
MNE (+382)
MSR (+1664)
MAR (+212)
MOZ (+258)
NAM (+264)
NRU (+674)
NPL (+977)
NLD (+31)
ANT (+599)
NCL (+687)
NZL (+64)
NIC (+505)
NER (+227)
NGA (+234)
NIU (+683)
NFK (+672)
MNP (+1670)
NOR (+47)
OMN (+968)
PAK (+92)
PLW (+680)
PAN (+507)
PNG (+675)
PRY (+595)
PER (+51)
PHL (+63)
PCN (+870)
POL (+48)
PRT (+351)
PRI (+1)
QAT (+974)
COG (+242)
ROU (+40)
RUS (+7)
RWA (+250)
BLM (+590)
SHN (+290)
KNA (+1869)
LCA (+1758)
MAF (+1599)
SPM (+508)
VCT (+1784)
WSM (+685)
SMR (+378)
STP (+239)
SAU (+966)
SEN (+221)
SRB (+381)
SSU (+211)
SYC (+248)
SLE (+232)
SGP (+65)
SVK (+421)
SVN (+386)
SLB (+677)
SOM (+252)
ZAF (+27)
KOR (+82)
ESP (+34)
LKA (+94)
SUR (+597)
SWZ (+268)
SWE (+46)
CHE (+41)
TWN (+886)
TJK (+992)
TZA (+255)
THA (+66)
TLS (+670)
TGO (+228)
TKL (+690)
TON (+676)
TTO (+1868)
TUN (+216)
TUR (+90)
TKM (+993)
TCA (+1649)
TUV (+688)
UGA (+256)
URY (+598)
VIR (+1340)
UZB (+998)
VUT (+678)
VEN (+58)
VNM (+84)
WLF (+681)
YEM (+967)
ZMB (+260)
ZWE (+263)
400 chars
I agree to the Terms & Conditions and Privacy Policy
Reach out to Featured Dealers
View all


You are requesting to view advertiser details.
POSTED BY OWNER:
+91 98***543**
KRISHNA | KRISHNA
POSTED ON MAY 18, 2026:
Rs21,000 |
100 SQFT | 2 BEDROOMS INDEPENDENT HOUSE/VILLA
Please fill in your details to be shared with this advertiser only.
BASIC INFORMATION
Are you a property dealer Yes No
Name
Phone
This number would be verified
+91 IND
+44 GBR
+1 USA
+61 AUS
+60 MYS
+971 ARE
+93 AFG
+355 ALB
+213 DZA
+1684 ASM
+376 AND
+244 AGO
+1264 AIA
+672 ATA
+1268 ATG
+54 ARG
+374 ARM
+297 ABW
+43 AUT
+994 AZE
+1242 BHS
+973 BHR
+880 BGD
+1246 BRB
+375 BLR
+32 BEL
+501 BLZ
+229 BEN
+1441 BMU
+975 BTN
+591 BOL
+387 BIH
+267 BWA
+55 BRA
+1284 VGB
+673 BRN
+359 BGR
+226 BFA
+95 MMR
+257 BDI
+855 KHM
+237 CMR
+1 CAN
+238 CPV
+1345 CYM
+236 CAF
+235 TCD
+56 CHL
+86 CHN
+61 CXR
+61 CCK
+57 COL
+269 COM
+682 COK
+506 CRC
+385 HRV
+357 CYP
+420 CZE
+243 COD
+45 DNK
+253 DJI
+1767 DMA
+1809 DOM
+593 ECU
+20 EGY
+503 SLV
+240 GNQ
+291 ERI
+372 EST
+251 ETH
+500 FLK
+298 FRO
+679 FJI
+358 FIN
+33 FRA
+689 PYF
+241 GAB
+220 GMB
+995 GEO
+49 DEU
+233 GHA
+350 GIB
+30 GRC
+299 GRL
+1473 GRD
+1671 GUM
+502 GTM
+224 GIN
+245 GNB
+592 GUY
+509 HTI
+39 VAT
+504 HND
+852 HKG
+36 HUN
+354 IS
+62 IDN
+964 IRQ
+353 IRL
+44 IMN
+972 ISR
+39 ITA
+225 CIV
+1876 JAM
+81 JPN
+962 JOR
+7 KAZ
+254 KEN
+686 KIR
+965 KWT
+996 KGZ
+856 LAO
+371 LVA
+961 LBN
+266 LSO
+231 LBR
+218 LBY
+423 LIE
+370 LTU
+352 LUX
+853 MAC
+389 MKD
+261 MDG
+265 MWI
+960 MDV
+223 MLI
+356 MLT
+692 MHL
+222 MRT
+230 MUS
+262 MYT
+52 MEX
+691 FSM
+373 MDA
+377 MCO
+976 MNG
+382 MNE
+1664 MSR
+212 MAR
+258 MOZ
+264 NAM
+674 NRU
+977 NPL
+31 NLD
+599 ANT
+687 NCL
+64 NZL
+505 NIC
+227 NER
+234 NGA
+683 NIU
+672 NFK
+1670 MNP
+47 NOR
+968 OMN
+92 PAK
+680 PLW
+507 PAN
+675 PNG
+595 PRY
+51 PER
+63 PHL
+870 PCN
+48 POL
+351 PRT
+1 PRI
+974 QAT
+242 COG
+40 ROU
+7 RUS
+250 RWA
+590 BLM
+290 SHN
+1869 KNA
+1758 LCA
+1599 MAF
+508 SPM
+1784 VCT
+685 WSM
+378 SMR
+239 STP
+966 SAU
+221 SEN
+381 SRB
+211 SSU
+248 SYC
+232 SLE
+65 SGP
+421 SVK
+386 SVN
+677 SLB
+252 SOM
+27 ZAF
+82 KOR
+34 ESP
+94 LKA
+597 SUR
+268 SWZ
+46 SWE
+41 CHE
+886 TWN
+992 TJK
+255 TZA
+66 THA
+670 TLS
+228 TGO
+690 TKL
+676 TON
+1868 TTO
+216 TUN
+90 TUR
+993 TKM
+1649 TCA
+688 TUV
+256 UGA
+598 URY
+1340 VIR
+998 UZB
+678 VUT
+58 VEN
+84 VNM
+681 WLF
+967 YEM
+260 ZMB
+263 ZWE
OPTIONAL INFORMATION
I am interested in site visits.
I agree to the Terms & Conditions and Privacy Policy
We do not spam− Details shared with selected advertisers only.Connect with us for better deals & offers.Your details are secure with us.
2026-05-19 10:56:14,182 - INFO - Rent Amount: Rs21,000
2026-05-20 11:23:59,324 - INFO - Clicking Buy Tab
2026-05-20 11:23:59,729 - INFO - Entering Location: Hyderabad
2026-05-20 11:24:04,266 - INFO - Clicking Search Button
2026-05-20 11:24:05,644 - INFO - Verifying Buy Search Results
2026-05-20 11:24:09,766 - INFO - Buy Results Heading: Property in Hyderabad for Sale
2026-05-20 11:24:16,300 - INFO - Buy Results Count: 35635
2026-05-20 11:24:16,301 - INFO - Clicking Ok Understood Popup
2026-05-20 11:24:27,003 - INFO - Applying 2 BHK Filter
2026-05-20 11:25:02,776 - INFO - Applying Residential Apartment Filter
2026-05-20 11:25:29,883 - INFO - Applying Ready To Move Filter
2026-05-20 11:25:55,441 - INFO - Applying Owner Filter
2026-05-20 11:26:20,668 - INFO - Applying Locality Filter
2026-05-20 11:26:52,262 - INFO - Locality Filter Applied: False
2026-05-20 11:26:52,265 - INFO - Applying RERA Approved Filter
2026-05-20 11:27:17,060 - INFO - RERA Approved Filter Applied: True
2026-05-20 11:27:17,061 - INFO - Verifying Filtered Buy Results
2026-05-20 11:28:07,411 - INFO - Filtered Buy Results Count: 3451
2026-05-20 11:28:07,411 - INFO - Selecting First Filtered Buy Result
2026-05-20 11:28:23,764 - INFO - Opened Buy Property Page URL: https://www.99acres.com/3-bhk-bedroom-independent-house-villa-for-sale-in-tara-nagar-hyderabad-225-sqft-r1-spid-H85982222
2026-05-20 11:28:24,303 - INFO - Switching To Buy Property Window
2026-05-20 11:28:31,670 - INFO - Clicking Shortlist
2026-05-20 11:28:45,705 - INFO - Opening Owner Details
2026-05-20 11:29:00,054 - INFO - Clicking View Phone Number
2026-05-20 11:29:13,287 - INFO - Verifying Contact Section
2026-05-20 11:29:16,197 - INFO - Buy Property Title: Buy
|
Post property
FREE

RERA STATUS
₹ 5 Cr
3Bedrooms 3Baths
Contact OwnerFREE
RERA STATUS NOT AVAILABLE Website: http://rerait.telangana.gov.in/
OverviewOwner DetailsRegistry RecordLocality ReviewsFeatured DealersRecommendations



Property sold out? Incorrect data?Report
Owner Details
Srikanth Makineni
Owner
Srikanth Makineni
Properties Listed:2Verified Properties:2
Localities : Serilingampally,Tara Nagar
Send enquiry to Owner
You are Individual Dealer
IND (+91)
GBR (+44)
USA (+1)
AUS (+61)
MYS (+60)
ARE (+971)
AFG (+93)
ALB (+355)
DZA (+213)
ASM (+1684)
AND (+376)
AGO (+244)
AIA (+1264)
ATA (+672)
ATG (+1268)
ARG (+54)
ARM (+374)
ABW (+297)
AUT (+43)
AZE (+994)
BHS (+1242)
BHR (+973)
BGD (+880)
BRB (+1246)
BLR (+375)
BEL (+32)
BLZ (+501)
BEN (+229)
BMU (+1441)
BTN (+975)
BOL (+591)
BIH (+387)
BWA (+267)
BRA (+55)
VGB (+1284)
BRN (+673)
BGR (+359)
BFA (+226)
MMR (+95)
BDI (+257)
KHM (+855)
CMR (+237)
CAN (+1)
CPV (+238)
CYM (+1345)
CAF (+236)
TCD (+235)
CHL (+56)
CHN (+86)
CXR (+61)
CCK (+61)
COL (+57)
COM (+269)
COK (+682)
CRC (+506)
HRV (+385)
CYP (+357)
CZE (+420)
COD (+243)
DNK (+45)
DJI (+253)
DMA (+1767)
DOM (+1809)
ECU (+593)
EGY (+20)
SLV (+503)
GNQ (+240)
ERI (+291)
EST (+372)
ETH (+251)
FLK (+500)
FRO (+298)
FJI (+679)
FIN (+358)
FRA (+33)
PYF (+689)
GAB (+241)
GMB (+220)
GEO (+995)
DEU (+49)
GHA (+233)
GIB (+350)
GRC (+30)
GRL (+299)
GRD (+1473)
GUM (+1671)
GTM (+502)
GIN (+224)
GNB (+245)
GUY (+592)
HTI (+509)
VAT (+39)
HND (+504)
HKG (+852)
HUN (+36)
IS (+354)
IDN (+62)
IRQ (+964)
IRL (+353)
IMN (+44)
ISR (+972)
ITA (+39)
CIV (+225)
JAM (+1876)
JPN (+81)
JOR (+962)
KAZ (+7)
KEN (+254)
KIR (+686)
KWT (+965)
KGZ (+996)
LAO (+856)
LVA (+371)
LBN (+961)
LSO (+266)
LBR (+231)
LBY (+218)
LIE (+423)
LTU (+370)
LUX (+352)
MAC (+853)
MKD (+389)
MDG (+261)
MWI (+265)
MDV (+960)
MLI (+223)
MLT (+356)
MHL (+692)
MRT (+222)
MUS (+230)
MYT (+262)
MEX (+52)
FSM (+691)
MDA (+373)
MCO (+377)
MNG (+976)
MNE (+382)
MSR (+1664)
MAR (+212)
MOZ (+258)
NAM (+264)
NRU (+674)
NPL (+977)
NLD (+31)
ANT (+599)
NCL (+687)
NZL (+64)
NIC (+505)
NER (+227)
NGA (+234)
NIU (+683)
NFK (+672)
MNP (+1670)
NOR (+47)
OMN (+968)
PAK (+92)
PLW (+680)
PAN (+507)
PNG (+675)
PRY (+595)
PER (+51)
PHL (+63)
PCN (+870)
POL (+48)
PRT (+351)
PRI (+1)
QAT (+974)
COG (+242)
ROU (+40)
RUS (+7)
RWA (+250)
BLM (+590)
SHN (+290)
KNA (+1869)
LCA (+1758)
MAF (+1599)
SPM (+508)
VCT (+1784)
WSM (+685)
SMR (+378)
STP (+239)
SAU (+966)
SEN (+221)
SRB (+381)
SSU (+211)
SYC (+248)
SLE (+232)
SGP (+65)
SVK (+421)
SVN (+386)
SLB (+677)
SOM (+252)
ZAF (+27)
KOR (+82)
ESP (+34)
LKA (+94)
SUR (+597)
SWZ (+268)
SWE (+46)
CHE (+41)
TWN (+886)
TJK (+992)
TZA (+255)
THA (+66)
TLS (+670)
TGO (+228)
TKL (+690)
TON (+676)
TTO (+1868)
TUN (+216)
TUR (+90)
TKM (+993)
TCA (+1649)
TUV (+688)
UGA (+256)
URY (+598)
VIR (+1340)
UZB (+998)
VUT (+678)
VEN (+58)
VNM (+84)
WLF (+681)
YEM (+967)
ZMB (+260)
ZWE (+263)
400 chars
I agree to the Terms & Conditions and Privacy Policy
Check prices in registry records
In Tara Nagar
3 recent transactions in this locality
Avg. transaction rates are Rs. 3757/sqft


You are requesting to view advertiser details.
POSTED BY OWNER:
+91 98***543**
SRIKANTH MAKINENI | SRIKANTH MAKINENI
POSTED ON MAY 02, 2026:
Rs5 Cr | Chanda Nagar, Tara Nagar
225 SQFT | 3 BEDROOMS INDEPENDENT HOUSE/VILLA
Please fill in your details to be shared with this advertiser only.
BASIC INFORMATION
Are you a property dealer Yes No
Name
Phone
What’s your phone Number?
+91 IND
+44 GBR
+1 USA
+61 AUS
+60 MYS
+971 ARE
+93 AFG
+355 ALB
+213 DZA
+1684 ASM
+376 AND
+244 AGO
+1264 AIA
+672 ATA
+1268 ATG
+54 ARG
+374 ARM
+297 ABW
+43 AUT
+994 AZE
+1242 BHS
+973 BHR
+880 BGD
+1246 BRB
+375 BLR
+32 BEL
+501 BLZ
+229 BEN
+1441 BMU
+975 BTN
+591 BOL
+387 BIH
+267 BWA
+55 BRA
+1284 VGB
+673 BRN
+359 BGR
+226 BFA
+95 MMR
+257 BDI
+855 KHM
+237 CMR
+1 CAN
+238 CPV
+1345 CYM
+236 CAF
+235 TCD
+56 CHL
+86 CHN
+61 CXR
+61 CCK
+57 COL
+269 COM
+682 COK
+506 CRC
+385 HRV
+357 CYP
+420 CZE
+243 COD
+45 DNK
+253 DJI
+1767 DMA
+1809 DOM
+593 ECU
+20 EGY
+503 SLV
+240 GNQ
+291 ERI
+372 EST
+251 ETH
+500 FLK
+298 FRO
+679 FJI
+358 FIN
+33 FRA
+689 PYF
+241 GAB
+220 GMB
+995 GEO
+49 DEU
+233 GHA
+350 GIB
+30 GRC
+299 GRL
+1473 GRD
+1671 GUM
+502 GTM
+224 GIN
+245 GNB
+592 GUY
+509 HTI
+39 VAT
+504 HND
+852 HKG
+36 HUN
+354 IS
+62 IDN
+964 IRQ
+353 IRL
+44 IMN
+972 ISR
+39 ITA
+225 CIV
+1876 JAM
+81 JPN
+962 JOR
+7 KAZ
+254 KEN
+686 KIR
+965 KWT
+996 KGZ
+856 LAO
+371 LVA
+961 LBN
+266 LSO
+231 LBR
+218 LBY
+423 LIE
+370 LTU
+352 LUX
+853 MAC
+389 MKD
+261 MDG
+265 MWI
+960 MDV
+223 MLI
+356 MLT
+692 MHL
+222 MRT
+230 MUS
+262 MYT
+52 MEX
+691 FSM
+373 MDA
+377 MCO
+976 MNG
+382 MNE
+1664 MSR
+212 MAR
+258 MOZ
+264 NAM
+674 NRU
+977 NPL
+31 NLD
+599 ANT
+687 NCL
+64 NZL
+505 NIC
+227 NER
+234 NGA
+683 NIU
+672 NFK
+1670 MNP
+47 NOR
+968 OMN
+92 PAK
+680 PLW
+507 PAN
+675 PNG
+595 PRY
+51 PER
+63 PHL
+870 PCN
+48 POL
+351 PRT
+1 PRI
+974 QAT
+242 COG
+40 ROU
+7 RUS
+250 RWA
+590 BLM
+290 SHN
+1869 KNA
+1758 LCA
+1599 MAF
+508 SPM
+1784 VCT
+685 WSM
+378 SMR
+239 STP
+966 SAU
+221 SEN
+381 SRB
+211 SSU
+248 SYC
+232 SLE
+65 SGP
+421 SVK
+386 SVN
+677 SLB
+252 SOM
+27 ZAF
+82 KOR
+34 ESP
+94 LKA
+597 SUR
+268 SWZ
+46 SWE
+41 CHE
+886 TWN
+992 TJK
+255 TZA
+66 THA
+670 TLS
+228 TGO
+690 TKL
+676 TON
+1868 TTO
+216 TUN
+90 TUR
+993 TKM
+1649 TCA
+688 TUV
+256 UGA
+598 URY
+1340 VIR
+998 UZB
+678 VUT
+58 VEN
+84 VNM
+681 WLF
+967 YEM
+260 ZMB
+263 ZWE
OPTIONAL INFORMATION
By when you are planning to buy the property?
3 months
6 months
More than 6 months
I am interested in home loan
I am interested in site visits.
I agree to the Terms & Conditions and Privacy Policy
We do not spam− Details shared with selected advertisers only.Connect with us for better deals & offers.Your details are secure with us.
Login / Register
Please enter your Phone Number
Phone Number
+91
+44
+1
+61
+60
+971
+93
+355
+213
+1684
+376
+244
+1264
+672
+1268
+54
+374
+297
+43
+994
+1242
+973
+880
+1246
+375
+32
+501
+229
+1441
+975
+591
+387
+267
+55
+1284
+673
+359
+226
+95
+257
+855
+237
+1
+238
+1345
+236
+235
+56
+86
+61
+61
+57
+269
+682
+506
+385
+357
+420
+243
+45
+253
+1767
+1809
+593
+20
+503
+240
+291
+372
+251
+500
+298
+679
+358
+33
+689
+241
+220
+995
+49
+233
+350
+30
+299
+1473
+1671
+502
+224
+245
+592
+509
+39
+504
+852
+36
+354
+62
+964
+353
+44
+972
+39
+225
+1876
+81
+962
+7
+254
+686
+965
+996
+856
+371
+961
+266
+231
+218
+423
+370
+352
+853
+389
+261
+265
+960
+223
+356
+692
+222
+230
+262
+52
+691
+373
+377
+976
+382
+1664
+212
+258
+264
+674
+977
+31
+599
+687
+64
+505
+227
+234
+683
+672
+1670
+47
+968
+92
+680
+507
+675
+595
+51
+63
+870
+48
+351
+1
+974
+242
+40
+7
+250
+590
+290
+1869
+1758
+1599
+508
+1784
+685
+378
+239
+966
+221
+381
+211
+248
+232
+65
+421
+386
+677
+252
+27
+82
+34
+94
+597
+268
+46
+41
+886
+992
+255
+66
+670
+228
+690
+676
+1868
+216
+90
+993
+1649
+688
+256
+598
+1340
+998
+678
+58
+84
+681
+967
+260
+263
Continue
Login with Email
By clicking you agree to
Terms and Conditions
2026-05-20 11:29:19,131 - INFO - Sale Price: ₹ 5 Cr
2026-05-20 11:29:36,224 - INFO - Clicking Rent Tab
2026-05-20 11:29:36,963 - INFO - Entering Location: Rent in Hyderabad
2026-05-20 11:29:40,225 - INFO - Clicking Search Button
2026-05-20 11:29:40,559 - INFO - Verifying Search Results
2026-05-20 11:29:40,560 - INFO - Waiting for Results Page
2026-05-20 11:29:44,967 - INFO - Results Heading: Property for Rent in Hyderabad
2026-05-20 11:42:24,379 - INFO - Clicking Buy Tab
2026-05-20 11:42:25,365 - INFO - Entering Location: Hyderabad
2026-05-20 11:42:31,389 - INFO - Clicking Search Button
2026-05-20 11:42:31,821 - INFO - Verifying Buy Search Results
2026-05-20 11:42:35,849 - INFO - Buy Results Heading: Property in Hyderabad for Sale
2026-05-20 11:42:42,626 - INFO - Buy Results Count: 35641
2026-05-20 11:42:42,627 - INFO - Clicking Ok Understood Popup
2026-05-20 11:42:49,412 - INFO - Applying 2 BHK Filter
2026-05-20 11:43:13,971 - INFO - Applying Residential Apartment Filter
2026-05-20 11:43:37,968 - INFO - Applying Ready To Move Filter
2026-05-20 11:44:01,242 - INFO - Applying Owner Filter
2026-05-20 11:44:25,217 - INFO - Applying Locality Filter
2026-05-20 11:44:55,664 - INFO - Locality Filter Applied: False
2026-05-20 11:44:55,665 - INFO - Applying RERA Approved Filter
2026-05-20 11:45:20,179 - INFO - RERA Approved Filter Applied: True
2026-05-20 11:45:20,180 - INFO - Verifying Filtered Buy Results
2026-05-20 11:46:06,479 - INFO - Filtered Buy Results Count: 3451
2026-05-20 11:46:06,487 - INFO - Selecting First Filtered Buy Result
2026-05-20 11:46:21,840 - INFO - Opened Buy Property Page URL: https://www.99acres.com/3-bhk-bedroom-independent-house-villa-for-sale-in-tara-nagar-hyderabad-225-sqft-r1-spid-H85982222
2026-05-20 11:46:22,373 - INFO - Switching To Buy Property Window
2026-05-20 11:46:29,379 - INFO - Clicking Shortlist
2026-05-20 11:46:43,402 - INFO - Opening Owner Details
2026-05-20 11:46:57,339 - INFO - Clicking View Phone Number
2026-05-20 11:47:10,731 - INFO - Verifying Contact Section
2026-05-20 11:47:14,606 - INFO - Buy Property Title: Buy
|
Post property
FREE

RERA STATUS
₹ 5 Cr
3Bedrooms 3Baths
Contact OwnerFREE
RERA STATUS NOT AVAILABLE Website: http://rerait.telangana.gov.in/
OverviewOwner DetailsRegistry RecordLocality ReviewsFeatured DealersRecommendations



Property sold out? Incorrect data?Report
Owner Details
Srikanth Makineni
Owner
Srikanth Makineni
Properties Listed:2Verified Properties:2
Localities : Serilingampally,Tara Nagar
Send enquiry to Owner
You are Individual Dealer
IND (+91)
GBR (+44)
USA (+1)
AUS (+61)
MYS (+60)
ARE (+971)
AFG (+93)
ALB (+355)
DZA (+213)
ASM (+1684)
AND (+376)
AGO (+244)
AIA (+1264)
ATA (+672)
ATG (+1268)
ARG (+54)
ARM (+374)
ABW (+297)
AUT (+43)
AZE (+994)
BHS (+1242)
BHR (+973)
BGD (+880)
BRB (+1246)
BLR (+375)
BEL (+32)
BLZ (+501)
BEN (+229)
BMU (+1441)
BTN (+975)
BOL (+591)
BIH (+387)
BWA (+267)
BRA (+55)
VGB (+1284)
BRN (+673)
BGR (+359)
BFA (+226)
MMR (+95)
BDI (+257)
KHM (+855)
CMR (+237)
CAN (+1)
CPV (+238)
CYM (+1345)
CAF (+236)
TCD (+235)
CHL (+56)
CHN (+86)
CXR (+61)
CCK (+61)
COL (+57)
COM (+269)
COK (+682)
CRC (+506)
HRV (+385)
CYP (+357)
CZE (+420)
COD (+243)
DNK (+45)
DJI (+253)
DMA (+1767)
DOM (+1809)
ECU (+593)
EGY (+20)
SLV (+503)
GNQ (+240)
ERI (+291)
EST (+372)
ETH (+251)
FLK (+500)
FRO (+298)
FJI (+679)
FIN (+358)
FRA (+33)
PYF (+689)
GAB (+241)
GMB (+220)
GEO (+995)
DEU (+49)
GHA (+233)
GIB (+350)
GRC (+30)
GRL (+299)
GRD (+1473)
GUM (+1671)
GTM (+502)
GIN (+224)
GNB (+245)
GUY (+592)
HTI (+509)
VAT (+39)
HND (+504)
HKG (+852)
HUN (+36)
IS (+354)
IDN (+62)
IRQ (+964)
IRL (+353)
IMN (+44)
ISR (+972)
ITA (+39)
CIV (+225)
JAM (+1876)
JPN (+81)
JOR (+962)
KAZ (+7)
KEN (+254)
KIR (+686)
KWT (+965)
KGZ (+996)
LAO (+856)
LVA (+371)
LBN (+961)
LSO (+266)
LBR (+231)
LBY (+218)
LIE (+423)
LTU (+370)
LUX (+352)
MAC (+853)
MKD (+389)
MDG (+261)
MWI (+265)
MDV (+960)
MLI (+223)
MLT (+356)
MHL (+692)
MRT (+222)
MUS (+230)
MYT (+262)
MEX (+52)
FSM (+691)
MDA (+373)
MCO (+377)
MNG (+976)
MNE (+382)
MSR (+1664)
MAR (+212)
MOZ (+258)
NAM (+264)
NRU (+674)
NPL (+977)
NLD (+31)
ANT (+599)
NCL (+687)
NZL (+64)
NIC (+505)
NER (+227)
NGA (+234)
NIU (+683)
NFK (+672)
MNP (+1670)
NOR (+47)
OMN (+968)
PAK (+92)
PLW (+680)
PAN (+507)
PNG (+675)
PRY (+595)
PER (+51)
PHL (+63)
PCN (+870)
POL (+48)
PRT (+351)
PRI (+1)
QAT (+974)
COG (+242)
ROU (+40)
RUS (+7)
RWA (+250)
BLM (+590)
SHN (+290)
KNA (+1869)
LCA (+1758)
MAF (+1599)
SPM (+508)
VCT (+1784)
WSM (+685)
SMR (+378)
STP (+239)
SAU (+966)
SEN (+221)
SRB (+381)
SSU (+211)
SYC (+248)
SLE (+232)
SGP (+65)
SVK (+421)
SVN (+386)
SLB (+677)
SOM (+252)
ZAF (+27)
KOR (+82)
ESP (+34)
LKA (+94)
SUR (+597)
SWZ (+268)
SWE (+46)
CHE (+41)
TWN (+886)
TJK (+992)
TZA (+255)
THA (+66)
TLS (+670)
TGO (+228)
TKL (+690)
TON (+676)
TTO (+1868)
TUN (+216)
TUR (+90)
TKM (+993)
TCA (+1649)
TUV (+688)
UGA (+256)
URY (+598)
VIR (+1340)
UZB (+998)
VUT (+678)
VEN (+58)
VNM (+84)
WLF (+681)
YEM (+967)
ZMB (+260)
ZWE (+263)
400 chars
I agree to the Terms & Conditions and Privacy Policy
Check prices in registry records
In Tara Nagar
3 recent transactions in this locality
Avg. transaction rates are Rs. 3757/sqft


You are requesting to view advertiser details.
POSTED BY OWNER:
+91 98***543**
SRIKANTH MAKINENI | SRIKANTH MAKINENI
POSTED ON MAY 02, 2026:
Rs5 Cr | Chanda Nagar, Tara Nagar
225 SQFT | 3 BEDROOMS INDEPENDENT HOUSE/VILLA
Please fill in your details to be shared with this advertiser only.
BASIC INFORMATION
Are you a property dealer Yes No
Name
Phone
That looks like an invalid phone number
+91 IND
+44 GBR
+1 USA
+61 AUS
+60 MYS
+971 ARE
+93 AFG
+355 ALB
+213 DZA
+1684 ASM
+376 AND
+244 AGO
+1264 AIA
+672 ATA
+1268 ATG
+54 ARG
+374 ARM
+297 ABW
+43 AUT
+994 AZE
+1242 BHS
+973 BHR
+880 BGD
+1246 BRB
+375 BLR
+32 BEL
+501 BLZ
+229 BEN
+1441 BMU
+975 BTN
+591 BOL
+387 BIH
+267 BWA
+55 BRA
+1284 VGB
+673 BRN
+359 BGR
+226 BFA
+95 MMR
+257 BDI
+855 KHM
+237 CMR
+1 CAN
+238 CPV
+1345 CYM
+236 CAF
+235 TCD
+56 CHL
+86 CHN
+61 CXR
+61 CCK
+57 COL
+269 COM
+682 COK
+506 CRC
+385 HRV
+357 CYP
+420 CZE
+243 COD
+45 DNK
+253 DJI
+1767 DMA
+1809 DOM
+593 ECU
+20 EGY
+503 SLV
+240 GNQ
+291 ERI
+372 EST
+251 ETH
+500 FLK
+298 FRO
+679 FJI
+358 FIN
+33 FRA
+689 PYF
+241 GAB
+220 GMB
+995 GEO
+49 DEU
+233 GHA
+350 GIB
+30 GRC
+299 GRL
+1473 GRD
+1671 GUM
+502 GTM
+224 GIN
+245 GNB
+592 GUY
+509 HTI
+39 VAT
+504 HND
+852 HKG
+36 HUN
+354 IS
+62 IDN
+964 IRQ
+353 IRL
+44 IMN
+972 ISR
+39 ITA
+225 CIV
+1876 JAM
+81 JPN
+962 JOR
+7 KAZ
+254 KEN
+686 KIR
+965 KWT
+996 KGZ
+856 LAO
+371 LVA
+961 LBN
+266 LSO
+231 LBR
+218 LBY
+423 LIE
+370 LTU
+352 LUX
+853 MAC
+389 MKD
+261 MDG
+265 MWI
+960 MDV
+223 MLI
+356 MLT
+692 MHL
+222 MRT
+230 MUS
+262 MYT
+52 MEX
+691 FSM
+373 MDA
+377 MCO
+976 MNG
+382 MNE
+1664 MSR
+212 MAR
+258 MOZ
+264 NAM
+674 NRU
+977 NPL
+31 NLD
+599 ANT
+687 NCL
+64 NZL
+505 NIC
+227 NER
+234 NGA
+683 NIU
+672 NFK
+1670 MNP
+47 NOR
+968 OMN
+92 PAK
+680 PLW
+507 PAN
+675 PNG
+595 PRY
+51 PER
+63 PHL
+870 PCN
+48 POL
+351 PRT
+1 PRI
+974 QAT
+242 COG
+40 ROU
+7 RUS
+250 RWA
+590 BLM
+290 SHN
+1869 KNA
+1758 LCA
+1599 MAF
+508 SPM
+1784 VCT
+685 WSM
+378 SMR
+239 STP
+966 SAU
+221 SEN
+381 SRB
+211 SSU
+248 SYC
+232 SLE
+65 SGP
+421 SVK
+386 SVN
+677 SLB
+252 SOM
+27 ZAF
+82 KOR
+34 ESP
+94 LKA
+597 SUR
+268 SWZ
+46 SWE
+41 CHE
+886 TWN
+992 TJK
+255 TZA
+66 THA
+670 TLS
+228 TGO
+690 TKL
+676 TON
+1868 TTO
+216 TUN
+90 TUR
+993 TKM
+1649 TCA
+688 TUV
+256 UGA
+598 URY
+1340 VIR
+998 UZB
+678 VUT
+58 VEN
+84 VNM
+681 WLF
+967 YEM
+260 ZMB
+263 ZWE
OPTIONAL INFORMATION
By when you are planning to buy the property?
3 months
6 months
More than 6 months
I am interested in home loan
I am interested in site visits.
I agree to the Terms & Conditions and Privacy Policy
We do not spam− Details shared with selected advertisers only.Connect with us for better deals & offers.Your details are secure with us.
Verify your number
+91-6397650133
Enter your 4 digit OTP
Haven't received yet?
Resend OTP
Verify & Continue
Or, Verify via Missed Call
2026-05-20 11:47:17,252 - INFO - Sale Price: ₹ 5 Cr
2026-05-20 11:47:29,251 - INFO - Clicking Rent Tab
2026-05-20 11:47:30,192 - INFO - Entering Location: Rent in Hyderabad
2026-05-20 11:47:33,809 - INFO - Clicking Search Button
2026-05-20 11:47:35,306 - INFO - Verifying Search Results
2026-05-20 11:47:35,307 - INFO - Waiting for Results Page
2026-05-20 11:50:55,611 - INFO - Clicking Buy Tab
2026-05-20 11:50:56,325 - INFO - Entering Location: Hyderabad
2026-05-20 11:50:58,531 - INFO - Clicking Search Button
2026-05-20 11:50:58,750 - INFO - Verifying Buy Search Results
2026-05-20 11:51:02,415 - INFO - Buy Results Heading: Property in Hyderabad for Sale
2026-05-20 11:51:07,617 - INFO - Buy Results Count: 35643
2026-05-20 11:51:07,617 - INFO - Clicking Ok Understood Popup
2026-05-20 11:51:14,167 - INFO - Applying 2 BHK Filter
2026-05-20 11:51:37,896 - INFO - Applying Residential Apartment Filter
2026-05-20 11:52:01,105 - INFO - Applying Ready To Move Filter
2026-05-20 11:52:26,171 - INFO - Clicking Rent Tab
2026-05-20 11:59:49,521 - INFO - Clicking Rent Tab
2026-05-20 11:59:52,186 - INFO - Entering Location: Rent in Hyderabad
2026-05-20 11:59:53,805 - INFO - Clicking Search Button
2026-05-20 11:59:53,894 - INFO - Verifying Search Results
2026-05-20 11:59:53,895 - INFO - Waiting for Results Page
2026-05-20 11:59:56,987 - INFO - Results Heading: Property for Rent in Hyderabad
2026-05-20 12:00:09,382 - INFO - Results Count: 10967
2026-05-20 12:00:09,382 - INFO - Clicking Ok Understood Popup
2026-05-20 12:00:19,149 - INFO - Applying 2 BHK Filter
2026-05-20 12:00:49,111 - INFO - Clicking Buy Tab
2026-05-20 12:00:49,679 - INFO - Entering Location: Hyderabad
2026-05-20 12:00:51,192 - INFO - Clicking Search Button
2026-05-20 12:00:51,323 - INFO - Verifying Buy Search Results
2026-05-20 12:00:54,703 - INFO - Buy Results Heading: Property in Hyderabad for Sale
2026-05-20 12:01:00,434 - INFO - Buy Results Count: 35644
2026-05-20 12:01:00,435 - INFO - Clicking Ok Understood Popup
2026-05-20 12:01:10,261 - INFO - Applying 2 BHK Filter
2026-05-20 12:01:34,121 - INFO - Applying Residential Apartment Filter
2026-05-20 12:01:57,308 - INFO - Applying Ready To Move Filter
2026-05-20 12:02:20,437 - INFO - Applying Owner Filter
2026-05-20 12:02:43,625 - INFO - Applying Locality Filter
2026-05-20 12:03:20,046 - INFO - Locality Filter Applied: False
2026-05-20 12:03:20,064 - INFO - Applying RERA Approved Filter
2026-05-20 12:03:47,616 - INFO - RERA Approved Filter Applied: True
2026-05-20 12:03:47,617 - INFO - Verifying Filtered Buy Results
2026-05-20 12:04:24,638 - INFO - Filtered Buy Results Count: 3451
2026-05-20 12:04:24,639 - INFO - Selecting First Filtered Buy Result
2026-05-20 12:04:38,482 - INFO - Opened Buy Property Page URL: https://www.99acres.com/3-bhk-bedroom-independent-house-villa-for-sale-in-tara-nagar-hyderabad-225-sqft-r1-spid-H85982222
2026-05-20 12:04:38,767 - INFO - Switching To Buy Property Window
2026-05-20 12:04:45,450 - INFO - Clicking Shortlist
2026-05-20 12:04:58,727 - INFO - Opening Owner Details
2026-05-20 12:05:11,466 - INFO - Clicking View Phone Number
2026-05-20 12:05:25,751 - INFO - Verifying Contact Section
2026-05-20 12:05:27,264 - INFO - Buy Property Title: Buy
|
Post property
FREE
V A

Home›Property in Hyderabad›House for sale in Hyderabad›House for sale in Chandanagar›House for sale in Tara Nagar›3 BHK House for sale in Tara Nagar
Posted on May 02, 2026 Ready to move
Verified
Platinum
₹ 5 Cr@ 2,22,222 per sqft
Estimated EMI ₹3,99,352
3Bedrooms 3Baths
Independent House/Villa for Sale
in Chanda Nagar, Tara Nagar, Tara Nagar, Chandanagar, Hyderabad
Shortlist
Property added to your shortlist
Contact OwnerFREE
RERA STATUS NOT AVAILABLE Website: http://rerait.telangana.gov.in/
OverviewOwner DetailsRegistry RecordLocality ReviewsFeatured DealersRecommendations
Videos (1)
Property (39)
2 people shortlisted this property since last week
Area
Plot area 225
(20.9 sq.m.)  
sqft
Configuration
3 Bedrooms , 3 Bathrooms, 3 Balconies
Price
₹ 5 Crore
@ 2,22,222 per sqft (Negotiable)
Address
Chanda Nagar, Tara Nagar
Tara Nagar, Chandanagar, Hyderabad
Total Floors
2 Floors
Facing
South
Property Age
10+ Year Old
Places nearby
View All (50)
Tara Nagar, Chandanagar, Hyderabad
KAIRA Dresses
ME2 Shoppee
Balaji dresses
Ganesh Mandir
Sri Potutuluri Veerabramendra Swami Temple
Hanuman Temple
Why you should consider this property?
Key Highlights
of the property
Private Garden
Parking Available
Vitrified Flooring
Semi-Furnished
Transaction Type:Resale
Property Ownership:Freehold
Flooring:VitrifiedFurnishing:SemifurnishedParking:1 OpenWater Source:Borewell/Tank
Power Backup:None
About Property
Address: Tara Nagar, Chandanagar, Hyderabad
An impeccable opportunity is here for those who are looking to own aesthetically designed independent villa in , lingampally, serilingampally, telangana which ensures a relaxed and comfortable stay. Being an independent villa it provides you a serene and tranquil environment with a modern setup. Thi...
More >>
Semifurnished
Furnishing Details
2 Wardrobe
Fan
Light
No AC
No Bed
No Chimney
No Dining Table
No Geyser
No Modular Kitchen
No Microwave
No Fridge
No Sofa
No Stove
No TV
No Washing Machine
No Water Purifier
Features
Private Garden / Terrace
Water Storage
Park
Property sold out? Incorrect data?Report
Owner Details
Srikanth Makineni
Owner
Srikanth Makineni
Properties Listed:2Verified Properties:2
Localities : Serilingampally,Tara Nagar
Send enquiry to Owner
You are Individual Dealer
IND (+91)
GBR (+44)
USA (+1)
AUS (+61)
MYS (+60)
ARE (+971)
AFG (+93)
ALB (+355)
DZA (+213)
ASM (+1684)
AND (+376)
AGO (+244)
AIA (+1264)
ATA (+672)
ATG (+1268)
ARG (+54)
ARM (+374)
ABW (+297)
AUT (+43)
AZE (+994)
BHS (+1242)
BHR (+973)
BGD (+880)
BRB (+1246)
BLR (+375)
BEL (+32)
BLZ (+501)
BEN (+229)
BMU (+1441)
BTN (+975)
BOL (+591)
BIH (+387)
BWA (+267)
BRA (+55)
VGB (+1284)
BRN (+673)
BGR (+359)
BFA (+226)
MMR (+95)
BDI (+257)
KHM (+855)
CMR (+237)
CAN (+1)
CPV (+238)
CYM (+1345)
CAF (+236)
TCD (+235)
CHL (+56)
CHN (+86)
CXR (+61)
CCK (+61)
COL (+57)
COM (+269)
COK (+682)
CRC (+506)
HRV (+385)
CYP (+357)
CZE (+420)
COD (+243)
DNK (+45)
DJI (+253)
DMA (+1767)
DOM (+1809)
ECU (+593)
EGY (+20)
SLV (+503)
GNQ (+240)
ERI (+291)
EST (+372)
ETH (+251)
FLK (+500)
FRO (+298)
FJI (+679)
FIN (+358)
FRA (+33)
PYF (+689)
GAB (+241)
GMB (+220)
GEO (+995)
DEU (+49)
GHA (+233)
GIB (+350)
GRC (+30)
GRL (+299)
GRD (+1473)
GUM (+1671)
GTM (+502)
GIN (+224)
GNB (+245)
GUY (+592)
HTI (+509)
VAT (+39)
HND (+504)
HKG (+852)
HUN (+36)
IS (+354)
IDN (+62)
IRQ (+964)
IRL (+353)
IMN (+44)
ISR (+972)
ITA (+39)
CIV (+225)
JAM (+1876)
JPN (+81)
JOR (+962)
KAZ (+7)
KEN (+254)
KIR (+686)
KWT (+965)
KGZ (+996)
LAO (+856)
LVA (+371)
LBN (+961)
LSO (+266)
LBR (+231)
LBY (+218)
LIE (+423)
LTU (+370)
LUX (+352)
MAC (+853)
MKD (+389)
MDG (+261)
MWI (+265)
MDV (+960)
MLI (+223)
MLT (+356)
MHL (+692)
MRT (+222)
MUS (+230)
MYT (+262)
MEX (+52)
FSM (+691)
MDA (+373)
MCO (+377)
MNG (+976)
MNE (+382)
MSR (+1664)
MAR (+212)
MOZ (+258)
NAM (+264)
NRU (+674)
NPL (+977)
NLD (+31)
ANT (+599)
NCL (+687)
NZL (+64)
NIC (+505)
NER (+227)
NGA (+234)
NIU (+683)
NFK (+672)
MNP (+1670)
NOR (+47)
OMN (+968)
PAK (+92)
PLW (+680)
PAN (+507)
PNG (+675)
PRY (+595)
PER (+51)
PHL (+63)
PCN (+870)
POL (+48)
PRT (+351)
PRI (+1)
QAT (+974)
COG (+242)
ROU (+40)
RUS (+7)
RWA (+250)
BLM (+590)
SHN (+290)
KNA (+1869)
LCA (+1758)
MAF (+1599)
SPM (+508)
VCT (+1784)
WSM (+685)
SMR (+378)
STP (+239)
SAU (+966)
SEN (+221)
SRB (+381)
SSU (+211)
SYC (+248)
SLE (+232)
SGP (+65)
SVK (+421)
SVN (+386)
SLB (+677)
SOM (+252)
ZAF (+27)
KOR (+82)
ESP (+34)
LKA (+94)
SUR (+597)
SWZ (+268)
SWE (+46)
CHE (+41)
TWN (+886)
TJK (+992)
TZA (+255)
THA (+66)
TLS (+670)
TGO (+228)
TKL (+690)
TON (+676)
TTO (+1868)
TUN (+216)
TUR (+90)
TKM (+993)
TCA (+1649)
TUV (+688)
UGA (+256)
URY (+598)
VIR (+1340)
UZB (+998)
VUT (+678)
VEN (+58)
VNM (+84)
WLF (+681)
YEM (+967)
ZMB (+260)
ZWE (+263)
400 chars
I agree to the Terms & Conditions and Privacy Policy
Check prices in registry records
In Tara Nagar
3 recent transactions in this locality
in last 3 years
Avg. transaction rates are Rs. 3757/sqft
Based on last 3 transactions
Transaction Details
Data Source : 
Telangana government
99acres.com has made available data related to registration through online ...more
Is this Helpful ?YesNo
View recent transactions
Locality Reviews
for Tara Nagar, Chandanagar, Hyderabad
Review your Society / Locality
3.7
/5
Average Rating
(4 Total Reviews)
5★
4★
3★
2★
1★
See how ratings are calculated
Ratings by features
Connectivity
3.7 out of 5
Lifestyle
3.8 out of 5
Safety
3.7 out of 5
Green Area
3.6 out of 5
Popular Mentions
100% Positive Mentions
Likes
Easy Cab/Auto Availability (3)
Good Public Transport (3)
Reviews by residents
View All
RecommendedNegative FirstWith PhotosRecent First
4.6
★
Sai Maruti Enclave
POSITIVES
 Markets are nearby to buy groceries and essential items. There is a playground nearby where children can play in their free time. There are excellent schools n...Show More
NEGATIVES
In some areas, roads cause disturbances. Air pollution is prevalent and unsatisfactory. Some restaurants lack hygienic food, which can lead to health issues. Th...Show More
C
Chandu
Tenant (living since 1Y) | 1Y ago
4.7
★
POSITIVES
It is one of the most preferred place among all the places located in our surroundings due to the presence of the best facilities here. So many schools are loca...Show More
NEGATIVES
Most of the buses is overcrowded, and we find it difficult to find a proper seat to sit and travel. Sometimes, we also notice the pollution in our surroundings.
S
Shashank
Owner (living since 3+Y) | 1Y ago
3.7
★
Kanukunta
POSITIVES
Cabs Ola Uber, Rapido cab service is very fast, good hospital and medical service nearby available, Road quality is well maintained, water supply service is so ...Show More
NEGATIVES
Good schools and colleges are not available for students, parks and garden maintenance is poor, metro station connectivity is not available in this area, street...Show More
S
Sarita
Former Resident (lived for 3+Y) | 1Y ago
Read All
4 Reviews
Is this helpful?YesNo
Review your Society / Locality
Reach out to Featured Dealers
who are popular amongst Residential Buyers
View all
Helpful to 100% buyers
SAI PROPERTY CONSULTANTS
Sai Property Consultants
Member Since Oct, 2016
NEW SALE
Contact Dealer
2 Matching Properties
FRANCH REALTY
Franch Realty
Member Since May, 2024
RESALE
Contact Dealer
2 Matching Properties
1 Verified by 99acres
ASSETNX INDIA PRIVATE LIMITED
ASSETNX INDIA PRIVATE LIMITED
Member Since Mar, 2022
RESALE
Contact Dealer
5 Matching Properties
2 Verified by 99acres
NAGESH GARIKA
Nagesh Garka
Member Since Mar, 2021
RESALE
Contact Dealer
2 Matching Properties
1 Verified by 99acres
INDIASSETZ INFRA SERVICES PRIVATE LIMITED
INDIASSETZ INFRA SERVICES PRIVATE LIMITED
Member Since Feb, 2022
RESALE
Contact Dealer
1 Matching Property
More dealers who can help you...
Disha Properties
Disha Properties
Ranjith Realtors
Ranjith Realtors
Mr Laxmikanth
Lakshmikanth
R Nagarjuna
Landlord Sales
Yasaswi Yasaswi
PropAxis
Similar Properties
Verified
Mrinalini Gandhi (Owner) 14th Jan, 2026
₹ 5.5 Cr, 5 BHK
Aakriti Arv Viva
Tellapur, Hyderabad
Enquire Now
Balraj (Owner) 26th Jan, 2026
₹ 4.3 Cr, 4 BHK
KSR Layout, Miyapur
Enquire Now
Verified
Kudipudi Vijay kumar (Dealer) Yesterday
₹ 4.3 Cr, 5 BHK
Ksr Enclave, Chandanagar
Chandanagar, Hyderabad
Enquire Now
Anil Naik (Owner) 14th Oct, 2025
₹ 4 Cr, 2 BHK
Adarsh Nagar, Lingampally, Serilingampally, Hyderabad
Enquire Now
gp keshav (Owner) 18th Dec, 2025
₹ 4.1 Cr, 4 BHK
Madinaguda, Hafeezpet, Hyderabad
Enquire Now
Anna New (Owner) 02nd Dec, 2025
₹ 3.85 Cr, 3 BHK
Deepthi Sri Nagar Colony, Miyapur
Enquire Now
Reema Sarin (Owner) 31st Mar, 2026
₹ 4.75 Cr, 4 BHK
Beeramguda, Hyderabad
Enquire Now
Chandra Shekar (Owner) 09th May, 2026
₹ 4.25 Cr, 3 BHK
HIG, BHEL, Hyderabad
Enquire Now
Chinna Cheemal (Owner) 07th May, 2026
₹ 4 Cr, 2 BHK
Gangaram , Chandanagar, Hyderabad
Enquire Now
Geetha (Owner) 24th Mar, 2026
₹ 3.6 Cr, 4 BHK
Praneeth Pranav Panorama
Ramachandrapuram, Old Mumbai Highway
Enquire Now
>
Newly launched projects
Bigger home in the same budget
Less upfront payment
Preferred units at zero brokerage
Limited launch offers available
NEW ARRIVAL
RERA
The Cascades Neopolis
Neopolis, Hyderabad
₹3.5 - 5.01 Cr
|
3, 4 BHK Apartment
Completion in Mar, 2030
Get preferred options @zero brokerage
View Number
NEW LAUNCH
RERA
Fiora By Yashoda
Tukkuguda, Hyderabad
₹4.48 - 5.36 Cr
|
4 BHK Villa
17.6% price increase in last 1 year in 
Get preferred options @zero brokerage
View Number
NEW LAUNCH
RERA
Aurum by Sree Varaaha
Financial District, Hyderabad
₹3.21 - 10.6 Cr
|
4 BHK Apartment
20.0% price increase in last 3 years in 
Get preferred options @zero brokerage
View Number
Interesting Reads
Read realty news, guides & articles
Akshita Infra: A legacy of excellence
Apr 17, 2026
ASBL Landmark unveils final tower launch
Oct 08, 2025
Top reasons to buy a home in Vertex Florenza
Dec 29, 2025
Top reasons to invest in North Hyderabad
Feb 28, 2026
Related to your search
About Tara Nagar
Tara Nagar Hyderabad Overview
Reviews of Tara Nagar Hyderabad
Tara Nagar & nearby listings
Buy 3 BHK Semi furnished House/Villa in Tara Nagar for 5 Cr
Property Options in Tara Nagar
House for sale in Tara Nagar by owner
Verified House for sale in Tara Nagar
Resale House for sale in Tara Nagar
View 3 More
Links
Mobile Apps
Our Services
Price Trends
Post your Property
Real Estate Investments
Builders in India
Area Converter
Articles
Rent Receipt
Customer Service
Sitemap
Company
About us
Contact us
Careers with us
Terms & Conditions
Request Info
Feedback
Report a problem
Testimonials
Privacy Policy
Summons/Notices
Grievances
Safety Guide
Our Partners
Naukri.com - Jobs in India
Naukrigulf.com - Jobs in middle east
Jeevansathi.com - Matrimonials
Brijj.com - Professional Networking
Shiksha.com - Education Career Info
Policybazaar.com - Insurance India
PaisaBazaar.com
AmbitionBox.com
FirstNaukri.com - A jobsite for campus hiring
Jobhai.com – Find Jobs Near You
Techminis.com - Tech news on the go
CONTACT US
Toll Free 1800 41 99099
Monday - Sunday (9:30AM to 06:30PM IST)
Email: feedback@99acres.com
CONNECT WITH US
* India's leading Property Portal. Source: Alexa.com
# Free Listings are available only for Owners
MOBILE APP
Usage of 99acres.com to upload content which enables targeting by religion/community/caste/race is prohibited. Please report inappropriate content by writing to us at report abuse
All right reserved - Info Edge (India) Ltd. A group venture
You are requesting to view advertiser details.
POSTED BY OWNER:
+56-8062171126, ownerverifiedp12818753@99acres.com
SRIKANTH MAKINENI | SRIKANTH MAKINENI
Was your call with owner helpful?YesNoDidn't pickup
POSTED ON MAY 02, 2026:
Rs5 Cr | Chanda Nagar, Tara Nagar
225 SQFT | 3 BEDROOMS INDEPENDENT HOUSE/VILLA
Your reason to buy isInvestmentSelf Use
Similar Properties
Suresh (Owner) 04th Nov, 2025
₹ 4.1 Cr, 3 BHK
Rudhra Royal Village
Nizampet, Hyderabad
Enquire Now
Chinna Cheemal (Owner) 07th May, 2026
₹ 4 Cr, 2 BHK
Gangaram , Chandanagar, Hyderabad
Enquire Now
We do not spam− Details shared with selected advertisers only.Connect with us for better deals & offers.Your details are secure with us.
2026-05-20 12:05:28,237 - INFO - Sale Price: ₹ 5 Cr
2026-05-20 12:05:39,456 - INFO - Clicking Rent Tab
2026-05-20 12:05:40,265 - INFO - Entering Location: Rent in Hyderabad
2026-05-20 12:05:43,542 - INFO - Clicking Search Button
2026-05-20 12:14:04,020 - INFO - Clicking Buy Tab
2026-05-20 12:14:04,973 - INFO - Entering Location: Hyderabad
2026-05-20 12:14:07,464 - INFO - Clicking Search Button
2026-05-20 12:14:07,899 - INFO - Verifying Buy Search Results
2026-05-20 12:15:34,048 - INFO - Clicking Buy Tab
2026-05-20 12:15:34,567 - INFO - Entering Location: Hyderabad
2026-05-20 12:15:36,094 - INFO - Clicking Search Button
2026-05-20 12:15:36,193 - INFO - Verifying Buy Search Results
2026-05-20 12:15:38,883 - INFO - Buy Results Heading: Property in Hyderabad for Sale
2026-05-20 12:15:44,325 - INFO - Buy Results Count: 35651
2026-05-20 12:15:44,331 - INFO - Clicking Ok Understood Popup
2026-05-20 12:17:47,429 - INFO - Clicking Buy Tab
2026-05-20 12:17:48,052 - INFO - Entering Location: Hyderabad
2026-05-20 12:17:49,814 - INFO - Clicking Search Button
2026-05-20 12:17:49,940 - INFO - Verifying Buy Search Results
2026-05-20 12:17:52,439 - INFO - Buy Results Heading: Property in Hyderabad for Sale
2026-05-20 12:17:55,830 - INFO - Buy Results Count: 35652
2026-05-20 12:17:55,830 - INFO - Clicking Ok Understood Popup
2026-05-20 12:34:08,975 - INFO - Clicking Buy Tab
2026-05-20 12:34:11,029 - INFO - Entering Location: Hyderabad
2026-05-20 12:34:12,581 - INFO - Clicking Search Button
2026-05-20 12:34:12,661 - INFO - Verifying Buy Search Results
2026-05-20 12:34:15,293 - INFO - Buy Results Heading: Property in Hyderabad for Sale
2026-05-20 12:34:17,716 - INFO - Buy Results Count: 35657
2026-05-20 12:34:17,716 - INFO - Clicking Ok Understood Popup
2026-05-20 12:34:42,447 - INFO - Clicking Buy Tab
2026-05-20 12:34:42,897 - INFO - Entering Location: Hyderabad
2026-05-20 12:34:44,092 - INFO - Clicking Search Button
2026-05-20 12:34:44,141 - INFO - Verifying Buy Search Results
2026-05-20 12:34:47,294 - INFO - Buy Results Heading: Property in Hyderabad for Sale
2026-05-20 12:34:51,496 - INFO - Buy Results Count: 35656
2026-05-20 12:34:51,509 - INFO - Clicking Ok Understood Popup
2026-05-20 12:34:58,577 - INFO - Clicking Rent Tab
2026-05-20 12:35:00,448 - INFO - Entering Location: Rent in Hyderabad
2026-05-20 12:35:01,764 - INFO - Clicking Search Button
2026-05-20 12:35:01,865 - INFO - Verifying Search Results
2026-05-20 12:35:01,865 - INFO - Waiting for Results Page
2026-05-20 12:35:04,433 - INFO - Results Heading: Property for Rent in Hyderabad
2026-05-20 12:35:20,185 - INFO - Results Count: 10965
2026-05-20 12:35:20,186 - INFO - Clicking Ok Understood Popup
2026-05-20 12:35:20,548 - INFO - Applying 2 BHK Filter
2026-05-20 12:35:32,133 - INFO - Applying Locality Filter
2026-05-20 12:35:58,879 - INFO - Locality Filter Applied: False
2026-05-20 12:35:58,879 - INFO - Applying Independent House Filter
2026-05-20 12:36:00,066 - INFO - Applying Owner Filter
2026-05-20 12:36:14,445 - INFO - Verifying Filtered Results
2026-05-20 12:36:26,090 - INFO - Filtered Results Count: 2263
2026-05-20 12:36:26,090 - INFO - Selecting First Filtered Result
2026-05-20 12:36:33,317 - INFO - Opened Property Page URL: https://www.99acres.com/2-bhk-bedroom-independent-house-villa-for-rent-in-jp-colony-patancheru-hyderabad-1200-sqft-spid-D91127374
2026-05-20 12:36:33,565 - INFO - Switching To Property Window
2026-05-20 12:36:40,048 - INFO - Clicking Shortlist
2026-05-20 12:36:53,092 - INFO - Opening Owner Details
2026-05-20 12:37:06,933 - INFO - Clicking View Phone Number
2026-05-20 12:37:19,762 - INFO - Verifying Contact Section
2026-05-20 12:37:20,474 - INFO - Property Title: Rent
|
Post property
FREE

RERA STATUS
₹ 21,000
2Bedrooms 2Baths
Contact OwnerFREE
RERA STATUS NOT AVAILABLE Website: http://rerait.telangana.gov.in/
OverviewOwner DetailsFeatured DealersRecommendations
₹


Property rented out? Incorrect data?Report
Owner Details
Krishna
Owner
Krishna
Properties Listed:1Verified Properties:1
Localities : JP Colony,Patancheru
Send enquiry to Owner
You are Individual Dealer
IND (+91)
GBR (+44)
USA (+1)
AUS (+61)
MYS (+60)
ARE (+971)
AFG (+93)
ALB (+355)
DZA (+213)
ASM (+1684)
AND (+376)
AGO (+244)
AIA (+1264)
ATA (+672)
ATG (+1268)
ARG (+54)
ARM (+374)
ABW (+297)
AUT (+43)
AZE (+994)
BHS (+1242)
BHR (+973)
BGD (+880)
BRB (+1246)
BLR (+375)
BEL (+32)
BLZ (+501)
BEN (+229)
BMU (+1441)
BTN (+975)
BOL (+591)
BIH (+387)
BWA (+267)
BRA (+55)
VGB (+1284)
BRN (+673)
BGR (+359)
BFA (+226)
MMR (+95)
BDI (+257)
KHM (+855)
CMR (+237)
CAN (+1)
CPV (+238)
CYM (+1345)
CAF (+236)
TCD (+235)
CHL (+56)
CHN (+86)
CXR (+61)
CCK (+61)
COL (+57)
COM (+269)
COK (+682)
CRC (+506)
HRV (+385)
CYP (+357)
CZE (+420)
COD (+243)
DNK (+45)
DJI (+253)
DMA (+1767)
DOM (+1809)
ECU (+593)
EGY (+20)
SLV (+503)
GNQ (+240)
ERI (+291)
EST (+372)
ETH (+251)
FLK (+500)
FRO (+298)
FJI (+679)
FIN (+358)
FRA (+33)
PYF (+689)
GAB (+241)
GMB (+220)
GEO (+995)
DEU (+49)
GHA (+233)
GIB (+350)
GRC (+30)
GRL (+299)
GRD (+1473)
GUM (+1671)
GTM (+502)
GIN (+224)
GNB (+245)
GUY (+592)
HTI (+509)
VAT (+39)
HND (+504)
HKG (+852)
HUN (+36)
IS (+354)
IDN (+62)
IRQ (+964)
IRL (+353)
IMN (+44)
ISR (+972)
ITA (+39)
CIV (+225)
JAM (+1876)
JPN (+81)
JOR (+962)
KAZ (+7)
KEN (+254)
KIR (+686)
KWT (+965)
KGZ (+996)
LAO (+856)
LVA (+371)
LBN (+961)
LSO (+266)
LBR (+231)
LBY (+218)
LIE (+423)
LTU (+370)
LUX (+352)
MAC (+853)
MKD (+389)
MDG (+261)
MWI (+265)
MDV (+960)
MLI (+223)
MLT (+356)
MHL (+692)
MRT (+222)
MUS (+230)
MYT (+262)
MEX (+52)
FSM (+691)
MDA (+373)
MCO (+377)
MNG (+976)
MNE (+382)
MSR (+1664)
MAR (+212)
MOZ (+258)
NAM (+264)
NRU (+674)
NPL (+977)
NLD (+31)
ANT (+599)
NCL (+687)
NZL (+64)
NIC (+505)
NER (+227)
NGA (+234)
NIU (+683)
NFK (+672)
MNP (+1670)
NOR (+47)
OMN (+968)
PAK (+92)
PLW (+680)
PAN (+507)
PNG (+675)
PRY (+595)
PER (+51)
PHL (+63)
PCN (+870)
POL (+48)
PRT (+351)
PRI (+1)
QAT (+974)
COG (+242)
ROU (+40)
RUS (+7)
RWA (+250)
BLM (+590)
SHN (+290)
KNA (+1869)
LCA (+1758)
MAF (+1599)
SPM (+508)
VCT (+1784)
WSM (+685)
SMR (+378)
STP (+239)
SAU (+966)
SEN (+221)
SRB (+381)
SSU (+211)
SYC (+248)
SLE (+232)
SGP (+65)
SVK (+421)
SVN (+386)
SLB (+677)
SOM (+252)
ZAF (+27)
KOR (+82)
ESP (+34)
LKA (+94)
SUR (+597)
SWZ (+268)
SWE (+46)
CHE (+41)
TWN (+886)
TJK (+992)
TZA (+255)
THA (+66)
TLS (+670)
TGO (+228)
TKL (+690)
TON (+676)
TTO (+1868)
TUN (+216)
TUR (+90)
TKM (+993)
TCA (+1649)
TUV (+688)
UGA (+256)
URY (+598)
VIR (+1340)
UZB (+998)
VUT (+678)
VEN (+58)
VNM (+84)
WLF (+681)
YEM (+967)
ZMB (+260)
ZWE (+263)
400 chars
I agree to the Terms & Conditions and Privacy Policy
Reach out to Featured Dealers
who are popular amongst Residential Tenants
View all


You are requesting to view advertiser details.
POSTED BY OWNER:
+91 98***543**
KRISHNA | KRISHNA
POSTED ON MAY 18, 2026:
Rs21,000 |
100 SQFT | 2 BEDROOMS INDEPENDENT HOUSE/VILLA
Please fill in your details to be shared with this advertiser only.
BASIC INFORMATION
Are you a property dealer Yes No
Name
Phone
This number would be verified
+91 IND
+44 GBR
+1 USA
+61 AUS
+60 MYS
+971 ARE
+93 AFG
+355 ALB
+213 DZA
+1684 ASM
+376 AND
+244 AGO
+1264 AIA
+672 ATA
+1268 ATG
+54 ARG
+374 ARM
+297 ABW
+43 AUT
+994 AZE
+1242 BHS
+973 BHR
+880 BGD
+1246 BRB
+375 BLR
+32 BEL
+501 BLZ
+229 BEN
+1441 BMU
+975 BTN
+591 BOL
+387 BIH
+267 BWA
+55 BRA
+1284 VGB
+673 BRN
+359 BGR
+226 BFA
+95 MMR
+257 BDI
+855 KHM
+237 CMR
+1 CAN
+238 CPV
+1345 CYM
+236 CAF
+235 TCD
+56 CHL
+86 CHN
+61 CXR
+61 CCK
+57 COL
+269 COM
+682 COK
+506 CRC
+385 HRV
+357 CYP
+420 CZE
+243 COD
+45 DNK
+253 DJI
+1767 DMA
+1809 DOM
+593 ECU
+20 EGY
+503 SLV
+240 GNQ
+291 ERI
+372 EST
+251 ETH
+500 FLK
+298 FRO
+679 FJI
+358 FIN
+33 FRA
+689 PYF
+241 GAB
+220 GMB
+995 GEO
+49 DEU
+233 GHA
+350 GIB
+30 GRC
+299 GRL
+1473 GRD
+1671 GUM
+502 GTM
+224 GIN
+245 GNB
+592 GUY
+509 HTI
+39 VAT
+504 HND
+852 HKG
+36 HUN
+354 IS
+62 IDN
+964 IRQ
+353 IRL
+44 IMN
+972 ISR
+39 ITA
+225 CIV
+1876 JAM
+81 JPN
+962 JOR
+7 KAZ
+254 KEN
+686 KIR
+965 KWT
+996 KGZ
+856 LAO
+371 LVA
+961 LBN
+266 LSO
+231 LBR
+218 LBY
+423 LIE
+370 LTU
+352 LUX
+853 MAC
+389 MKD
+261 MDG
+265 MWI
+960 MDV
+223 MLI
+356 MLT
+692 MHL
+222 MRT
+230 MUS
+262 MYT
+52 MEX
+691 FSM
+373 MDA
+377 MCO
+976 MNG
+382 MNE
+1664 MSR
+212 MAR
+258 MOZ
+264 NAM
+674 NRU
+977 NPL
+31 NLD
+599 ANT
+687 NCL
+64 NZL
+505 NIC
+227 NER
+234 NGA
+683 NIU
+672 NFK
+1670 MNP
+47 NOR
+968 OMN
+92 PAK
+680 PLW
+507 PAN
+675 PNG
+595 PRY
+51 PER
+63 PHL
+870 PCN
+48 POL
+351 PRT
+1 PRI
+974 QAT
+242 COG
+40 ROU
+7 RUS
+250 RWA
+590 BLM
+290 SHN
+1869 KNA
+1758 LCA
+1599 MAF
+508 SPM
+1784 VCT
+685 WSM
+378 SMR
+239 STP
+966 SAU
+221 SEN
+381 SRB
+211 SSU
+248 SYC
+232 SLE
+65 SGP
+421 SVK
+386 SVN
+677 SLB
+252 SOM
+27 ZAF
+82 KOR
+34 ESP
+94 LKA
+597 SUR
+268 SWZ
+46 SWE
+41 CHE
+886 TWN
+992 TJK
+255 TZA
+66 THA
+670 TLS
+228 TGO
+690 TKL
+676 TON
+1868 TTO
+216 TUN
+90 TUR
+993 TKM
+1649 TCA
+688 TUV
+256 UGA
+598 URY
+1340 VIR
+998 UZB
+678 VUT
+58 VEN
+84 VNM
+681 WLF
+967 YEM
+260 ZMB
+263 ZWE
OPTIONAL INFORMATION
I am interested in site visits.
I agree to the Terms & Conditions and Privacy Policy
We do not spam− Details shared with selected advertisers only.Connect with us for better deals & offers.Your details are secure with us.
Login / Register
Please enter your Phone Number
Phone Number
Continue
Login with Email
By clicking you agree to
Terms and Conditions
2026-05-20 12:37:21,096 - INFO - Rent Amount: Rs21,000
2026-05-20 12:48:06,701 - INFO - Clicking Buy Tab
2026-05-20 12:48:07,143 - INFO - Entering Location: Hyderabad
2026-05-20 12:48:08,705 - INFO - Clicking Search Button
2026-05-20 12:48:08,775 - INFO - Verifying Buy Search Results
2026-05-20 12:48:12,230 - INFO - Buy Results Heading: Property in Hyderabad for Sale
2026-05-20 12:48:16,652 - INFO - Buy Results Count: 35663
2026-05-20 12:48:16,653 - INFO - Clicking Ok Understood Popup
2026-05-20 12:48:26,793 - INFO - Applying 2 BHK Filter
2026-05-20 12:48:50,400 - INFO - Applying Residential Apartment Filter
2026-05-20 12:49:14,095 - INFO - Applying Ready To Move Filter
2026-05-20 12:49:37,269 - INFO - Applying Owner Filter
2026-05-20 12:50:00,879 - INFO - Applying Locality Filter
2026-05-20 12:50:25,181 - INFO - Locality Filter Applied: False
2026-05-20 12:50:25,182 - INFO - Applying RERA Approved Filter
2026-05-20 12:50:48,620 - INFO - RERA Approved Filter Applied: True
2026-05-20 12:50:48,621 - INFO - Verifying Filtered Buy Results
2026-05-20 12:51:32,875 - INFO - Filtered Buy Results Count: 3450
2026-05-20 12:51:32,876 - INFO - Selecting First Filtered Buy Result
2026-05-20 12:51:46,710 - INFO - Opened Buy Property Page URL: https://www.99acres.com/3-bhk-bedroom-independent-house-villa-for-sale-in-tara-nagar-hyderabad-225-sqft-r1-spid-H85982222
2026-05-20 12:51:47,017 - INFO - Switching To Buy Property Window
2026-05-20 12:51:53,569 - INFO - Clicking Shortlist
2026-05-20 12:52:07,423 - INFO - Opening Owner Details
2026-05-20 12:52:24,260 - INFO - Clicking View Phone Number
2026-05-20 12:52:38,250 - INFO - Verifying Contact Section
2026-05-20 12:52:40,564 - INFO - Buy Property Title: Buy
|
Post property
FREE

RERA STATUS
₹ 5 Cr
3Bedrooms 3Baths
Contact OwnerFREE
RERA STATUS NOT AVAILABLE Website: http://rerait.telangana.gov.in/
OverviewOwner DetailsRegistry RecordLocality ReviewsFeatured DealersRecommendations



Property sold out? Incorrect data?Report
Owner Details
Srikanth Makineni
Owner
Srikanth Makineni
Properties Listed:2Verified Properties:2
Localities : Serilingampally,Tara Nagar
Send enquiry to Owner
You are Individual Dealer
IND (+91)
GBR (+44)
USA (+1)
AUS (+61)
MYS (+60)
ARE (+971)
AFG (+93)
ALB (+355)
DZA (+213)
ASM (+1684)
AND (+376)
AGO (+244)
AIA (+1264)
ATA (+672)
ATG (+1268)
ARG (+54)
ARM (+374)
ABW (+297)
AUT (+43)
AZE (+994)
BHS (+1242)
BHR (+973)
BGD (+880)
BRB (+1246)
BLR (+375)
BEL (+32)
BLZ (+501)
BEN (+229)
BMU (+1441)
BTN (+975)
BOL (+591)
BIH (+387)
BWA (+267)
BRA (+55)
VGB (+1284)
BRN (+673)
BGR (+359)
BFA (+226)
MMR (+95)
BDI (+257)
KHM (+855)
CMR (+237)
CAN (+1)
CPV (+238)
CYM (+1345)
CAF (+236)
TCD (+235)
CHL (+56)
CHN (+86)
CXR (+61)
CCK (+61)
COL (+57)
COM (+269)
COK (+682)
CRC (+506)
HRV (+385)
CYP (+357)
CZE (+420)
COD (+243)
DNK (+45)
DJI (+253)
DMA (+1767)
DOM (+1809)
ECU (+593)
EGY (+20)
SLV (+503)
GNQ (+240)
ERI (+291)
EST (+372)
ETH (+251)
FLK (+500)
FRO (+298)
FJI (+679)
FIN (+358)
FRA (+33)
PYF (+689)
GAB (+241)
GMB (+220)
GEO (+995)
DEU (+49)
GHA (+233)
GIB (+350)
GRC (+30)
GRL (+299)
GRD (+1473)
GUM (+1671)
GTM (+502)
GIN (+224)
GNB (+245)
GUY (+592)
HTI (+509)
VAT (+39)
HND (+504)
HKG (+852)
HUN (+36)
IS (+354)
IDN (+62)
IRQ (+964)
IRL (+353)
IMN (+44)
ISR (+972)
ITA (+39)
CIV (+225)
JAM (+1876)
JPN (+81)
JOR (+962)
KAZ (+7)
KEN (+254)
KIR (+686)
KWT (+965)
KGZ (+996)
LAO (+856)
LVA (+371)
LBN (+961)
LSO (+266)
LBR (+231)
LBY (+218)
LIE (+423)
LTU (+370)
LUX (+352)
MAC (+853)
MKD (+389)
MDG (+261)
MWI (+265)
MDV (+960)
MLI (+223)
MLT (+356)
MHL (+692)
MRT (+222)
MUS (+230)
MYT (+262)
MEX (+52)
FSM (+691)
MDA (+373)
MCO (+377)
MNG (+976)
MNE (+382)
MSR (+1664)
MAR (+212)
MOZ (+258)
NAM (+264)
NRU (+674)
NPL (+977)
NLD (+31)
ANT (+599)
NCL (+687)
NZL (+64)
NIC (+505)
NER (+227)
NGA (+234)
NIU (+683)
NFK (+672)
MNP (+1670)
NOR (+47)
OMN (+968)
PAK (+92)
PLW (+680)
PAN (+507)
PNG (+675)
PRY (+595)
PER (+51)
PHL (+63)
PCN (+870)
POL (+48)
PRT (+351)
PRI (+1)
QAT (+974)
COG (+242)
ROU (+40)
RUS (+7)
RWA (+250)
BLM (+590)
SHN (+290)
KNA (+1869)
LCA (+1758)
MAF (+1599)
SPM (+508)
VCT (+1784)
WSM (+685)
SMR (+378)
STP (+239)
SAU (+966)
SEN (+221)
SRB (+381)
SSU (+211)
SYC (+248)
SLE (+232)
SGP (+65)
SVK (+421)
SVN (+386)
SLB (+677)
SOM (+252)
ZAF (+27)
KOR (+82)
ESP (+34)
LKA (+94)
SUR (+597)
SWZ (+268)
SWE (+46)
CHE (+41)
TWN (+886)
TJK (+992)
TZA (+255)
THA (+66)
TLS (+670)
TGO (+228)
TKL (+690)
TON (+676)
TTO (+1868)
TUN (+216)
TUR (+90)
TKM (+993)
TCA (+1649)
TUV (+688)
UGA (+256)
URY (+598)
VIR (+1340)
UZB (+998)
VUT (+678)
VEN (+58)
VNM (+84)
WLF (+681)
YEM (+967)
ZMB (+260)
ZWE (+263)
400 chars
I agree to the Terms & Conditions and Privacy Policy
Check prices in registry records
In Tara Nagar
3 recent transactions in this locality
Avg. transaction rates are Rs. 3757/sqft


You are requesting to view advertiser details.
POSTED BY OWNER:
+91 98***543**
SRIKANTH MAKINENI | SRIKANTH MAKINENI
POSTED ON MAY 02, 2026:
Rs5 Cr | Chanda Nagar, Tara Nagar
225 SQFT | 3 BEDROOMS INDEPENDENT HOUSE/VILLA
Please fill in your details to be shared with this advertiser only.
BASIC INFORMATION
Are you a property dealer Yes No
Name
Phone
This number would be verified
+91 IND
+44 GBR
+1 USA
+61 AUS
+60 MYS
+971 ARE
+93 AFG
+355 ALB
+213 DZA
+1684 ASM
+376 AND
+244 AGO
+1264 AIA
+672 ATA
+1268 ATG
+54 ARG
+374 ARM
+297 ABW
+43 AUT
+994 AZE
+1242 BHS
+973 BHR
+880 BGD
+1246 BRB
+375 BLR
+32 BEL
+501 BLZ
+229 BEN
+1441 BMU
+975 BTN
+591 BOL
+387 BIH
+267 BWA
+55 BRA
+1284 VGB
+673 BRN
+359 BGR
+226 BFA
+95 MMR
+257 BDI
+855 KHM
+237 CMR
+1 CAN
+238 CPV
+1345 CYM
+236 CAF
+235 TCD
+56 CHL
+86 CHN
+61 CXR
+61 CCK
+57 COL
+269 COM
+682 COK
+506 CRC
+385 HRV
+357 CYP
+420 CZE
+243 COD
+45 DNK
+253 DJI
+1767 DMA
+1809 DOM
+593 ECU
+20 EGY
+503 SLV
+240 GNQ
+291 ERI
+372 EST
+251 ETH
+500 FLK
+298 FRO
+679 FJI
+358 FIN
+33 FRA
+689 PYF
+241 GAB
+220 GMB
+995 GEO
+49 DEU
+233 GHA
+350 GIB
+30 GRC
+299 GRL
+1473 GRD
+1671 GUM
+502 GTM
+224 GIN
+245 GNB
+592 GUY
+509 HTI
+39 VAT
+504 HND
+852 HKG
+36 HUN
+354 IS
+62 IDN
+964 IRQ
+353 IRL
+44 IMN
+972 ISR
+39 ITA
+225 CIV
+1876 JAM
+81 JPN
+962 JOR
+7 KAZ
+254 KEN
+686 KIR
+965 KWT
+996 KGZ
+856 LAO
+371 LVA
+961 LBN
+266 LSO
+231 LBR
+218 LBY
+423 LIE
+370 LTU
+352 LUX
+853 MAC
+389 MKD
+261 MDG
+265 MWI
+960 MDV
+223 MLI
+356 MLT
+692 MHL
+222 MRT
+230 MUS
+262 MYT
+52 MEX
+691 FSM
+373 MDA
+377 MCO
+976 MNG
+382 MNE
+1664 MSR
+212 MAR
+258 MOZ
+264 NAM
+674 NRU
+977 NPL
+31 NLD
+599 ANT
+687 NCL
+64 NZL
+505 NIC
+227 NER
+234 NGA
+683 NIU
+672 NFK
+1670 MNP
+47 NOR
+968 OMN
+92 PAK
+680 PLW
+507 PAN
+675 PNG
+595 PRY
+51 PER
+63 PHL
+870 PCN
+48 POL
+351 PRT
+1 PRI
+974 QAT
+242 COG
+40 ROU
+7 RUS
+250 RWA
+590 BLM
+290 SHN
+1869 KNA
+1758 LCA
+1599 MAF
+508 SPM
+1784 VCT
+685 WSM
+378 SMR
+239 STP
+966 SAU
+221 SEN
+381 SRB
+211 SSU
+248 SYC
+232 SLE
+65 SGP
+421 SVK
+386 SVN
+677 SLB
+252 SOM
+27 ZAF
+82 KOR
+34 ESP
+94 LKA
+597 SUR
+268 SWZ
+46 SWE
+41 CHE
+886 TWN
+992 TJK
+255 TZA
+66 THA
+670 TLS
+228 TGO
+690 TKL
+676 TON
+1868 TTO
+216 TUN
+90 TUR
+993 TKM
+1649 TCA
+688 TUV
+256 UGA
+598 URY
+1340 VIR
+998 UZB
+678 VUT
+58 VEN
+84 VNM
+681 WLF
+967 YEM
+260 ZMB
+263 ZWE
OPTIONAL INFORMATION
By when you are planning to buy the property?
3 months
6 months
More than 6 months
I am interested in home loan
I am interested in site visits.
I agree to the Terms & Conditions and Privacy Policy
We do not spam− Details shared with selected advertisers only.Connect with us for better deals & offers.Your details are secure with us.
Login / Register
Please enter your Phone Number
Phone Number
Continue
Login with Email
By clicking you agree to
Terms and Conditions
2026-05-20 12:52:42,781 - INFO - Sale Price: ₹ 5 Cr
2026-05-20 12:52:56,772 - INFO - Clicking Rent Tab
2026-05-20 12:52:57,659 - INFO - Entering Location: Rent in Hyderabad
2026-05-20 12:52:59,841 - INFO - Clicking Search Button
2026-05-20 12:53:02,235 - INFO - Verifying Search Results
2026-05-20 12:53:02,235 - INFO - Waiting for Results Page
2026-05-20 12:53:05,026 - INFO - Results Heading: Property for Rent in Hyderabad
2026-05-20 12:53:12,373 - INFO - Results Count: 10967
2026-05-20 12:53:12,375 - INFO - Clicking Ok Understood Popup
2026-05-20 12:53:45,695 - INFO - Clicking Buy Tab
2026-05-20 12:53:48,724 - INFO - Entering Location: Hyderabad
2026-05-20 12:53:51,025 - INFO - Clicking Search Button
2026-05-20 12:53:51,131 - INFO - Verifying Buy Search Results
2026-05-20 12:53:56,814 - INFO - Buy Results Heading: Property in Hyderabad for Sale
2026-05-20 12:54:02,244 - INFO - Buy Results Count: 35662
2026-05-20 12:54:02,245 - INFO - Clicking Ok Understood Popup
2026-05-20 12:54:08,633 - INFO - Applying 2 BHK Filter
2026-05-20 12:54:32,379 - INFO - Applying Residential Apartment Filter
2026-05-20 12:54:55,384 - INFO - Applying Ready To Move Filter
2026-05-20 12:55:18,605 - INFO - Applying Owner Filter
2026-05-20 12:55:41,721 - INFO - Applying Locality Filter
2026-05-20 12:56:05,647 - INFO - Locality Filter Applied: False
2026-05-20 12:56:05,648 - INFO - Applying RERA Approved Filter
2026-05-20 12:56:29,322 - INFO - RERA Approved Filter Applied: True
2026-05-20 12:56:29,323 - INFO - Verifying Filtered Buy Results
2026-05-20 12:56:59,114 - INFO - Filtered Buy Results Count: 3450
2026-05-20 12:56:59,116 - INFO - Selecting First Filtered Buy Result
2026-05-20 12:57:15,750 - INFO - Opened Buy Property Page URL: https://www.99acres.com/3-bhk-bedroom-independent-house-villa-for-sale-in-tara-nagar-hyderabad-225-sqft-r1-spid-H85982222
2026-05-20 12:57:16,074 - INFO - Switching To Buy Property Window
2026-05-20 12:57:22,628 - INFO - Clicking Shortlist
2026-05-20 12:57:36,647 - INFO - Opening Owner Details
2026-05-20 12:57:50,507 - INFO - Clicking View Phone Number
2026-05-20 12:58:04,492 - INFO - Verifying Contact Section
2026-05-20 12:58:05,564 - INFO - Buy Property Title: Buy
|
Post property
FREE
V A

Home›Property in Hyderabad›House for sale in Hyderabad›House for sale in Chandanagar›House for sale in Tara Nagar›3 BHK House for sale in Tara Nagar
Posted on May 02, 2026 Ready to move
Verified
Platinum
₹ 5 Cr@ 20 L per sqyd
Estimated EMI ₹3,99,352
3Bedrooms 3Baths
Independent House/Villa for Sale
in Chanda Nagar, Tara Nagar, Tara Nagar, Chandanagar, Hyderabad
Shortlist
Property added to your shortlist
Contact OwnerFREE
RERA STATUS NOT AVAILABLE Website: http://rerait.telangana.gov.in/
OverviewOwner DetailsRegistry RecordLocality ReviewsFeatured DealersRecommendations
Videos (1)
Property (39)
2 people shortlisted this property since last week
Area
Plot area 25
(20.9 sq.m.)  
sqyd
Configuration
3 Bedrooms , 3 Bathrooms, 3 Balconies
Price
₹ 5 Crore
@ 20 L per sqyd (Negotiable)
Address
Chanda Nagar, Tara Nagar
Tara Nagar, Chandanagar, Hyderabad
Total Floors
2 Floors
Facing
South
Property Age
10+ Year Old
Places nearby
View All (50)
Tara Nagar, Chandanagar, Hyderabad
KAIRA Dresses
ME2 Shoppee
Balaji dresses
Ganesh Mandir
Sri Potutuluri Veerabramendra Swami Temple
Hanuman Temple
Why you should consider this property?
Key Highlights
of the property
Private Garden
Parking Available
Vitrified Flooring
Semi-Furnished
Transaction Type:Resale
Property Ownership:Freehold
Flooring:VitrifiedFurnishing:SemifurnishedParking:1 OpenWater Source:Borewell/Tank
Power Backup:None
About Property
Address: Tara Nagar, Chandanagar, Hyderabad
An impeccable opportunity is here for those who are looking to own aesthetically designed independent villa in , lingampally, serilingampally, telangana which ensures a relaxed and comfortable stay. Being an independent villa it provides you a serene and tranquil environment with a modern setup. Thi...
More >>
Semifurnished
Furnishing Details
2 Wardrobe
Fan
Light
No AC
No Bed
No Chimney
No Dining Table
No Geyser
No Modular Kitchen
No Microwave
No Fridge
No Sofa
No Stove
No TV
No Washing Machine
No Water Purifier
Features
Private Garden / Terrace
Water Storage
Park
Property sold out? Incorrect data?Report
Owner Details
Srikanth Makineni
Owner
Srikanth Makineni
Properties Listed:2Verified Properties:2
Localities : Serilingampally,Tara Nagar
Send enquiry to Owner
You are Individual Dealer
IND (+91)
GBR (+44)
USA (+1)
AUS (+61)
MYS (+60)
ARE (+971)
AFG (+93)
ALB (+355)
DZA (+213)
ASM (+1684)
AND (+376)
AGO (+244)
AIA (+1264)
ATA (+672)
ATG (+1268)
ARG (+54)
ARM (+374)
ABW (+297)
AUT (+43)
AZE (+994)
BHS (+1242)
BHR (+973)
BGD (+880)
BRB (+1246)
BLR (+375)
BEL (+32)
BLZ (+501)
BEN (+229)
BMU (+1441)
BTN (+975)
BOL (+591)
BIH (+387)
BWA (+267)
BRA (+55)
VGB (+1284)
BRN (+673)
BGR (+359)
BFA (+226)
MMR (+95)
BDI (+257)
KHM (+855)
CMR (+237)
CAN (+1)
CPV (+238)
CYM (+1345)
CAF (+236)
TCD (+235)
CHL (+56)
CHN (+86)
CXR (+61)
CCK (+61)
COL (+57)
COM (+269)
COK (+682)
CRC (+506)
HRV (+385)
CYP (+357)
CZE (+420)
COD (+243)
DNK (+45)
DJI (+253)
DMA (+1767)
DOM (+1809)
ECU (+593)
EGY (+20)
SLV (+503)
GNQ (+240)
ERI (+291)
EST (+372)
ETH (+251)
FLK (+500)
FRO (+298)
FJI (+679)
FIN (+358)
FRA (+33)
PYF (+689)
GAB (+241)
GMB (+220)
GEO (+995)
DEU (+49)
GHA (+233)
GIB (+350)
GRC (+30)
GRL (+299)
GRD (+1473)
GUM (+1671)
GTM (+502)
GIN (+224)
GNB (+245)
GUY (+592)
HTI (+509)
VAT (+39)
HND (+504)
HKG (+852)
HUN (+36)
IS (+354)
IDN (+62)
IRQ (+964)
IRL (+353)
IMN (+44)
ISR (+972)
ITA (+39)
CIV (+225)
JAM (+1876)
JPN (+81)
JOR (+962)
KAZ (+7)
KEN (+254)
KIR (+686)
KWT (+965)
KGZ (+996)
LAO (+856)
LVA (+371)
LBN (+961)
LSO (+266)
LBR (+231)
LBY (+218)
LIE (+423)
LTU (+370)
LUX (+352)
MAC (+853)
MKD (+389)
MDG (+261)
MWI (+265)
MDV (+960)
MLI (+223)
MLT (+356)
MHL (+692)
MRT (+222)
MUS (+230)
MYT (+262)
MEX (+52)
FSM (+691)
MDA (+373)
MCO (+377)
MNG (+976)
MNE (+382)
MSR (+1664)
MAR (+212)
MOZ (+258)
NAM (+264)
NRU (+674)
NPL (+977)
NLD (+31)
ANT (+599)
NCL (+687)
NZL (+64)
NIC (+505)
NER (+227)
NGA (+234)
NIU (+683)
NFK (+672)
MNP (+1670)
NOR (+47)
OMN (+968)
PAK (+92)
PLW (+680)
PAN (+507)
PNG (+675)
PRY (+595)
PER (+51)
PHL (+63)
PCN (+870)
POL (+48)
PRT (+351)
PRI (+1)
QAT (+974)
COG (+242)
ROU (+40)
RUS (+7)
RWA (+250)
BLM (+590)
SHN (+290)
KNA (+1869)
LCA (+1758)
MAF (+1599)
SPM (+508)
VCT (+1784)
WSM (+685)
SMR (+378)
STP (+239)
SAU (+966)
SEN (+221)
SRB (+381)
SSU (+211)
SYC (+248)
SLE (+232)
SGP (+65)
SVK (+421)
SVN (+386)
SLB (+677)
SOM (+252)
ZAF (+27)
KOR (+82)
ESP (+34)
LKA (+94)
SUR (+597)
SWZ (+268)
SWE (+46)
CHE (+41)
TWN (+886)
TJK (+992)
TZA (+255)
THA (+66)
TLS (+670)
TGO (+228)
TKL (+690)
TON (+676)
TTO (+1868)
TUN (+216)
TUR (+90)
TKM (+993)
TCA (+1649)
TUV (+688)
UGA (+256)
URY (+598)
VIR (+1340)
UZB (+998)
VUT (+678)
VEN (+58)
VNM (+84)
WLF (+681)
YEM (+967)
ZMB (+260)
ZWE (+263)
400 chars
I agree to the Terms & Conditions and Privacy Policy
Check prices in registry records
In Tara Nagar
3 recent transactions in this locality
in last 3 years
Avg. transaction rates are Rs. 3757/sqft
Based on last 3 transactions
Transaction Details
Data Source : 
Telangana government
99acres.com has made available data related to registration through online ...more
Is this Helpful ?YesNo
View recent transactions
Locality Reviews
for Tara Nagar, Chandanagar, Hyderabad
Review your Society / Locality
3.7
/5
Average Rating
(4 Total Reviews)
5★
4★
3★
2★
1★
See how ratings are calculated
Ratings by features
Connectivity
3.7 out of 5
Lifestyle
3.8 out of 5
Safety
3.7 out of 5
Green Area
3.6 out of 5
Popular Mentions
100% Positive Mentions
Likes
Easy Cab/Auto Availability (3)
Good Public Transport (3)
Reviews by residents
View All
RecommendedNegative FirstWith PhotosRecent First
4.6
★
Sai Maruti Enclave
POSITIVES
 Markets are nearby to buy groceries and essential items. There is a playground nearby where children can play in their free time. There are excellent schools n...Show More
NEGATIVES
In some areas, roads cause disturbances. Air pollution is prevalent and unsatisfactory. Some restaurants lack hygienic food, which can lead to health issues. Th...Show More
C
Chandu
Tenant (living since 1Y) | 1Y ago
4.7
★
POSITIVES
It is one of the most preferred place among all the places located in our surroundings due to the presence of the best facilities here. So many schools are loca...Show More
NEGATIVES
Most of the buses is overcrowded, and we find it difficult to find a proper seat to sit and travel. Sometimes, we also notice the pollution in our surroundings.
S
Shashank
Owner (living since 3+Y) | 1Y ago
3.7
★
Kanukunta
POSITIVES
Cabs Ola Uber, Rapido cab service is very fast, good hospital and medical service nearby available, Road quality is well maintained, water supply service is so ...Show More
NEGATIVES
Good schools and colleges are not available for students, parks and garden maintenance is poor, metro station connectivity is not available in this area, street...Show More
S
Sarita
Former Resident (lived for 3+Y) | 1Y ago
Read All
4 Reviews
Is this helpful?YesNo
Review your Society / Locality
Reach out to Featured Dealers
who are popular amongst Residential Buyers
View all
26 Buyers this week
FRANCH REALTY
Franch Realty
Member Since May, 2024
RESALE
Contact Dealer
2 Matching Properties
1 Verified by 99acres
69 Buyers this week
SPACE PROPERTIES
Space Properties
Member Since Jun, 2018
RESALE
Contact Dealer
1 Matching Property
115 Buyers this week
ASSETNX INDIA PRIVATE LIMITED
ASSETNX INDIA PRIVATE LIMITED
Member Since Mar, 2022
RESALE
Contact Dealer
5 Matching Properties
2 Verified by 99acres
Helpful to 100% buyers
SAI PROPERTY CONSULTANTS
Sai Property Consultants
Member Since Oct, 2016
NEW SALE
Contact Dealer
2 Matching Properties
4 Buyers this week
NAGESH GARIKA
Nagesh Garka
Member Since Mar, 2021
RESALE
Contact Dealer
2 Matching Properties
1 Verified by 99acres
More dealers who can help you...
Disha Properties
Disha Properties
Ranjith Realtors
Ranjith Realtors
Mr Laxmikanth
Lakshmikanth
R Nagarjuna
Landlord Sales
Yasaswi Yasaswi
PropAxis
Similar Properties
Verified
Mrinalini Gandhi (Owner) 14th Jan, 2026
₹ 5.5 Cr, 5 BHK
Aakriti Arv Viva
Tellapur, Hyderabad
Enquire Now
Balraj (Owner) 26th Jan, 2026
₹ 4.3 Cr, 4 BHK
KSR Layout, Miyapur
Enquire Now
Verified
Kudipudi Vijay kumar (Dealer) Yesterday
₹ 4.3 Cr, 5 BHK
Ksr Enclave, Chandanagar
Chandanagar, Hyderabad
Enquire Now
Anil Naik (Owner) 14th Oct, 2025
₹ 4 Cr, 2 BHK
Adarsh Nagar, Lingampally, Serilingampally, Hyderabad
Enquire Now
gp keshav (Owner) 18th Dec, 2025
₹ 4.1 Cr, 4 BHK
Madinaguda, Hafeezpet, Hyderabad
Enquire Now
Anna New (Owner) 02nd Dec, 2025
₹ 3.85 Cr, 3 BHK
Deepthi Sri Nagar Colony, Miyapur
Enquire Now
Reema Sarin (Owner) 31st Mar, 2026
₹ 4.75 Cr, 4 BHK
Beeramguda, Hyderabad
Enquire Now
Chandra Shekar (Owner) 09th May, 2026
₹ 4.25 Cr, 3 BHK
HIG, BHEL, Hyderabad
Enquire Now
Chinna Cheemal (Owner) 07th May, 2026
₹ 4 Cr, 2 BHK
Gangaram , Chandanagar, Hyderabad
Enquire Now
Geetha (Owner) 24th Mar, 2026
₹ 3.6 Cr, 4 BHK
Praneeth Pranav Panorama
Ramachandrapuram, Old Mumbai Highway
Enquire Now
>
Newly launched projects
Bigger home in the same budget
Less upfront payment
Preferred units at zero brokerage
Limited launch offers available
NEW ARRIVAL
RERA
The Cascades Neopolis
Neopolis, Hyderabad
₹3.5 - 5.01 Cr
|
3, 4 BHK Apartment
Completion in Mar, 2030
Get preferred options @zero brokerage
View Number
NEW LAUNCH
RERA
Fiora By Yashoda
Tukkuguda, Hyderabad
₹4.48 - 5.36 Cr
|
4 BHK Villa
17.6% price increase in last 1 year in 
Get preferred options @zero brokerage
View Number
NEW LAUNCH
RERA
Aurum by Sree Varaaha
Financial District, Hyderabad
₹3.21 - 10.6 Cr
|
4 BHK Apartment
20.0% price increase in last 3 years in 
Get preferred options @zero brokerage
View Number
Interesting Reads
Read realty news, guides & articles
Akshita Infra: A legacy of excellence
Apr 17, 2026
ASBL Landmark unveils final tower launch
Oct 08, 2025
Top reasons to buy a home in Vertex Florenza
Dec 29, 2025
Top reasons to invest in North Hyderabad
Feb 28, 2026
Related to your search
About Tara Nagar
Tara Nagar Hyderabad Overview
Reviews of Tara Nagar Hyderabad
Tara Nagar & nearby listings
Buy 3 BHK Semi furnished House/Villa in Tara Nagar for 5 Cr
Property Options in Tara Nagar
House for sale in Tara Nagar by owner
Verified House for sale in Tara Nagar
Resale House for sale in Tara Nagar
View 3 More
Links
Mobile Apps
Our Services
Price Trends
Post your Property
Real Estate Investments
Builders in India
Area Converter
Articles
Rent Receipt
Customer Service
Sitemap
Company
About us
Contact us
Careers with us
Terms & Conditions
Request Info
Feedback
Report a problem
Testimonials
Privacy Policy
Summons/Notices
Grievances
Safety Guide
Our Partners
Naukri.com - Jobs in India
Naukrigulf.com - Jobs in middle east
Jeevansathi.com - Matrimonials
Brijj.com - Professional Networking
Shiksha.com - Education Career Info
Policybazaar.com - Insurance India
PaisaBazaar.com
AmbitionBox.com
FirstNaukri.com - A jobsite for campus hiring
Jobhai.com – Find Jobs Near You
Techminis.com - Tech news on the go
CONTACT US
Toll Free 1800 41 99099
Monday - Sunday (9:30AM to 06:30PM IST)
Email: feedback@99acres.com
CONNECT WITH US
* India's leading Property Portal. Source: Alexa.com
# Free Listings are available only for Owners
MOBILE APP
Usage of 99acres.com to upload content which enables targeting by religion/community/caste/race is prohibited. Please report inappropriate content by writing to us at report abuse
All right reserved - Info Edge (India) Ltd. A group venture
You are requesting to view advertiser details.
POSTED BY OWNER:
+56-8062171126, ownerverifiedp12818753@99acres.com
SRIKANTH MAKINENI | SRIKANTH MAKINENI
Was your call with owner helpful?YesNoDidn't pickup
POSTED ON MAY 02, 2026:
Rs5 Cr | Chanda Nagar, Tara Nagar
225 SQFT | 3 BEDROOMS INDEPENDENT HOUSE/VILLA
Your reason to buy isInvestmentSelf Use
Similar Properties
Verified
Mrinalini Gandhi (Owner) 14th Jan, 2026
₹ 5.5 Cr, 5 BHK
Aakriti Arv Viva
Tellapur, Hyderabad
Enquire Now
Balraj (Owner) 26th Jan, 2026
₹ 4.3 Cr, 4 BHK
KSR Layout, Miyapur
Enquire Now
Verified
Kudipudi Vijay kumar (Dealer) Yesterday
₹ 4.3 Cr, 5 BHK
Ksr Enclave, Chandanagar
Chandanagar, Hyderabad
Enquire Now
Anil Naik (Owner) 14th Oct, 2025
₹ 4 Cr, 2 BHK
Adarsh Nagar, Lingampally, Serilingampally, Hyderabad
Enquire Now
gp keshav (Owner) 18th Dec, 2025
₹ 4.1 Cr, 4 BHK
Madinaguda, Hafeezpet, Hyderabad
Enquire Now
Anna New (Owner) 02nd Dec, 2025
₹ 3.85 Cr, 3 BHK
Deepthi Sri Nagar Colony, Miyapur
Enquire Now
Reema Sarin (Owner) 31st Mar, 2026
₹ 4.75 Cr, 4 BHK
Beeramguda, Hyderabad
Enquire Now
Chandra Shekar (Owner) 09th May, 2026
₹ 4.25 Cr, 3 BHK
HIG, BHEL, Hyderabad
Enquire Now
Chinna Cheemal (Owner) 07th May, 2026
₹ 4 Cr, 2 BHK
Gangaram , Chandanagar, Hyderabad
Enquire Now
Geetha (Owner) 24th Mar, 2026
₹ 3.6 Cr, 4 BHK
Praneeth Pranav Panorama
Ramachandrapuram, Old Mumbai Highway
Enquire Now
>
We do not spam− Details shared with selected advertisers only.Connect with us for better deals & offers.Your details are secure with us.
2026-05-20 12:58:06,364 - INFO - Sale Price: ₹ 5 Cr
2026-05-20 13:05:54,515 - INFO - Clicking Buy Tab
2026-05-20 13:05:55,132 - INFO - Entering Location: Hyderabad
2026-05-20 13:05:56,776 - INFO - Clicking Search Button
2026-05-20 13:05:56,854 - INFO - Verifying Buy Search Results
2026-05-20 13:05:59,434 - INFO - Buy Results Heading: Property in Hyderabad for Sale
2026-05-20 13:06:04,865 - INFO - Buy Results Count: 35666
2026-05-20 13:06:04,866 - INFO - Clicking Ok Understood Popup
2026-05-20 13:06:15,003 - INFO - Applying 2 BHK Filter
2026-05-20 13:06:38,947 - INFO - Applying Residential Apartment Filter
2026-05-20 13:07:02,536 - INFO - Applying Ready To Move Filter
2026-05-20 13:07:26,714 - INFO - Applying Owner Filter
2026-05-20 13:07:50,502 - INFO - Applying Locality Filter
2026-05-20 13:08:23,888 - INFO - Locality Filter Applied: False
2026-05-20 13:08:23,919 - INFO - Applying RERA Approved Filter
2026-05-20 13:08:48,043 - INFO - RERA Approved Filter Applied: True
2026-05-20 13:08:48,046 - INFO - Verifying Filtered Buy Results
2026-05-20 13:09:17,092 - INFO - Filtered Buy Results Count: 3452
2026-05-20 13:09:17,093 - INFO - Selecting First Filtered Buy Result
2026-05-20 13:09:32,364 - INFO - Opened Buy Property Page URL: https://www.99acres.com/3-bhk-bedroom-independent-house-villa-for-sale-in-tara-nagar-hyderabad-225-sqft-r1-spid-H85982222
2026-05-20 13:09:33,195 - INFO - Switching To Buy Property Window
2026-05-20 13:09:40,017 - INFO - Clicking Shortlist
2026-05-20 13:09:53,598 - INFO - Opening Owner Details
2026-05-20 13:10:07,413 - INFO - Clicking View Phone Number
2026-05-20 13:10:21,547 - INFO - Verifying Contact Section
2026-05-20 13:10:24,046 - INFO - Buy Property Title: Buy
|
Post property
FREE

RERA STATUS
₹ 5 Cr
3Bedrooms 3Baths
Contact OwnerFREE
RERA STATUS NOT AVAILABLE Website: http://rerait.telangana.gov.in/
OverviewOwner DetailsRegistry RecordLocality ReviewsFeatured DealersRecommendations



Property sold out? Incorrect data?Report
Owner Details
Srikanth Makineni
Owner
Srikanth Makineni
Properties Listed:2Verified Properties:2
Localities : Serilingampally,Tara Nagar
Send enquiry to Owner
You are Individual Dealer
IND (+91)
GBR (+44)
USA (+1)
AUS (+61)
MYS (+60)
ARE (+971)
AFG (+93)
ALB (+355)
DZA (+213)
ASM (+1684)
AND (+376)
AGO (+244)
AIA (+1264)
ATA (+672)
ATG (+1268)
ARG (+54)
ARM (+374)
ABW (+297)
AUT (+43)
AZE (+994)
BHS (+1242)
BHR (+973)
BGD (+880)
BRB (+1246)
BLR (+375)
BEL (+32)
BLZ (+501)
BEN (+229)
BMU (+1441)
BTN (+975)
BOL (+591)
BIH (+387)
BWA (+267)
BRA (+55)
VGB (+1284)
BRN (+673)
BGR (+359)
BFA (+226)
MMR (+95)
BDI (+257)
KHM (+855)
CMR (+237)
CAN (+1)
CPV (+238)
CYM (+1345)
CAF (+236)
TCD (+235)
CHL (+56)
CHN (+86)
CXR (+61)
CCK (+61)
COL (+57)
COM (+269)
COK (+682)
CRC (+506)
HRV (+385)
CYP (+357)
CZE (+420)
COD (+243)
DNK (+45)
DJI (+253)
DMA (+1767)
DOM (+1809)
ECU (+593)
EGY (+20)
SLV (+503)
GNQ (+240)
ERI (+291)
EST (+372)
ETH (+251)
FLK (+500)
FRO (+298)
FJI (+679)
FIN (+358)
FRA (+33)
PYF (+689)
GAB (+241)
GMB (+220)
GEO (+995)
DEU (+49)
GHA (+233)
GIB (+350)
GRC (+30)
GRL (+299)
GRD (+1473)
GUM (+1671)
GTM (+502)
GIN (+224)
GNB (+245)
GUY (+592)
HTI (+509)
VAT (+39)
HND (+504)
HKG (+852)
HUN (+36)
IS (+354)
IDN (+62)
IRQ (+964)
IRL (+353)
IMN (+44)
ISR (+972)
ITA (+39)
CIV (+225)
JAM (+1876)
JPN (+81)
JOR (+962)
KAZ (+7)
KEN (+254)
KIR (+686)
KWT (+965)
KGZ (+996)
LAO (+856)
LVA (+371)
LBN (+961)
LSO (+266)
LBR (+231)
LBY (+218)
LIE (+423)
LTU (+370)
LUX (+352)
MAC (+853)
MKD (+389)
MDG (+261)
MWI (+265)
MDV (+960)
MLI (+223)
MLT (+356)
MHL (+692)
MRT (+222)
MUS (+230)
MYT (+262)
MEX (+52)
FSM (+691)
MDA (+373)
MCO (+377)
MNG (+976)
MNE (+382)
MSR (+1664)
MAR (+212)
MOZ (+258)
NAM (+264)
NRU (+674)
NPL (+977)
NLD (+31)
ANT (+599)
NCL (+687)
NZL (+64)
NIC (+505)
NER (+227)
NGA (+234)
NIU (+683)
NFK (+672)
MNP (+1670)
NOR (+47)
OMN (+968)
PAK (+92)
PLW (+680)
PAN (+507)
PNG (+675)
PRY (+595)
PER (+51)
PHL (+63)
PCN (+870)
POL (+48)
PRT (+351)
PRI (+1)
QAT (+974)
COG (+242)
ROU (+40)
RUS (+7)
RWA (+250)
BLM (+590)
SHN (+290)
KNA (+1869)
LCA (+1758)
MAF (+1599)
SPM (+508)
VCT (+1784)
WSM (+685)
SMR (+378)
STP (+239)
SAU (+966)
SEN (+221)
SRB (+381)
SSU (+211)
SYC (+248)
SLE (+232)
SGP (+65)
SVK (+421)
SVN (+386)
SLB (+677)
SOM (+252)
ZAF (+27)
KOR (+82)
ESP (+34)
LKA (+94)
SUR (+597)
SWZ (+268)
SWE (+46)
CHE (+41)
TWN (+886)
TJK (+992)
TZA (+255)
THA (+66)
TLS (+670)
TGO (+228)
TKL (+690)
TON (+676)
TTO (+1868)
TUN (+216)
TUR (+90)
TKM (+993)
TCA (+1649)
TUV (+688)
UGA (+256)
URY (+598)
VIR (+1340)
UZB (+998)
VUT (+678)
VEN (+58)
VNM (+84)
WLF (+681)
YEM (+967)
ZMB (+260)
ZWE (+263)
400 chars
I agree to the Terms & Conditions and Privacy Policy
Check prices in registry records
In Tara Nagar
3 recent transactions in this locality
Avg. transaction rates are Rs. 3757/sqft


You are requesting to view advertiser details.
POSTED BY OWNER:
+91 98***543**
SRIKANTH MAKINENI | SRIKANTH MAKINENI
POSTED ON MAY 02, 2026:
Rs5 Cr | Chanda Nagar, Tara Nagar
225 SQFT | 3 BEDROOMS INDEPENDENT HOUSE/VILLA
Please fill in your details to be shared with this advertiser only.
BASIC INFORMATION
Are you a property dealer Yes No
Name
Phone
This number would be verified
+91 IND
+44 GBR
+1 USA
+61 AUS
+60 MYS
+971 ARE
+93 AFG
+355 ALB
+213 DZA
+1684 ASM
+376 AND
+244 AGO
+1264 AIA
+672 ATA
+1268 ATG
+54 ARG
+374 ARM
+297 ABW
+43 AUT
+994 AZE
+1242 BHS
+973 BHR
+880 BGD
+1246 BRB
+375 BLR
+32 BEL
+501 BLZ
+229 BEN
+1441 BMU
+975 BTN
+591 BOL
+387 BIH
+267 BWA
+55 BRA
+1284 VGB
+673 BRN
+359 BGR
+226 BFA
+95 MMR
+257 BDI
+855 KHM
+237 CMR
+1 CAN
+238 CPV
+1345 CYM
+236 CAF
+235 TCD
+56 CHL
+86 CHN
+61 CXR
+61 CCK
+57 COL
+269 COM
+682 COK
+506 CRC
+385 HRV
+357 CYP
+420 CZE
+243 COD
+45 DNK
+253 DJI
+1767 DMA
+1809 DOM
+593 ECU
+20 EGY
+503 SLV
+240 GNQ
+291 ERI
+372 EST
+251 ETH
+500 FLK
+298 FRO
+679 FJI
+358 FIN
+33 FRA
+689 PYF
+241 GAB
+220 GMB
+995 GEO
+49 DEU
+233 GHA
+350 GIB
+30 GRC
+299 GRL
+1473 GRD
+1671 GUM
+502 GTM
+224 GIN
+245 GNB
+592 GUY
+509 HTI
+39 VAT
+504 HND
+852 HKG
+36 HUN
+354 IS
+62 IDN
+964 IRQ
+353 IRL
+44 IMN
+972 ISR
+39 ITA
+225 CIV
+1876 JAM
+81 JPN
+962 JOR
+7 KAZ
+254 KEN
+686 KIR
+965 KWT
+996 KGZ
+856 LAO
+371 LVA
+961 LBN
+266 LSO
+231 LBR
+218 LBY
+423 LIE
+370 LTU
+352 LUX
+853 MAC
+389 MKD
+261 MDG
+265 MWI
+960 MDV
+223 MLI
+356 MLT
+692 MHL
+222 MRT
+230 MUS
+262 MYT
+52 MEX
+691 FSM
+373 MDA
+377 MCO
+976 MNG
+382 MNE
+1664 MSR
+212 MAR
+258 MOZ
+264 NAM
+674 NRU
+977 NPL
+31 NLD
+599 ANT
+687 NCL
+64 NZL
+505 NIC
+227 NER
+234 NGA
+683 NIU
+672 NFK
+1670 MNP
+47 NOR
+968 OMN
+92 PAK
+680 PLW
+507 PAN
+675 PNG
+595 PRY
+51 PER
+63 PHL
+870 PCN
+48 POL
+351 PRT
+1 PRI
+974 QAT
+242 COG
+40 ROU
+7 RUS
+250 RWA
+590 BLM
+290 SHN
+1869 KNA
+1758 LCA
+1599 MAF
+508 SPM
+1784 VCT
+685 WSM
+378 SMR
+239 STP
+966 SAU
+221 SEN
+381 SRB
+211 SSU
+248 SYC
+232 SLE
+65 SGP
+421 SVK
+386 SVN
+677 SLB
+252 SOM
+27 ZAF
+82 KOR
+34 ESP
+94 LKA
+597 SUR
+268 SWZ
+46 SWE
+41 CHE
+886 TWN
+992 TJK
+255 TZA
+66 THA
+670 TLS
+228 TGO
+690 TKL
+676 TON
+1868 TTO
+216 TUN
+90 TUR
+993 TKM
+1649 TCA
+688 TUV
+256 UGA
+598 URY
+1340 VIR
+998 UZB
+678 VUT
+58 VEN
+84 VNM
+681 WLF
+967 YEM
+260 ZMB
+263 ZWE
OPTIONAL INFORMATION
By when you are planning to buy the property?
3 months
6 months
More than 6 months
I am interested in home loan
I am interested in site visits.
I agree to the Terms & Conditions and Privacy Policy
We do not spam− Details shared with selected advertisers only.Connect with us for better deals & offers.Your details are secure with us.
Verify your number
+91-6397650133
Enter your 4 digit OTP
Haven't received yet?
Resend OTP
Verify & Continue
Or, Verify via Missed Call
2026-05-20 13:10:26,386 - INFO - Sale Price: ₹ 5 Cr
2026-05-20 13:22:53,786 - INFO - Clicking Buy Tab
2026-05-20 13:22:54,318 - INFO - Entering Location: Hyderabad
2026-05-20 13:22:55,938 - INFO - Clicking Search Button
2026-05-20 13:22:56,009 - INFO - Verifying Buy Search Results
2026-05-20 13:23:00,691 - INFO - Buy Results Heading: Property in Hyderabad for Sale
2026-05-20 13:23:06,538 - INFO - Buy Results Count: 35668
2026-05-20 13:23:06,539 - INFO - Clicking Ok Understood Popup
2026-05-20 13:23:16,726 - INFO - Applying 2 BHK Filter
2026-05-20 13:23:40,584 - INFO - Applying Residential Apartment Filter
2026-05-20 13:24:03,980 - INFO - Applying Ready To Move Filter
2026-05-20 13:24:27,299 - INFO - Applying Owner Filter
2026-05-20 13:24:51,076 - INFO - Applying Locality Filter
2026-05-20 13:25:25,226 - INFO - Locality Filter Applied: False
2026-05-20 13:25:25,248 - INFO - Applying RERA Approved Filter
2026-05-20 13:25:49,479 - INFO - RERA Approved Filter Applied: True
2026-05-20 13:25:49,480 - INFO - Verifying Filtered Buy Results
2026-05-20 13:26:36,256 - INFO - Filtered Buy Results Count: 3453
2026-05-20 13:26:36,257 - INFO - Selecting First Filtered Buy Result
2026-05-20 13:26:51,835 - INFO - Opened Buy Property Page URL: https://www.99acres.com/3-bhk-bedroom-independent-house-villa-for-sale-in-tara-nagar-hyderabad-225-sqft-r1-spid-H85982222
2026-05-20 13:26:52,451 - INFO - Switching To Buy Property Window
2026-05-20 13:26:59,241 - INFO - Clicking Shortlist
2026-05-20 13:27:12,784 - INFO - Opening Owner Details
2026-05-20 13:27:28,798 - INFO - Clicking View Phone Number
2026-05-20 13:27:44,647 - INFO - Verifying Contact Section
2026-05-20 13:27:46,270 - INFO - Buy Property Title: Buy
|
Post property
FREE
V A

Home›Property in Hyderabad›House for sale in Hyderabad›House for sale in Chandanagar›House for sale in Tara Nagar›3 BHK House for sale in Tara Nagar
Posted on May 02, 2026 Ready to move
Verified
Platinum
₹ 5 Cr@ 2,22,222 per sqft
Estimated EMI ₹3,99,352
3Bedrooms 3Baths
Independent House/Villa for Sale
in Chanda Nagar, Tara Nagar, Tara Nagar, Chandanagar, Hyderabad
Shortlist
Property added to your shortlist
Contact OwnerFREE
RERA STATUS NOT AVAILABLE Website: http://rerait.telangana.gov.in/
OverviewOwner DetailsRegistry RecordLocality ReviewsFeatured DealersRecommendations
₹ 5 Cr
3Bedrooms 3Baths
Property added to your shortlist
Contact OwnerFREE
RERA STATUS NOT AVAILABLE Website: http://rerait.telangana.gov.in/
OverviewOwner DetailsRegistry RecordLocality ReviewsFeatured DealersRecommendations
Videos (1)
Property (39)
2 people shortlisted this property since last week
Area
Plot area 225
(20.9 sq.m.)  
sqft
Configuration
3 Bedrooms , 3 Bathrooms, 3 Balconies
Price
₹ 5 Crore
@ 2,22,222 per sqft (Negotiable)
Address
Chanda Nagar, Tara Nagar
Tara Nagar, Chandanagar, Hyderabad
Total Floors
2 Floors
Facing
South
Property Age
10+ Year Old
Places nearby
View All (50)
Tara Nagar, Chandanagar, Hyderabad
KAIRA Dresses
ME2 Shoppee
Balaji dresses
Ganesh Mandir
Sri Potutuluri Veerabramendra Swami Temple
Hanuman Temple
Why you should consider this property?
Key Highlights
of the property
Private Garden
Parking Available
Vitrified Flooring
Semi-Furnished
Transaction Type:Resale
Property Ownership:Freehold
Flooring:VitrifiedFurnishing:SemifurnishedParking:1 OpenWater Source:Borewell/Tank
Power Backup:None
About Property
Address: Tara Nagar, Chandanagar, Hyderabad
An impeccable opportunity is here for those who are looking to own aesthetically designed independent villa in , lingampally, serilingampally, telangana which ensures a relaxed and comfortable stay. Being an independent villa it provides you a serene and tranquil environment with a modern setup. Thi...
More >>
Semifurnished
Furnishing Details
2 Wardrobe
Fan
Light
No AC
No Bed
No Chimney
No Dining Table
No Geyser
No Modular Kitchen
No Microwave
No Fridge
No Sofa
No Stove
No TV
No Washing Machine
No Water Purifier
Features
Private Garden / Terrace
Water Storage
Park
Property sold out? Incorrect data?Report
Owner Details
Srikanth Makineni
Owner
Srikanth Makineni
Properties Listed:2Verified Properties:2
Localities : Serilingampally,Tara Nagar
Send enquiry to Owner
You are Individual Dealer
IND (+91)
GBR (+44)
USA (+1)
AUS (+61)
MYS (+60)
ARE (+971)
AFG (+93)
ALB (+355)
DZA (+213)
ASM (+1684)
AND (+376)
AGO (+244)
AIA (+1264)
ATA (+672)
ATG (+1268)
ARG (+54)
ARM (+374)
ABW (+297)
AUT (+43)
AZE (+994)
BHS (+1242)
BHR (+973)
BGD (+880)
BRB (+1246)
BLR (+375)
BEL (+32)
BLZ (+501)
BEN (+229)
BMU (+1441)
BTN (+975)
BOL (+591)
BIH (+387)
BWA (+267)
BRA (+55)
VGB (+1284)
BRN (+673)
BGR (+359)
BFA (+226)
MMR (+95)
BDI (+257)
KHM (+855)
CMR (+237)
CAN (+1)
CPV (+238)
CYM (+1345)
CAF (+236)
TCD (+235)
CHL (+56)
CHN (+86)
CXR (+61)
CCK (+61)
COL (+57)
COM (+269)
COK (+682)
CRC (+506)
HRV (+385)
CYP (+357)
CZE (+420)
COD (+243)
DNK (+45)
DJI (+253)
DMA (+1767)
DOM (+1809)
ECU (+593)
EGY (+20)
SLV (+503)
GNQ (+240)
ERI (+291)
EST (+372)
ETH (+251)
FLK (+500)
FRO (+298)
FJI (+679)
FIN (+358)
FRA (+33)
PYF (+689)
GAB (+241)
GMB (+220)
GEO (+995)
DEU (+49)
GHA (+233)
GIB (+350)
GRC (+30)
GRL (+299)
GRD (+1473)
GUM (+1671)
GTM (+502)
GIN (+224)
GNB (+245)
GUY (+592)
HTI (+509)
VAT (+39)
HND (+504)
HKG (+852)
HUN (+36)
IS (+354)
IDN (+62)
IRQ (+964)
IRL (+353)
IMN (+44)
ISR (+972)
ITA (+39)
CIV (+225)
JAM (+1876)
JPN (+81)
JOR (+962)
KAZ (+7)
KEN (+254)
KIR (+686)
KWT (+965)
KGZ (+996)
LAO (+856)
LVA (+371)
LBN (+961)
LSO (+266)
LBR (+231)
LBY (+218)
LIE (+423)
LTU (+370)
LUX (+352)
MAC (+853)
MKD (+389)
MDG (+261)
MWI (+265)
MDV (+960)
MLI (+223)
MLT (+356)
MHL (+692)
MRT (+222)
MUS (+230)
MYT (+262)
MEX (+52)
FSM (+691)
MDA (+373)
MCO (+377)
MNG (+976)
MNE (+382)
MSR (+1664)
MAR (+212)
MOZ (+258)
NAM (+264)
NRU (+674)
NPL (+977)
NLD (+31)
ANT (+599)
NCL (+687)
NZL (+64)
NIC (+505)
NER (+227)
NGA (+234)
NIU (+683)
NFK (+672)
MNP (+1670)
NOR (+47)
OMN (+968)
PAK (+92)
PLW (+680)
PAN (+507)
PNG (+675)
PRY (+595)
PER (+51)
PHL (+63)
PCN (+870)
POL (+48)
PRT (+351)
PRI (+1)
QAT (+974)
COG (+242)
ROU (+40)
RUS (+7)
RWA (+250)
BLM (+590)
SHN (+290)
KNA (+1869)
LCA (+1758)
MAF (+1599)
SPM (+508)
VCT (+1784)
WSM (+685)
SMR (+378)
STP (+239)
SAU (+966)
SEN (+221)
SRB (+381)
SSU (+211)
SYC (+248)
SLE (+232)
SGP (+65)
SVK (+421)
SVN (+386)
SLB (+677)
SOM (+252)
ZAF (+27)
KOR (+82)
ESP (+34)
LKA (+94)
SUR (+597)
SWZ (+268)
SWE (+46)
CHE (+41)
TWN (+886)
TJK (+992)
TZA (+255)
THA (+66)
TLS (+670)
TGO (+228)
TKL (+690)
TON (+676)
TTO (+1868)
TUN (+216)
TUR (+90)
TKM (+993)
TCA (+1649)
TUV (+688)
UGA (+256)
URY (+598)
VIR (+1340)
UZB (+998)
VUT (+678)
VEN (+58)
VNM (+84)
WLF (+681)
YEM (+967)
ZMB (+260)
ZWE (+263)
400 chars
I agree to the Terms & Conditions and Privacy Policy
Check prices in registry records
In Tara Nagar
3 recent transactions in this locality
in last 3 years
Avg. transaction rates are Rs. 3757/sqft
Based on last 3 transactions
Transaction Details
Data Source : 
Telangana government
99acres.com has made available data related to registration through online ...more
Is this Helpful ?YesNo
View recent transactions
Locality Reviews
for Tara Nagar, Chandanagar, Hyderabad
Review your Society / Locality
3.7
/5
Average Rating
(4 Total Reviews)
5★
4★
3★
2★
1★
See how ratings are calculated
Ratings by features
Connectivity
3.7 out of 5
Lifestyle
3.8 out of 5
Safety
3.7 out of 5
Green Area
3.6 out of 5
Popular Mentions
100% Positive Mentions
Likes
Easy Cab/Auto Availability (3)
Good Public Transport (3)
Reviews by residents
View All
RecommendedNegative FirstWith PhotosRecent First
4.6
★
Sai Maruti Enclave
POSITIVES
 Markets are nearby to buy groceries and essential items. There is a playground nearby where children can play in their free time. There are excellent schools n...Show More
NEGATIVES
In some areas, roads cause disturbances. Air pollution is prevalent and unsatisfactory. Some restaurants lack hygienic food, which can lead to health issues. Th...Show More
C
Chandu
Tenant (living since 1Y) | 1Y ago
4.7
★
POSITIVES
It is one of the most preferred place among all the places located in our surroundings due to the presence of the best facilities here. So many schools are loca...Show More
NEGATIVES
Most of the buses is overcrowded, and we find it difficult to find a proper seat to sit and travel. Sometimes, we also notice the pollution in our surroundings.
S
Shashank
Owner (living since 3+Y) | 1Y ago
3.7
★
Kanukunta
POSITIVES
Cabs Ola Uber, Rapido cab service is very fast, good hospital and medical service nearby available, Road quality is well maintained, water supply service is so ...Show More
NEGATIVES
Good schools and colleges are not available for students, parks and garden maintenance is poor, metro station connectivity is not available in this area, street...Show More
S
Sarita
Former Resident (lived for 3+Y) | 1Y ago
Read All
4 Reviews
Is this helpful?YesNo
Review your Society / Locality
Reach out to Featured Dealers
who are popular amongst Residential Buyers
View all
67 Buyers this week
SPACE PROPERTIES
Space Properties
Member Since Jun, 2018
RESALE
Contact Dealer
1 Matching Property
24 Buyers this week
THE RISE PROPERTIES
Yashwanth Reddy
Member Since Aug, 2025
RESALE
Contact Dealer
1 Matching Property
114 Buyers this week
ASSETNX INDIA PRIVATE LIMITED
ASSETNX INDIA PRIVATE LIMITED
Member Since Mar, 2022
RESALE
Contact Dealer
5 Matching Properties
2 Verified by 99acres
36 Buyers this week
INDIASSETZ INFRA SERVICES PRIVATE LIMITED
INDIASSETZ INFRA SERVICES PRIVATE LIMITED
Member Since Feb, 2022
RESALE
Contact Dealer
1 Matching Property
25 Buyers this week
FRANCH REALTY
Franch Realty
Member Since May, 2024
RESALE
Contact Dealer
2 Matching Properties
1 Verified by 99acres
More dealers who can help you...
Disha Properties
Disha Properties
Ranjith Realtors
Ranjith Realtors
Mr Laxmikanth
Lakshmikanth
R Nagarjuna
Landlord Sales
Yasaswi Yasaswi
PropAxis
Similar Properties
Verified
Mrinalini Gandhi (Owner) 14th Jan, 2026
₹ 5.5 Cr, 5 BHK
Aakriti Arv Viva
Tellapur, Hyderabad
Enquire Now
Balraj (Owner) 26th Jan, 2026
₹ 4.3 Cr, 4 BHK
KSR Layout, Miyapur
Enquire Now
Verified
Kudipudi Vijay kumar (Dealer) Yesterday
₹ 4.3 Cr, 5 BHK
Ksr Enclave, Chandanagar
Chandanagar, Hyderabad
Enquire Now
Anil Naik (Owner) 14th Oct, 2025
₹ 4 Cr, 2 BHK
Adarsh Nagar, Lingampally, Serilingampally, Hyderabad
Enquire Now
gp keshav (Owner) 18th Dec, 2025
₹ 4.1 Cr, 4 BHK
Madinaguda, Hafeezpet, Hyderabad
Enquire Now
Anna New (Owner) 02nd Dec, 2025
₹ 3.85 Cr, 3 BHK
Deepthi Sri Nagar Colony, Miyapur
Enquire Now
Reema Sarin (Owner) 31st Mar, 2026
₹ 4.75 Cr, 4 BHK
Beeramguda, Hyderabad
Enquire Now
Chandra Shekar (Owner) 09th May, 2026
₹ 4.25 Cr, 3 BHK
HIG, BHEL, Hyderabad
Enquire Now
Chinna Cheemal (Owner) 07th May, 2026
₹ 4 Cr, 2 BHK
Gangaram , Chandanagar, Hyderabad
Enquire Now
Geetha (Owner) 24th Mar, 2026
₹ 3.6 Cr, 4 BHK
Praneeth Pranav Panorama
Ramachandrapuram, Old Mumbai Highway
Enquire Now
>
Newly launched projects
Bigger home in the same budget
Less upfront payment
Preferred units at zero brokerage
Limited launch offers available
Just now launched in the market
NEW ARRIVAL
RERA
The Cascades Neopolis
Neopolis, Hyderabad
₹3.5 - 5.01 Cr
|
3, 4 BHK Apartment
Completion in Mar, 2030
Get preferred options @zero brokerage
View Number
NEW LAUNCH
RERA
Fiora By Yashoda
Tukkuguda, Hyderabad
₹4.48 - 5.36 Cr
|
4 BHK Villa
17.6% price increase in last 1 year in 
Get preferred options @zero brokerage
View Number
NEW LAUNCH
RERA
Aurum by Sree Varaaha
Financial District, Hyderabad
₹3.21 - 10.6 Cr
|
4 BHK Apartment
20.0% price increase in last 3 years in 
Get preferred options @zero brokerage
View Number
Interesting Reads
Read realty news, guides & articles
Akshita Infra: A legacy of excellence
Apr 17, 2026
ASBL Landmark unveils final tower launch
Oct 08, 2025
Top reasons to buy a home in Vertex Florenza
Dec 29, 2025
Top reasons to invest in North Hyderabad
Feb 28, 2026
Related to your search
About Tara Nagar
Tara Nagar Hyderabad Overview
Reviews of Tara Nagar Hyderabad
Tara Nagar & nearby listings
Buy 3 BHK Semi furnished House/Villa in Tara Nagar for 5 Cr
Property Options in Tara Nagar
House for sale in Tara Nagar by owner
Verified House for sale in Tara Nagar
Resale House for sale in Tara Nagar
View 3 More
Links
Mobile Apps
Our Services
Price Trends
Post your Property
Real Estate Investments
Builders in India
Area Converter
Articles
Rent Receipt
Customer Service
Sitemap
Company
About us
Contact us
Careers with us
Terms & Conditions
Request Info
Feedback
Report a problem
Testimonials
Privacy Policy
Summons/Notices
Grievances
Safety Guide
Our Partners
Naukri.com - Jobs in India
Naukrigulf.com - Jobs in middle east
Jeevansathi.com - Matrimonials
Brijj.com - Professional Networking
Shiksha.com - Education Career Info
Policybazaar.com - Insurance India
PaisaBazaar.com
AmbitionBox.com
FirstNaukri.com - A jobsite for campus hiring
Jobhai.com – Find Jobs Near You
Techminis.com - Tech news on the go
CONTACT US
Toll Free 1800 41 99099
Monday - Sunday (9:30AM to 06:30PM IST)
Email: feedback@99acres.com
CONNECT WITH US
* India's leading Property Portal. Source: Alexa.com
# Free Listings are available only for Owners
MOBILE APP
Usage of 99acres.com to upload content which enables targeting by religion/community/caste/race is prohibited. Please report inappropriate content by writing to us at report abuse
All right reserved - Info Edge (India) Ltd. A group venture
You are requesting to view advertiser details.
POSTED BY OWNER:
+56-8062171126, ownerverifiedp12818753@99acres.com
SRIKANTH MAKINENI | SRIKANTH MAKINENI
Was your call with owner helpful?YesNoDidn't pickup
POSTED ON MAY 02, 2026:
Rs5 Cr | Chanda Nagar, Tara Nagar
225 SQFT | 3 BEDROOMS INDEPENDENT HOUSE/VILLA
Your reason to buy isInvestmentSelf Use
Similar Properties
Verified
Mrinalini Gandhi (Owner) 14th Jan, 2026
₹ 5.5 Cr, 5 BHK
Aakriti Arv Viva
Tellapur, Hyderabad
Enquire Now
Balraj (Owner) 26th Jan, 2026
₹ 4.3 Cr, 4 BHK
KSR Layout, Miyapur
Enquire Now
Verified
Kudipudi Vijay kumar (Dealer) Yesterday
₹ 4.3 Cr, 5 BHK
Ksr Enclave, Chandanagar
Chandanagar, Hyderabad
Enquire Now
Anil Naik (Owner) 14th Oct, 2025
₹ 4 Cr, 2 BHK
Adarsh Nagar, Lingampally, Serilingampally, Hyderabad
Enquire Now
gp keshav (Owner) 18th Dec, 2025
₹ 4.1 Cr, 4 BHK
Madinaguda, Hafeezpet, Hyderabad
Enquire Now
Anna New (Owner) 02nd Dec, 2025
₹ 3.85 Cr, 3 BHK
Deepthi Sri Nagar Colony, Miyapur
Enquire Now
Reema Sarin (Owner) 31st Mar, 2026
₹ 4.75 Cr, 4 BHK
Beeramguda, Hyderabad
Enquire Now
Chandra Shekar (Owner) 09th May, 2026
₹ 4.25 Cr, 3 BHK
HIG, BHEL, Hyderabad
Enquire Now
Chinna Cheemal (Owner) 07th May, 2026
₹ 4 Cr, 2 BHK
Gangaram , Chandanagar, Hyderabad
Enquire Now
Geetha (Owner) 24th Mar, 2026
₹ 3.6 Cr, 4 BHK
Praneeth Pranav Panorama
Ramachandrapuram, Old Mumbai Highway
Enquire Now
>
We do not spam− Details shared with selected advertisers only.Connect with us for better deals & offers.Your details are secure with us.
2026-05-20 13:27:47,639 - INFO - Sale Price: ₹ 5 Cr
2026-05-20 13:31:50,433 - INFO - Clicking Buy Tab
2026-05-20 13:31:50,962 - INFO - Entering Location: Hyderabad
2026-05-20 13:31:52,115 - INFO - Clicking Search Button
2026-05-20 13:31:52,185 - INFO - Verifying Buy Search Results
2026-05-20 13:31:55,547 - INFO - Buy Results Heading: Property in Hyderabad for Sale
2026-05-20 13:32:00,248 - INFO - Buy Results Count: 35671
2026-05-20 13:32:00,249 - INFO - Clicking Ok Understood Popup
2026-05-20 13:32:10,043 - INFO - Applying 2 BHK Filter
2026-05-20 13:32:33,852 - INFO - Applying Residential Apartment Filter
2026-05-20 13:32:57,134 - INFO - Applying Ready To Move Filter
2026-05-20 13:33:20,585 - INFO - Applying Owner Filter
2026-05-20 13:33:43,891 - INFO - Applying Locality Filter
2026-05-20 13:34:12,032 - INFO - Locality Filter Applied: False
2026-05-20 13:34:12,032 - INFO - Applying RERA Approved Filter
2026-05-20 13:34:35,424 - INFO - RERA Approved Filter Applied: True
2026-05-20 13:34:35,425 - INFO - Verifying Filtered Buy Results
2026-05-20 13:35:13,677 - INFO - Filtered Buy Results Count: 2602
2026-05-20 13:35:13,677 - INFO - Selecting First Filtered Buy Result
2026-05-20 13:35:27,813 - INFO - Opened Buy Property Page URL: https://www.99acres.com/30-bhk-bedroom-independent-house-villa-for-sale-in-begumpet-hyderabad-9000-sqft-r1-spid-Y85913864
2026-05-20 13:35:28,002 - INFO - Switching To Buy Property Window
2026-05-20 13:35:34,321 - INFO - Clicking Shortlist
2026-05-20 13:35:47,321 - INFO - Opening Owner Details
2026-05-20 13:36:01,094 - INFO - Clicking View Phone Number
2026-05-20 13:36:13,994 - INFO - Verifying Contact Section
2026-05-20 13:36:15,547 - INFO - Buy Property Title: Buy
|
Post property
FREE

RERA STATUS
₹ 11.5 Cr
30Bedrooms 25Baths
Contact OwnerFREE
RERA STATUS NOT AVAILABLE Website: http://rerait.telangana.gov.in/
OverviewOwner DetailsRegistry RecordExplore LocalityFeatured DealersRecommendations


+26 more image
Owner Details
Pavan Kadigari
Owner
Pavan Kadigari
Properties Listed:1
Localities : Begumpet
Send enquiry to Owner
You are Individual Dealer
IND (+91)
GBR (+44)
USA (+1)
AUS (+61)
MYS (+60)
ARE (+971)
AFG (+93)
ALB (+355)
DZA (+213)
ASM (+1684)
AND (+376)
AGO (+244)
AIA (+1264)
ATA (+672)
ATG (+1268)
ARG (+54)
ARM (+374)
ABW (+297)
AUT (+43)
AZE (+994)
BHS (+1242)
BHR (+973)
BGD (+880)
BRB (+1246)
BLR (+375)
BEL (+32)
BLZ (+501)
BEN (+229)
BMU (+1441)
BTN (+975)
BOL (+591)
BIH (+387)
BWA (+267)
BRA (+55)
VGB (+1284)
BRN (+673)
BGR (+359)
BFA (+226)
MMR (+95)
BDI (+257)
KHM (+855)
CMR (+237)
CAN (+1)
CPV (+238)
CYM (+1345)
CAF (+236)
TCD (+235)
CHL (+56)
CHN (+86)
CXR (+61)
CCK (+61)
COL (+57)
COM (+269)
COK (+682)
CRC (+506)
HRV (+385)
CYP (+357)
CZE (+420)
COD (+243)
DNK (+45)
DJI (+253)
DMA (+1767)
DOM (+1809)
ECU (+593)
EGY (+20)
SLV (+503)
GNQ (+240)
ERI (+291)
EST (+372)
ETH (+251)
FLK (+500)
FRO (+298)
FJI (+679)
FIN (+358)
FRA (+33)
PYF (+689)
GAB (+241)
GMB (+220)
GEO (+995)
DEU (+49)
GHA (+233)
GIB (+350)
GRC (+30)
GRL (+299)
GRD (+1473)
GUM (+1671)
GTM (+502)
GIN (+224)
GNB (+245)
GUY (+592)
HTI (+509)
VAT (+39)
HND (+504)
HKG (+852)
HUN (+36)
IS (+354)
IDN (+62)
IRQ (+964)
IRL (+353)
IMN (+44)
ISR (+972)
ITA (+39)
CIV (+225)
JAM (+1876)
JPN (+81)
JOR (+962)
KAZ (+7)
KEN (+254)
KIR (+686)
KWT (+965)
KGZ (+996)
LAO (+856)
LVA (+371)
LBN (+961)
LSO (+266)
LBR (+231)
LBY (+218)
LIE (+423)
LTU (+370)
LUX (+352)
MAC (+853)
MKD (+389)
MDG (+261)
MWI (+265)
MDV (+960)
MLI (+223)
MLT (+356)
MHL (+692)
MRT (+222)
MUS (+230)
MYT (+262)
MEX (+52)
FSM (+691)
MDA (+373)
MCO (+377)
MNG (+976)
MNE (+382)
MSR (+1664)
MAR (+212)
MOZ (+258)
NAM (+264)
NRU (+674)
NPL (+977)
NLD (+31)
ANT (+599)
NCL (+687)
NZL (+64)
NIC (+505)
NER (+227)
NGA (+234)
NIU (+683)
NFK (+672)
MNP (+1670)
NOR (+47)
OMN (+968)
PAK (+92)
PLW (+680)
PAN (+507)
PNG (+675)
PRY (+595)
PER (+51)
PHL (+63)
PCN (+870)
POL (+48)
PRT (+351)
PRI (+1)
QAT (+974)
COG (+242)
ROU (+40)
RUS (+7)
RWA (+250)
BLM (+590)
SHN (+290)
KNA (+1869)
LCA (+1758)
MAF (+1599)
SPM (+508)
VCT (+1784)
WSM (+685)
SMR (+378)
STP (+239)
SAU (+966)
SEN (+221)
SRB (+381)
SSU (+211)
SYC (+248)
SLE (+232)
SGP (+65)
SVK (+421)
SVN (+386)
SLB (+677)
SOM (+252)
ZAF (+27)
KOR (+82)
ESP (+34)
LKA (+94)
SUR (+597)
SWZ (+268)
SWE (+46)
CHE (+41)
TWN (+886)
TJK (+992)
TZA (+255)
THA (+66)
TLS (+670)
TGO (+228)
TKL (+690)
TON (+676)
TTO (+1868)
TUN (+216)
TUR (+90)
TKM (+993)
TCA (+1649)
TUV (+688)
UGA (+256)
URY (+598)
VIR (+1340)
UZB (+998)
VUT (+678)
VEN (+58)
VNM (+84)
WLF (+681)
YEM (+967)
ZMB (+260)
ZWE (+263)
400 chars
I agree to the Terms & Conditions and Privacy Policy
Check prices in registry records
In Begumpet
19 recent transactions in this locality
Avg. transaction rates are Rs. 4872/sqft


You are requesting to view advertiser details.
POSTED BY OWNER:
+91 98***543**
PAVAN KADIGARI | PAVAN KADIGARI
POSTED ON APR 13, 2026:
Rs11.5 Cr |
9000 SQFT | 30 BEDROOMS INDEPENDENT HOUSE/VILLA
Please fill in your details to be shared with this advertiser only.
BASIC INFORMATION
Are you a property dealer Yes No
Name
Phone
That looks like an invalid phone number
+91 IND
+44 GBR
+1 USA
+61 AUS
+60 MYS
+971 ARE
+93 AFG
+355 ALB
+213 DZA
+1684 ASM
+376 AND
+244 AGO
+1264 AIA
+672 ATA
+1268 ATG
+54 ARG
+374 ARM
+297 ABW
+43 AUT
+994 AZE
+1242 BHS
+973 BHR
+880 BGD
+1246 BRB
+375 BLR
+32 BEL
+501 BLZ
+229 BEN
+1441 BMU
+975 BTN
+591 BOL
+387 BIH
+267 BWA
+55 BRA
+1284 VGB
+673 BRN
+359 BGR
+226 BFA
+95 MMR
+257 BDI
+855 KHM
+237 CMR
+1 CAN
+238 CPV
+1345 CYM
+236 CAF
+235 TCD
+56 CHL
+86 CHN
+61 CXR
+61 CCK
+57 COL
+269 COM
+682 COK
+506 CRC
+385 HRV
+357 CYP
+420 CZE
+243 COD
+45 DNK
+253 DJI
+1767 DMA
+1809 DOM
+593 ECU
+20 EGY
+503 SLV
+240 GNQ
+291 ERI
+372 EST
+251 ETH
+500 FLK
+298 FRO
+679 FJI
+358 FIN
+33 FRA
+689 PYF
+241 GAB
+220 GMB
+995 GEO
+49 DEU
+233 GHA
+350 GIB
+30 GRC
+299 GRL
+1473 GRD
+1671 GUM
+502 GTM
+224 GIN
+245 GNB
+592 GUY
+509 HTI
+39 VAT
+504 HND
+852 HKG
+36 HUN
+354 IS
+62 IDN
+964 IRQ
+353 IRL
+44 IMN
+972 ISR
+39 ITA
+225 CIV
+1876 JAM
+81 JPN
+962 JOR
+7 KAZ
+254 KEN
+686 KIR
+965 KWT
+996 KGZ
+856 LAO
+371 LVA
+961 LBN
+266 LSO
+231 LBR
+218 LBY
+423 LIE
+370 LTU
+352 LUX
+853 MAC
+389 MKD
+261 MDG
+265 MWI
+960 MDV
+223 MLI
+356 MLT
+692 MHL
+222 MRT
+230 MUS
+262 MYT
+52 MEX
+691 FSM
+373 MDA
+377 MCO
+976 MNG
+382 MNE
+1664 MSR
+212 MAR
+258 MOZ
+264 NAM
+674 NRU
+977 NPL
+31 NLD
+599 ANT
+687 NCL
+64 NZL
+505 NIC
+227 NER
+234 NGA
+683 NIU
+672 NFK
+1670 MNP
+47 NOR
+968 OMN
+92 PAK
+680 PLW
+507 PAN
+675 PNG
+595 PRY
+51 PER
+63 PHL
+870 PCN
+48 POL
+351 PRT
+1 PRI
+974 QAT
+242 COG
+40 ROU
+7 RUS
+250 RWA
+590 BLM
+290 SHN
+1869 KNA
+1758 LCA
+1599 MAF
+508 SPM
+1784 VCT
+685 WSM
+378 SMR
+239 STP
+966 SAU
+221 SEN
+381 SRB
+211 SSU
+248 SYC
+232 SLE
+65 SGP
+421 SVK
+386 SVN
+677 SLB
+252 SOM
+27 ZAF
+82 KOR
+34 ESP
+94 LKA
+597 SUR
+268 SWZ
+46 SWE
+41 CHE
+886 TWN
+992 TJK
+255 TZA
+66 THA
+670 TLS
+228 TGO
+690 TKL
+676 TON
+1868 TTO
+216 TUN
+90 TUR
+993 TKM
+1649 TCA
+688 TUV
+256 UGA
+598 URY
+1340 VIR
+998 UZB
+678 VUT
+58 VEN
+84 VNM
+681 WLF
+967 YEM
+260 ZMB
+263 ZWE
OPTIONAL INFORMATION
By when you are planning to buy the property?
3 months
6 months
More than 6 months
I am interested in home loan
I am interested in site visits.
I agree to the Terms & Conditions and Privacy Policy
We do not spam− Details shared with selected advertisers only.Connect with us for better deals & offers.Your details are secure with us.
Verify your number
+91-6397650133
Enter your 4 digit OTP
Haven't received yet?
Resend OTP
Verify & Continue
Or, Verify via Missed Call
2026-05-20 13:36:16,967 - INFO - Sale Price: ₹ 11.5 Cr
2026-05-20 13:39:33,768 - INFO - Clicking Buy Tab
2026-05-20 13:39:35,834 - INFO - Entering Location: Hyderabad
2026-05-20 13:39:37,365 - INFO - Clicking Search Button
2026-05-20 13:39:37,447 - INFO - Verifying Buy Search Results
2026-05-20 13:40:18,806 - INFO - Clicking Buy Tab
2026-05-20 13:40:19,393 - INFO - Entering Location: Hyderabad
2026-05-20 13:40:20,696 - INFO - Clicking Search Button
2026-05-20 13:40:20,778 - INFO - Verifying Buy Search Results
2026-05-20 13:40:23,145 - INFO - Buy Results Heading: Property in Hyderabad for Sale
2026-05-20 13:40:29,247 - INFO - Buy Results Count: 35675
2026-05-20 13:40:29,248 - INFO - Clicking Ok Understood Popup
2026-05-20 13:40:38,981 - INFO - Applying 2 BHK Filter
2026-05-20 13:41:02,188 - INFO - Applying Residential Apartment Filter
2026-05-20 13:41:25,566 - INFO - Applying Ready To Move Filter
2026-05-20 13:41:48,946 - INFO - Applying Owner Filter
2026-05-20 13:42:12,341 - INFO - Applying Locality Filter
2026-05-20 13:42:42,215 - INFO - Locality Filter Applied: False
2026-05-20 13:42:42,216 - INFO - Applying RERA Approved Filter
2026-05-20 13:43:06,594 - INFO - RERA Approved Filter Applied: True
2026-05-20 13:43:06,594 - INFO - Verifying Filtered Buy Results
2026-05-20 13:43:38,057 - INFO - Filtered Buy Results Count: 3455
2026-05-20 13:43:38,063 - INFO - Selecting First Filtered Buy Result
2026-05-20 13:43:52,170 - INFO - Opened Buy Property Page URL: https://www.99acres.com/3-bhk-bedroom-independent-house-villa-for-sale-in-tara-nagar-hyderabad-225-sqft-r1-spid-H85982222
2026-05-20 13:43:52,460 - INFO - Switching To Buy Property Window
2026-05-20 13:43:58,861 - INFO - Clicking Shortlist
2026-05-20 13:44:11,936 - INFO - Opening Owner Details
2026-05-20 13:44:25,892 - INFO - Clicking View Phone Number
2026-05-20 13:44:38,814 - INFO - Verifying Contact Section
2026-05-20 13:44:41,060 - INFO - Buy Property Title: Buy
|
Post property
FREE

RERA STATUS
₹ 5 Cr
3Bedrooms 3Baths
Contact OwnerFREE
RERA STATUS NOT AVAILABLE Website: http://rerait.telangana.gov.in/
OverviewOwner DetailsRegistry RecordLocality ReviewsFeatured DealersRecommendations



Property sold out? Incorrect data?Report
Owner Details
Srikanth Makineni
Owner
Srikanth Makineni
Properties Listed:2Verified Properties:2
Localities : Serilingampally,Tara Nagar
Send enquiry to Owner
You are Individual Dealer
IND (+91)
GBR (+44)
USA (+1)
AUS (+61)
MYS (+60)
ARE (+971)
AFG (+93)
ALB (+355)
DZA (+213)
ASM (+1684)
AND (+376)
AGO (+244)
AIA (+1264)
ATA (+672)
ATG (+1268)
ARG (+54)
ARM (+374)
ABW (+297)
AUT (+43)
AZE (+994)
BHS (+1242)
BHR (+973)
BGD (+880)
BRB (+1246)
BLR (+375)
BEL (+32)
BLZ (+501)
BEN (+229)
BMU (+1441)
BTN (+975)
BOL (+591)
BIH (+387)
BWA (+267)
BRA (+55)
VGB (+1284)
BRN (+673)
BGR (+359)
BFA (+226)
MMR (+95)
BDI (+257)
KHM (+855)
CMR (+237)
CAN (+1)
CPV (+238)
CYM (+1345)
CAF (+236)
TCD (+235)
CHL (+56)
CHN (+86)
CXR (+61)
CCK (+61)
COL (+57)
COM (+269)
COK (+682)
CRC (+506)
HRV (+385)
CYP (+357)
CZE (+420)
COD (+243)
DNK (+45)
DJI (+253)
DMA (+1767)
DOM (+1809)
ECU (+593)
EGY (+20)
SLV (+503)
GNQ (+240)
ERI (+291)
EST (+372)
ETH (+251)
FLK (+500)
FRO (+298)
FJI (+679)
FIN (+358)
FRA (+33)
PYF (+689)
GAB (+241)
GMB (+220)
GEO (+995)
DEU (+49)
GHA (+233)
GIB (+350)
GRC (+30)
GRL (+299)
GRD (+1473)
GUM (+1671)
GTM (+502)
GIN (+224)
GNB (+245)
GUY (+592)
HTI (+509)
VAT (+39)
HND (+504)
HKG (+852)
HUN (+36)
IS (+354)
IDN (+62)
IRQ (+964)
IRL (+353)
IMN (+44)
ISR (+972)
ITA (+39)
CIV (+225)
JAM (+1876)
JPN (+81)
JOR (+962)
KAZ (+7)
KEN (+254)
KIR (+686)
KWT (+965)
KGZ (+996)
LAO (+856)
LVA (+371)
LBN (+961)
LSO (+266)
LBR (+231)
LBY (+218)
LIE (+423)
LTU (+370)
LUX (+352)
MAC (+853)
MKD (+389)
MDG (+261)
MWI (+265)
MDV (+960)
MLI (+223)
MLT (+356)
MHL (+692)
MRT (+222)
MUS (+230)
MYT (+262)
MEX (+52)
FSM (+691)
MDA (+373)
MCO (+377)
MNG (+976)
MNE (+382)
MSR (+1664)
MAR (+212)
MOZ (+258)
NAM (+264)
NRU (+674)
NPL (+977)
NLD (+31)
ANT (+599)
NCL (+687)
NZL (+64)
NIC (+505)
NER (+227)
NGA (+234)
NIU (+683)
NFK (+672)
MNP (+1670)
NOR (+47)
OMN (+968)
PAK (+92)
PLW (+680)
PAN (+507)
PNG (+675)
PRY (+595)
PER (+51)
PHL (+63)
PCN (+870)
POL (+48)
PRT (+351)
PRI (+1)
QAT (+974)
COG (+242)
ROU (+40)
RUS (+7)
RWA (+250)
BLM (+590)
SHN (+290)
KNA (+1869)
LCA (+1758)
MAF (+1599)
SPM (+508)
VCT (+1784)
WSM (+685)
SMR (+378)
STP (+239)
SAU (+966)
SEN (+221)
SRB (+381)
SSU (+211)
SYC (+248)
SLE (+232)
SGP (+65)
SVK (+421)
SVN (+386)
SLB (+677)
SOM (+252)
ZAF (+27)
KOR (+82)
ESP (+34)
LKA (+94)
SUR (+597)
SWZ (+268)
SWE (+46)
CHE (+41)
TWN (+886)
TJK (+992)
TZA (+255)
THA (+66)
TLS (+670)
TGO (+228)
TKL (+690)
TON (+676)
TTO (+1868)
TUN (+216)
TUR (+90)
TKM (+993)
TCA (+1649)
TUV (+688)
UGA (+256)
URY (+598)
VIR (+1340)
UZB (+998)
VUT (+678)
VEN (+58)
VNM (+84)
WLF (+681)
YEM (+967)
ZMB (+260)
ZWE (+263)
400 chars
I agree to the Terms & Conditions and Privacy Policy
Check prices in registry records
In Tara Nagar
3 recent transactions in this locality
Avg. transaction rates are Rs. 3757/sqft


You are requesting to view advertiser details.
POSTED BY OWNER:
+91 98***543**
SRIKANTH MAKINENI | SRIKANTH MAKINENI
POSTED ON MAY 02, 2026:
Rs5 Cr | Chanda Nagar, Tara Nagar
225 SQFT | 3 BEDROOMS INDEPENDENT HOUSE/VILLA
Please fill in your details to be shared with this advertiser only.
BASIC INFORMATION
Are you a property dealer Yes No
Name
Phone
That looks like an invalid phone number
+91 IND
+44 GBR
+1 USA
+61 AUS
+60 MYS
+971 ARE
+93 AFG
+355 ALB
+213 DZA
+1684 ASM
+376 AND
+244 AGO
+1264 AIA
+672 ATA
+1268 ATG
+54 ARG
+374 ARM
+297 ABW
+43 AUT
+994 AZE
+1242 BHS
+973 BHR
+880 BGD
+1246 BRB
+375 BLR
+32 BEL
+501 BLZ
+229 BEN
+1441 BMU
+975 BTN
+591 BOL
+387 BIH
+267 BWA
+55 BRA
+1284 VGB
+673 BRN
+359 BGR
+226 BFA
+95 MMR
+257 BDI
+855 KHM
+237 CMR
+1 CAN
+238 CPV
+1345 CYM
+236 CAF
+235 TCD
+56 CHL
+86 CHN
+61 CXR
+61 CCK
+57 COL
+269 COM
+682 COK
+506 CRC
+385 HRV
+357 CYP
+420 CZE
+243 COD
+45 DNK
+253 DJI
+1767 DMA
+1809 DOM
+593 ECU
+20 EGY
+503 SLV
+240 GNQ
+291 ERI
+372 EST
+251 ETH
+500 FLK
+298 FRO
+679 FJI
+358 FIN
+33 FRA
+689 PYF
+241 GAB
+220 GMB
+995 GEO
+49 DEU
+233 GHA
+350 GIB
+30 GRC
+299 GRL
+1473 GRD
+1671 GUM
+502 GTM
+224 GIN
+245 GNB
+592 GUY
+509 HTI
+39 VAT
+504 HND
+852 HKG
+36 HUN
+354 IS
+62 IDN
+964 IRQ
+353 IRL
+44 IMN
+972 ISR
+39 ITA
+225 CIV
+1876 JAM
+81 JPN
+962 JOR
+7 KAZ
+254 KEN
+686 KIR
+965 KWT
+996 KGZ
+856 LAO
+371 LVA
+961 LBN
+266 LSO
+231 LBR
+218 LBY
+423 LIE
+370 LTU
+352 LUX
+853 MAC
+389 MKD
+261 MDG
+265 MWI
+960 MDV
+223 MLI
+356 MLT
+692 MHL
+222 MRT
+230 MUS
+262 MYT
+52 MEX
+691 FSM
+373 MDA
+377 MCO
+976 MNG
+382 MNE
+1664 MSR
+212 MAR
+258 MOZ
+264 NAM
+674 NRU
+977 NPL
+31 NLD
+599 ANT
+687 NCL
+64 NZL
+505 NIC
+227 NER
+234 NGA
+683 NIU
+672 NFK
+1670 MNP
+47 NOR
+968 OMN
+92 PAK
+680 PLW
+507 PAN
+675 PNG
+595 PRY
+51 PER
+63 PHL
+870 PCN
+48 POL
+351 PRT
+1 PRI
+974 QAT
+242 COG
+40 ROU
+7 RUS
+250 RWA
+590 BLM
+290 SHN
+1869 KNA
+1758 LCA
+1599 MAF
+508 SPM
+1784 VCT
+685 WSM
+378 SMR
+239 STP
+966 SAU
+221 SEN
+381 SRB
+211 SSU
+248 SYC
+232 SLE
+65 SGP
+421 SVK
+386 SVN
+677 SLB
+252 SOM
+27 ZAF
+82 KOR
+34 ESP
+94 LKA
+597 SUR
+268 SWZ
+46 SWE
+41 CHE
+886 TWN
+992 TJK
+255 TZA
+66 THA
+670 TLS
+228 TGO
+690 TKL
+676 TON
+1868 TTO
+216 TUN
+90 TUR
+993 TKM
+1649 TCA
+688 TUV
+256 UGA
+598 URY
+1340 VIR
+998 UZB
+678 VUT
+58 VEN
+84 VNM
+681 WLF
+967 YEM
+260 ZMB
+263 ZWE
OPTIONAL INFORMATION
By when you are planning to buy the property?
3 months
6 months
More than 6 months
I am interested in home loan
I am interested in site visits.
I agree to the Terms & Conditions and Privacy Policy
We do not spam− Details shared with selected advertisers only.Connect with us for better deals & offers.Your details are secure with us.
Verify your number
+91-6397650133
Enter your 4 digit OTP
Haven't received yet?
Resend OTP
Verify & Continue
Or, Verify via Missed Call
2026-05-20 13:44:43,915 - INFO - Sale Price: ₹ 5 Cr
2026-05-20 13:48:10,561 - INFO - Clicking Buy Tab
2026-05-20 13:48:13,374 - INFO - Entering Location: Hyderabad
2026-05-20 13:48:15,136 - INFO - Clicking Search Button
2026-05-20 13:48:15,243 - INFO - Verifying Buy Search Results
2026-05-20 13:48:18,313 - INFO - Buy Results Heading: Property in Hyderabad for Sale
2026-05-20 13:48:23,549 - INFO - Buy Results Count: 35678
2026-05-20 13:48:23,549 - INFO - Clicking Ok Understood Popup
2026-05-20 13:48:33,520 - INFO - Applying 2 BHK Filter
2026-05-20 13:48:56,789 - INFO - Applying Residential Apartment Filter
2026-05-20 13:49:20,822 - INFO - Applying Ready To Move Filter
2026-05-20 13:49:43,771 - INFO - Applying Owner Filter
2026-05-20 13:50:06,887 - INFO - Applying Locality Filter
2026-05-20 13:50:29,873 - INFO - Locality Filter Applied: False
2026-05-20 13:50:29,873 - INFO - Applying RERA Approved Filter
2026-05-20 13:50:53,771 - INFO - RERA Approved Filter Applied: True
2026-05-20 13:50:53,772 - INFO - Verifying Filtered Buy Results
2026-05-20 13:51:03,793 - INFO - Filtered Buy Results Count: 3456
2026-05-20 13:51:03,793 - INFO - Selecting First Filtered Buy Result
2026-05-20 13:51:20,798 - INFO - Opened Buy Property Page URL: https://www.99acres.com/3-bhk-bedroom-independent-house-villa-for-sale-in-tara-nagar-hyderabad-225-sqft-r1-spid-H85982222
2026-05-20 13:51:21,141 - INFO - Switching To Buy Property Window
2026-05-20 13:51:27,796 - INFO - Clicking Shortlist
2026-05-20 13:51:40,603 - INFO - Opening Owner Details
2026-05-20 13:51:53,546 - INFO - Clicking View Phone Number
2026-05-20 13:52:06,902 - INFO - Verifying Contact Section
2026-05-20 13:52:07,614 - INFO - Buy Property Title: Buy
|
Post property
FREE
V A

Home›Property in Hyderabad›House for sale in Hyderabad›House for sale in Chandanagar›House for sale in Tara Nagar›3 BHK House for sale in Tara Nagar
Posted on May 02, 2026 Ready to move
Verified
Platinum
₹ 5 Cr@ 20 L per sqyd
Estimated EMI ₹3,99,352
3Bedrooms 3Baths
Independent House/Villa for Sale
in Chanda Nagar, Tara Nagar, Tara Nagar, Chandanagar, Hyderabad
Shortlist
Property added to your shortlist
Contact OwnerFREE
RERA STATUS NOT AVAILABLE Website: http://rerait.telangana.gov.in/
OverviewOwner DetailsRegistry RecordLocality ReviewsFeatured DealersRecommendations
Videos (1)
Property (39)
2 people shortlisted this property since last week
Area
Plot area 25
(20.9 sq.m.)  
sqyd
Configuration
3 Bedrooms , 3 Bathrooms, 3 Balconies
Price
₹ 5 Crore
@ 20 L per sqyd (Negotiable)
Address
Chanda Nagar, Tara Nagar
Tara Nagar, Chandanagar, Hyderabad
Total Floors
2 Floors
Facing
South
Property Age
10+ Year Old
Places nearby
View All (50)
Tara Nagar, Chandanagar, Hyderabad
KAIRA Dresses
ME2 Shoppee
Balaji dresses
Ganesh Mandir
Sri Potutuluri Veerabramendra Swami Temple
Hanuman Temple
Why you should consider this property?
Key Highlights
of the property
Private Garden
Parking Available
Vitrified Flooring
Semi-Furnished
Transaction Type:Resale
Property Ownership:Freehold
Flooring:VitrifiedFurnishing:SemifurnishedParking:1 OpenWater Source:Borewell/Tank
Power Backup:None
About Property
Address: Tara Nagar, Chandanagar, Hyderabad
An impeccable opportunity is here for those who are looking to own aesthetically designed independent villa in , lingampally, serilingampally, telangana which ensures a relaxed and comfortable stay. Being an independent villa it provides you a serene and tranquil environment with a modern setup. Thi...
More >>
Semifurnished
Furnishing Details
2 Wardrobe
Fan
Light
No AC
No Bed
No Chimney
No Dining Table
No Geyser
No Modular Kitchen
No Microwave
No Fridge
No Sofa
No Stove
No TV
No Washing Machine
No Water Purifier
Features
Private Garden / Terrace
Water Storage
Park
Property sold out? Incorrect data?Report
Owner Details
Srikanth Makineni
Owner
Srikanth Makineni
Properties Listed:2Verified Properties:2
Localities : Serilingampally,Tara Nagar
Send enquiry to Owner
You are Individual Dealer
IND (+91)
GBR (+44)
USA (+1)
AUS (+61)
MYS (+60)
ARE (+971)
AFG (+93)
ALB (+355)
DZA (+213)
ASM (+1684)
AND (+376)
AGO (+244)
AIA (+1264)
ATA (+672)
ATG (+1268)
ARG (+54)
ARM (+374)
ABW (+297)
AUT (+43)
AZE (+994)
BHS (+1242)
BHR (+973)
BGD (+880)
BRB (+1246)
BLR (+375)
BEL (+32)
BLZ (+501)
BEN (+229)
BMU (+1441)
BTN (+975)
BOL (+591)
BIH (+387)
BWA (+267)
BRA (+55)
VGB (+1284)
BRN (+673)
BGR (+359)
BFA (+226)
MMR (+95)
BDI (+257)
KHM (+855)
CMR (+237)
CAN (+1)
CPV (+238)
CYM (+1345)
CAF (+236)
TCD (+235)
CHL (+56)
CHN (+86)
CXR (+61)
CCK (+61)
COL (+57)
COM (+269)
COK (+682)
CRC (+506)
HRV (+385)
CYP (+357)
CZE (+420)
COD (+243)
DNK (+45)
DJI (+253)
DMA (+1767)
DOM (+1809)
ECU (+593)
EGY (+20)
SLV (+503)
GNQ (+240)
ERI (+291)
EST (+372)
ETH (+251)
FLK (+500)
FRO (+298)
FJI (+679)
FIN (+358)
FRA (+33)
PYF (+689)
GAB (+241)
GMB (+220)
GEO (+995)
DEU (+49)
GHA (+233)
GIB (+350)
GRC (+30)
GRL (+299)
GRD (+1473)
GUM (+1671)
GTM (+502)
GIN (+224)
GNB (+245)
GUY (+592)
HTI (+509)
VAT (+39)
HND (+504)
HKG (+852)
HUN (+36)
IS (+354)
IDN (+62)
IRQ (+964)
IRL (+353)
IMN (+44)
ISR (+972)
ITA (+39)
CIV (+225)
JAM (+1876)
JPN (+81)
JOR (+962)
KAZ (+7)
KEN (+254)
KIR (+686)
KWT (+965)
KGZ (+996)
LAO (+856)
LVA (+371)
LBN (+961)
LSO (+266)
LBR (+231)
LBY (+218)
LIE (+423)
LTU (+370)
LUX (+352)
MAC (+853)
MKD (+389)
MDG (+261)
MWI (+265)
MDV (+960)
MLI (+223)
MLT (+356)
MHL (+692)
MRT (+222)
MUS (+230)
MYT (+262)
MEX (+52)
FSM (+691)
MDA (+373)
MCO (+377)
MNG (+976)
MNE (+382)
MSR (+1664)
MAR (+212)
MOZ (+258)
NAM (+264)
NRU (+674)
NPL (+977)
NLD (+31)
ANT (+599)
NCL (+687)
NZL (+64)
NIC (+505)
NER (+227)
NGA (+234)
NIU (+683)
NFK (+672)
MNP (+1670)
NOR (+47)
OMN (+968)
PAK (+92)
PLW (+680)
PAN (+507)
PNG (+675)
PRY (+595)
PER (+51)
PHL (+63)
PCN (+870)
POL (+48)
PRT (+351)
PRI (+1)
QAT (+974)
COG (+242)
ROU (+40)
RUS (+7)
RWA (+250)
BLM (+590)
SHN (+290)
KNA (+1869)
LCA (+1758)
MAF (+1599)
SPM (+508)
VCT (+1784)
WSM (+685)
SMR (+378)
STP (+239)
SAU (+966)
SEN (+221)
SRB (+381)
SSU (+211)
SYC (+248)
SLE (+232)
SGP (+65)
SVK (+421)
SVN (+386)
SLB (+677)
SOM (+252)
ZAF (+27)
KOR (+82)
ESP (+34)
LKA (+94)
SUR (+597)
SWZ (+268)
SWE (+46)
CHE (+41)
TWN (+886)
TJK (+992)
TZA (+255)
THA (+66)
TLS (+670)
TGO (+228)
TKL (+690)
TON (+676)
TTO (+1868)
TUN (+216)
TUR (+90)
TKM (+993)
TCA (+1649)
TUV (+688)
UGA (+256)
URY (+598)
VIR (+1340)
UZB (+998)
VUT (+678)
VEN (+58)
VNM (+84)
WLF (+681)
YEM (+967)
ZMB (+260)
ZWE (+263)
400 chars
I agree to the Terms & Conditions and Privacy Policy
Check prices in registry records
In Tara Nagar
3 recent transactions in this locality
in last 3 years
Avg. transaction rates are Rs. 3757/sqft
Based on last 3 transactions
Transaction Details
Data Source : 
Telangana government
99acres.com has made available data related to registration through online ...more
Is this Helpful ?YesNo
View recent transactions
Locality Reviews
for Tara Nagar, Chandanagar, Hyderabad
Review your Society / Locality
3.7
/5
Average Rating
(4 Total Reviews)
5★
4★
3★
2★
1★
See how ratings are calculated
Ratings by features
Connectivity
3.7 out of 5
Lifestyle
3.8 out of 5
Safety
3.7 out of 5
Green Area
3.6 out of 5
Popular Mentions
100% Positive Mentions
Likes
Easy Cab/Auto Availability (3)
Good Public Transport (3)
Reviews by residents
View All
RecommendedNegative FirstWith PhotosRecent First
4.6
★
Sai Maruti Enclave
POSITIVES
 Markets are nearby to buy groceries and essential items. There is a playground nearby where children can play in their free time. There are excellent schools n...Show More
NEGATIVES
In some areas, roads cause disturbances. Air pollution is prevalent and unsatisfactory. Some restaurants lack hygienic food, which can lead to health issues. Th...Show More
C
Chandu
Tenant (living since 1Y) | 1Y ago
4.7
★
POSITIVES
It is one of the most preferred place among all the places located in our surroundings due to the presence of the best facilities here. So many schools are loca...Show More
NEGATIVES
Most of the buses is overcrowded, and we find it difficult to find a proper seat to sit and travel. Sometimes, we also notice the pollution in our surroundings.
S
Shashank
Owner (living since 3+Y) | 1Y ago
3.7
★
Kanukunta
POSITIVES
Cabs Ola Uber, Rapido cab service is very fast, good hospital and medical service nearby available, Road quality is well maintained, water supply service is so ...Show More
NEGATIVES
Good schools and colleges are not available for students, parks and garden maintenance is poor, metro station connectivity is not available in this area, street...Show More
S
Sarita
Former Resident (lived for 3+Y) | 1Y ago
Read All
4 Reviews
Is this helpful?YesNo
Review your Society / Locality
Reach out to Featured Dealers
who are popular amongst Residential Buyers
View all
24 Buyers this week
THE RISE PROPERTIES
Yashwanth Reddy
Member Since Aug, 2025
RESALE
Contact Dealer
1 Matching Property
114 Buyers this week
ASSETNX INDIA PRIVATE LIMITED
ASSETNX INDIA PRIVATE LIMITED
Member Since Mar, 2022
RESALE
Contact Dealer
5 Matching Properties
2 Verified by 99acres
49 Buyers this week
COVNANT REALITY INDIA PRIVATE LIMITED
COVNANT REALITY INDIA PRIVATE LIMITED
Member Since Oct, 2020
RESALE
Contact Dealer
1 Matching Property
25 Buyers this week
FRANCH REALTY
Franch Realty
Member Since May, 2024
RESALE
Contact Dealer
2 Matching Properties
1 Verified by 99acres
Helpful to 100% buyers
SAI PROPERTY CONSULTANTS
Sai Property Consultants
Member Since Oct, 2016
NEW SALE
Contact Dealer
2 Matching Properties
More dealers who can help you...
Disha Properties
Disha Properties
Ranjith Realtors
Ranjith Realtors
Mr Laxmikanth
Lakshmikanth
R Nagarjuna
Landlord Sales
Yasaswi Yasaswi
PropAxis
Similar Properties
Verified
Mrinalini Gandhi (Owner) 14th Jan, 2026
₹ 5.5 Cr, 5 BHK
Aakriti Arv Viva
Tellapur, Hyderabad
Enquire Now
Balraj (Owner) 26th Jan, 2026
₹ 4.3 Cr, 4 BHK
KSR Layout, Miyapur
Enquire Now
Verified
Kudipudi Vijay kumar (Dealer) Yesterday
₹ 4.3 Cr, 5 BHK
Ksr Enclave, Chandanagar
Chandanagar, Hyderabad
Enquire Now
Anil Naik (Owner) 14th Oct, 2025
₹ 4 Cr, 2 BHK
Adarsh Nagar, Lingampally, Serilingampally, Hyderabad
Enquire Now
gp keshav (Owner) 18th Dec, 2025
₹ 4.1 Cr, 4 BHK
Madinaguda, Hafeezpet, Hyderabad
Enquire Now
Anna New (Owner) 02nd Dec, 2025
₹ 3.85 Cr, 3 BHK
Deepthi Sri Nagar Colony, Miyapur
Enquire Now
Reema Sarin (Owner) 31st Mar, 2026
₹ 4.75 Cr, 4 BHK
Beeramguda, Hyderabad
Enquire Now
Chandra Shekar (Owner) 09th May, 2026
₹ 4.25 Cr, 3 BHK
HIG, BHEL, Hyderabad
Enquire Now
Chinna Cheemal (Owner) 07th May, 2026
₹ 4 Cr, 2 BHK
Gangaram , Chandanagar, Hyderabad
Enquire Now
Geetha (Owner) 24th Mar, 2026
₹ 3.6 Cr, 4 BHK
Praneeth Pranav Panorama
Ramachandrapuram, Old Mumbai Highway
Enquire Now
>
Newly launched projects
Bigger home in the same budget
Less upfront payment
Preferred units at zero brokerage
Limited launch offers available
NEW ARRIVAL
RERA
The Cascades Neopolis
Neopolis, Hyderabad
₹3.5 - 5.01 Cr
|
3, 4 BHK Apartment
Completion in Mar, 2030
Get preferred options @zero brokerage
View Number
NEW LAUNCH
RERA
Fiora By Yashoda
Tukkuguda, Hyderabad
₹4.48 - 5.36 Cr
|
4 BHK Villa
17.6% price increase in last 1 year in 
Get preferred options @zero brokerage
View Number
NEW LAUNCH
RERA
Aurum by Sree Varaaha
Financial District, Hyderabad
₹3.21 - 10.6 Cr
|
4 BHK Apartment
20.0% price increase in last 3 years in 
Get preferred options @zero brokerage
View Number
Interesting Reads
Read realty news, guides & articles
Akshita Infra: A legacy of excellence
Apr 17, 2026
ASBL Landmark unveils final tower launch
Oct 08, 2025
Top reasons to buy a home in Vertex Florenza
Dec 29, 2025
Top reasons to invest in North Hyderabad
Feb 28, 2026
Related to your search
About Tara Nagar
Tara Nagar Hyderabad Overview
Reviews of Tara Nagar Hyderabad
Tara Nagar & nearby listings
Buy 3 BHK Semi furnished House/Villa in Tara Nagar for 5 Cr
Property Options in Tara Nagar
House for sale in Tara Nagar by owner
Verified House for sale in Tara Nagar
Resale House for sale in Tara Nagar
View 3 More
Links
Mobile Apps
Our Services
Price Trends
Post your Property
Real Estate Investments
Builders in India
Area Converter
Articles
Rent Receipt
Customer Service
Sitemap
Company
About us
Contact us
Careers with us
Terms & Conditions
Request Info
Feedback
Report a problem
Testimonials
Privacy Policy
Summons/Notices
Grievances
Safety Guide
Our Partners
Naukri.com - Jobs in India
Naukrigulf.com - Jobs in middle east
Jeevansathi.com - Matrimonials
Brijj.com - Professional Networking
Shiksha.com - Education Career Info
Policybazaar.com - Insurance India
PaisaBazaar.com
AmbitionBox.com
FirstNaukri.com - A jobsite for campus hiring
Jobhai.com – Find Jobs Near You
Techminis.com - Tech news on the go
CONTACT US
Toll Free 1800 41 99099
Monday - Sunday (9:30AM to 06:30PM IST)
Email: feedback@99acres.com
CONNECT WITH US
* India's leading Property Portal. Source: Alexa.com
# Free Listings are available only for Owners
MOBILE APP
Usage of 99acres.com to upload content which enables targeting by religion/community/caste/race is prohibited. Please report inappropriate content by writing to us at report abuse
All right reserved - Info Edge (India) Ltd. A group venture
You are requesting to view advertiser details.
POSTED BY OWNER:
+91 98***543**
SRIKANTH MAKINENI | SRIKANTH MAKINENI
POSTED ON MAY 02, 2026:
Rs5 Cr | Chanda Nagar, Tara Nagar
225 SQFT | 3 BEDROOMS INDEPENDENT HOUSE/VILLA
Please fill in your details to be shared with this advertiser only.
BASIC INFORMATION
Are you a property dealer Yes No
Name
Phone
This number would be verified
+91 IND
+44 GBR
+1 USA
+61 AUS
+60 MYS
+971 ARE
+93 AFG
+355 ALB
+213 DZA
+1684 ASM
+376 AND
+244 AGO
+1264 AIA
+672 ATA
+1268 ATG
+54 ARG
+374 ARM
+297 ABW
+43 AUT
+994 AZE
+1242 BHS
+973 BHR
+880 BGD
+1246 BRB
+375 BLR
+32 BEL
+501 BLZ
+229 BEN
+1441 BMU
+975 BTN
+591 BOL
+387 BIH
+267 BWA
+55 BRA
+1284 VGB
+673 BRN
+359 BGR
+226 BFA
+95 MMR
+257 BDI
+855 KHM
+237 CMR
+1 CAN
+238 CPV
+1345 CYM
+236 CAF
+235 TCD
+56 CHL
+86 CHN
+61 CXR
+61 CCK
+57 COL
+269 COM
+682 COK
+506 CRC
+385 HRV
+357 CYP
+420 CZE
+243 COD
+45 DNK
+253 DJI
+1767 DMA
+1809 DOM
+593 ECU
+20 EGY
+503 SLV
+240 GNQ
+291 ERI
+372 EST
+251 ETH
+500 FLK
+298 FRO
+679 FJI
+358 FIN
+33 FRA
+689 PYF
+241 GAB
+220 GMB
+995 GEO
+49 DEU
+233 GHA
+350 GIB
+30 GRC
+299 GRL
+1473 GRD
+1671 GUM
+502 GTM
+224 GIN
+245 GNB
+592 GUY
+509 HTI
+39 VAT
+504 HND
+852 HKG
+36 HUN
+354 IS
+62 IDN
+964 IRQ
+353 IRL
+44 IMN
+972 ISR
+39 ITA
+225 CIV
+1876 JAM
+81 JPN
+962 JOR
+7 KAZ
+254 KEN
+686 KIR
+965 KWT
+996 KGZ
+856 LAO
+371 LVA
+961 LBN
+266 LSO
+231 LBR
+218 LBY
+423 LIE
+370 LTU
+352 LUX
+853 MAC
+389 MKD
+261 MDG
+265 MWI
+960 MDV
+223 MLI
+356 MLT
+692 MHL
+222 MRT
+230 MUS
+262 MYT
+52 MEX
+691 FSM
+373 MDA
+377 MCO
+976 MNG
+382 MNE
+1664 MSR
+212 MAR
+258 MOZ
+264 NAM
+674 NRU
+977 NPL
+31 NLD
+599 ANT
+687 NCL
+64 NZL
+505 NIC
+227 NER
+234 NGA
+683 NIU
+672 NFK
+1670 MNP
+47 NOR
+968 OMN
+92 PAK
+680 PLW
+507 PAN
+675 PNG
+595 PRY
+51 PER
+63 PHL
+870 PCN
+48 POL
+351 PRT
+1 PRI
+974 QAT
+242 COG
+40 ROU
+7 RUS
+250 RWA
+590 BLM
+290 SHN
+1869 KNA
+1758 LCA
+1599 MAF
+508 SPM
+1784 VCT
+685 WSM
+378 SMR
+239 STP
+966 SAU
+221 SEN
+381 SRB
+211 SSU
+248 SYC
+232 SLE
+65 SGP
+421 SVK
+386 SVN
+677 SLB
+252 SOM
+27 ZAF
+82 KOR
+34 ESP
+94 LKA
+597 SUR
+268 SWZ
+46 SWE
+41 CHE
+886 TWN
+992 TJK
+255 TZA
+66 THA
+670 TLS
+228 TGO
+690 TKL
+676 TON
+1868 TTO
+216 TUN
+90 TUR
+993 TKM
+1649 TCA
+688 TUV
+256 UGA
+598 URY
+1340 VIR
+998 UZB
+678 VUT
+58 VEN
+84 VNM
+681 WLF
+967 YEM
+260 ZMB
+263 ZWE
OPTIONAL INFORMATION
By when you are planning to buy the property?
3 months
6 months
More than 6 months
I am interested in home loan
I am interested in site visits.
I agree to the Terms & Conditions and Privacy Policy
We do not spam− Details shared with selected advertisers only.Connect with us for better deals & offers.Your details are secure with us.
2026-05-20 13:52:08,117 - INFO - Sale Price: ₹ 5 Cr
2026-05-20 13:55:55,338 - INFO - Clicking Buy Tab
2026-05-20 13:55:55,406 - INFO - Entering Location: Hyderabad
2026-05-20 13:55:56,922 - INFO - Clicking Search Button
2026-05-20 13:55:56,973 - INFO - Verifying Buy Search Results
2026-05-20 13:56:08,324 - INFO - Buy Results Heading: Property in Hyderabad for Sale
2026-05-20 13:56:15,512 - INFO - Buy Results Count: 35677
2026-05-20 13:56:15,513 - INFO - Clicking Ok Understood Popup
2026-05-20 13:56:25,775 - INFO - Applying 2 BHK Filter
2026-05-20 13:56:48,936 - INFO - Applying Residential Apartment Filter
2026-05-20 13:57:11,736 - INFO - Applying Ready To Move Filter
2026-05-20 13:57:35,318 - INFO - Applying Owner Filter
2026-05-20 13:57:59,328 - INFO - Applying Locality Filter
2026-05-20 13:58:29,339 - INFO - Locality Filter Applied: False
2026-05-20 13:58:29,340 - INFO - Applying RERA Approved Filter
2026-05-20 13:58:52,899 - INFO - RERA Approved Filter Applied: True
2026-05-20 13:58:52,899 - INFO - Verifying Filtered Buy Results
2026-05-20 13:59:30,943 - INFO - Filtered Buy Results Count: 2604
2026-05-20 13:59:30,944 - INFO - Selecting First Filtered Buy Result
2026-05-20 13:59:44,884 - INFO - Opened Buy Property Page URL: https://www.99acres.com/30-bhk-bedroom-independent-house-villa-for-sale-in-begumpet-hyderabad-9000-sqft-r1-spid-Y85913864
2026-05-20 13:59:45,086 - INFO - Switching To Buy Property Window
2026-05-20 13:59:51,555 - INFO - Clicking Shortlist
2026-05-20 14:00:04,298 - INFO - Opening Owner Details
2026-05-20 14:00:17,422 - INFO - Clicking View Phone Number
2026-05-20 14:00:30,618 - INFO - Verifying Contact Section
2026-05-20 14:00:32,121 - INFO - Buy Property Title: Buy
|
Post property
FREE

RERA STATUS
₹ 11.5 Cr
30Bedrooms 25Baths
Contact OwnerFREE
RERA STATUS NOT AVAILABLE Website: http://rerait.telangana.gov.in/
OverviewOwner DetailsRegistry RecordExplore LocalityFeatured DealersRecommendations


+26 more image
Owner Details
Pavan Kadigari
Owner
Pavan Kadigari
Properties Listed:1
Localities : Begumpet
Send enquiry to Owner
You are Individual Dealer
IND (+91)
GBR (+44)
USA (+1)
AUS (+61)
MYS (+60)
ARE (+971)
AFG (+93)
ALB (+355)
DZA (+213)
ASM (+1684)
AND (+376)
AGO (+244)
AIA (+1264)
ATA (+672)
ATG (+1268)
ARG (+54)
ARM (+374)
ABW (+297)
AUT (+43)
AZE (+994)
BHS (+1242)
BHR (+973)
BGD (+880)
BRB (+1246)
BLR (+375)
BEL (+32)
BLZ (+501)
BEN (+229)
BMU (+1441)
BTN (+975)
BOL (+591)
BIH (+387)
BWA (+267)
BRA (+55)
VGB (+1284)
BRN (+673)
BGR (+359)
BFA (+226)
MMR (+95)
BDI (+257)
KHM (+855)
CMR (+237)
CAN (+1)
CPV (+238)
CYM (+1345)
CAF (+236)
TCD (+235)
CHL (+56)
CHN (+86)
CXR (+61)
CCK (+61)
COL (+57)
COM (+269)
COK (+682)
CRC (+506)
HRV (+385)
CYP (+357)
CZE (+420)
COD (+243)
DNK (+45)
DJI (+253)
DMA (+1767)
DOM (+1809)
ECU (+593)
EGY (+20)
SLV (+503)
GNQ (+240)
ERI (+291)
EST (+372)
ETH (+251)
FLK (+500)
FRO (+298)
FJI (+679)
FIN (+358)
FRA (+33)
PYF (+689)
GAB (+241)
GMB (+220)
GEO (+995)
DEU (+49)
GHA (+233)
GIB (+350)
GRC (+30)
GRL (+299)
GRD (+1473)
GUM (+1671)
GTM (+502)
GIN (+224)
GNB (+245)
GUY (+592)
HTI (+509)
VAT (+39)
HND (+504)
HKG (+852)
HUN (+36)
IS (+354)
IDN (+62)
IRQ (+964)
IRL (+353)
IMN (+44)
ISR (+972)
ITA (+39)
CIV (+225)
JAM (+1876)
JPN (+81)
JOR (+962)
KAZ (+7)
KEN (+254)
KIR (+686)
KWT (+965)
KGZ (+996)
LAO (+856)
LVA (+371)
LBN (+961)
LSO (+266)
LBR (+231)
LBY (+218)
LIE (+423)
LTU (+370)
LUX (+352)
MAC (+853)
MKD (+389)
MDG (+261)
MWI (+265)
MDV (+960)
MLI (+223)
MLT (+356)
MHL (+692)
MRT (+222)
MUS (+230)
MYT (+262)
MEX (+52)
FSM (+691)
MDA (+373)
MCO (+377)
MNG (+976)
MNE (+382)
MSR (+1664)
MAR (+212)
MOZ (+258)
NAM (+264)
NRU (+674)
NPL (+977)
NLD (+31)
ANT (+599)
NCL (+687)
NZL (+64)
NIC (+505)
NER (+227)
NGA (+234)
NIU (+683)
NFK (+672)
MNP (+1670)
NOR (+47)
OMN (+968)
PAK (+92)
PLW (+680)
PAN (+507)
PNG (+675)
PRY (+595)
PER (+51)
PHL (+63)
PCN (+870)
POL (+48)
PRT (+351)
PRI (+1)
QAT (+974)
COG (+242)
ROU (+40)
RUS (+7)
RWA (+250)
BLM (+590)
SHN (+290)
KNA (+1869)
LCA (+1758)
MAF (+1599)
SPM (+508)
VCT (+1784)
WSM (+685)
SMR (+378)
STP (+239)
SAU (+966)
SEN (+221)
SRB (+381)
SSU (+211)
SYC (+248)
SLE (+232)
SGP (+65)
SVK (+421)
SVN (+386)
SLB (+677)
SOM (+252)
ZAF (+27)
KOR (+82)
ESP (+34)
LKA (+94)
SUR (+597)
SWZ (+268)
SWE (+46)
CHE (+41)
TWN (+886)
TJK (+992)
TZA (+255)
THA (+66)
TLS (+670)
TGO (+228)
TKL (+690)
TON (+676)
TTO (+1868)
TUN (+216)
TUR (+90)
TKM (+993)
TCA (+1649)
TUV (+688)
UGA (+256)
URY (+598)
VIR (+1340)
UZB (+998)
VUT (+678)
VEN (+58)
VNM (+84)
WLF (+681)
YEM (+967)
ZMB (+260)
ZWE (+263)
400 chars
I agree to the Terms & Conditions and Privacy Policy
Check prices in registry records
In Begumpet
19 recent transactions in this locality
Avg. transaction rates are Rs. 4872/sqft


You are requesting to view advertiser details.
POSTED BY OWNER:
+91 98***543**
PAVAN KADIGARI | PAVAN KADIGARI
POSTED ON APR 13, 2026:
Rs11.5 Cr |
9000 SQFT | 30 BEDROOMS INDEPENDENT HOUSE/VILLA
Please fill in your details to be shared with this advertiser only.
BASIC INFORMATION
Are you a property dealer Yes No
Name
Phone
This number would be verified
+91 IND
+44 GBR
+1 USA
+61 AUS
+60 MYS
+971 ARE
+93 AFG
+355 ALB
+213 DZA
+1684 ASM
+376 AND
+244 AGO
+1264 AIA
+672 ATA
+1268 ATG
+54 ARG
+374 ARM
+297 ABW
+43 AUT
+994 AZE
+1242 BHS
+973 BHR
+880 BGD
+1246 BRB
+375 BLR
+32 BEL
+501 BLZ
+229 BEN
+1441 BMU
+975 BTN
+591 BOL
+387 BIH
+267 BWA
+55 BRA
+1284 VGB
+673 BRN
+359 BGR
+226 BFA
+95 MMR
+257 BDI
+855 KHM
+237 CMR
+1 CAN
+238 CPV
+1345 CYM
+236 CAF
+235 TCD
+56 CHL
+86 CHN
+61 CXR
+61 CCK
+57 COL
+269 COM
+682 COK
+506 CRC
+385 HRV
+357 CYP
+420 CZE
+243 COD
+45 DNK
+253 DJI
+1767 DMA
+1809 DOM
+593 ECU
+20 EGY
+503 SLV
+240 GNQ
+291 ERI
+372 EST
+251 ETH
+500 FLK
+298 FRO
+679 FJI
+358 FIN
+33 FRA
+689 PYF
+241 GAB
+220 GMB
+995 GEO
+49 DEU
+233 GHA
+350 GIB
+30 GRC
+299 GRL
+1473 GRD
+1671 GUM
+502 GTM
+224 GIN
+245 GNB
+592 GUY
+509 HTI
+39 VAT
+504 HND
+852 HKG
+36 HUN
+354 IS
+62 IDN
+964 IRQ
+353 IRL
+44 IMN
+972 ISR
+39 ITA
+225 CIV
+1876 JAM
+81 JPN
+962 JOR
+7 KAZ
+254 KEN
+686 KIR
+965 KWT
+996 KGZ
+856 LAO
+371 LVA
+961 LBN
+266 LSO
+231 LBR
+218 LBY
+423 LIE
+370 LTU
+352 LUX
+853 MAC
+389 MKD
+261 MDG
+265 MWI
+960 MDV
+223 MLI
+356 MLT
+692 MHL
+222 MRT
+230 MUS
+262 MYT
+52 MEX
+691 FSM
+373 MDA
+377 MCO
+976 MNG
+382 MNE
+1664 MSR
+212 MAR
+258 MOZ
+264 NAM
+674 NRU
+977 NPL
+31 NLD
+599 ANT
+687 NCL
+64 NZL
+505 NIC
+227 NER
+234 NGA
+683 NIU
+672 NFK
+1670 MNP
+47 NOR
+968 OMN
+92 PAK
+680 PLW
+507 PAN
+675 PNG
+595 PRY
+51 PER
+63 PHL
+870 PCN
+48 POL
+351 PRT
+1 PRI
+974 QAT
+242 COG
+40 ROU
+7 RUS
+250 RWA
+590 BLM
+290 SHN
+1869 KNA
+1758 LCA
+1599 MAF
+508 SPM
+1784 VCT
+685 WSM
+378 SMR
+239 STP
+966 SAU
+221 SEN
+381 SRB
+211 SSU
+248 SYC
+232 SLE
+65 SGP
+421 SVK
+386 SVN
+677 SLB
+252 SOM
+27 ZAF
+82 KOR
+34 ESP
+94 LKA
+597 SUR
+268 SWZ
+46 SWE
+41 CHE
+886 TWN
+992 TJK
+255 TZA
+66 THA
+670 TLS
+228 TGO
+690 TKL
+676 TON
+1868 TTO
+216 TUN
+90 TUR
+993 TKM
+1649 TCA
+688 TUV
+256 UGA
+598 URY
+1340 VIR
+998 UZB
+678 VUT
+58 VEN
+84 VNM
+681 WLF
+967 YEM
+260 ZMB
+263 ZWE
OPTIONAL INFORMATION
By when you are planning to buy the property?
3 months
6 months
More than 6 months
I am interested in home loan
I am interested in site visits.
I agree to the Terms & Conditions and Privacy Policy
We do not spam− Details shared with selected advertisers only.Connect with us for better deals & offers.Your details are secure with us.
2026-05-20 14:00:33,492 - INFO - Sale Price: ₹ 11.5 Cr
2026-05-20 14:49:05,993 - INFO - Clicking Buy Tab
2026-05-20 14:49:06,924 - INFO - Entering Location: Hyderabad
2026-05-20 14:49:08,675 - INFO - Clicking Search Button
2026-05-20 14:49:08,754 - INFO - Verifying Buy Search Results
2026-05-20 14:49:11,301 - INFO - Buy Results Heading: Property in Hyderabad for Sale
2026-05-20 14:49:16,108 - INFO - Buy Results Count: 35687
2026-05-20 14:49:16,109 - INFO - Clicking Ok Understood Popup
2026-05-20 14:49:27,763 - INFO - Applying 2 BHK Filter
2026-05-20 14:49:52,188 - INFO - Applying Residential Apartment Filter
2026-05-20 14:50:16,619 - INFO - Applying Ready To Move Filter
2026-05-20 14:50:40,710 - INFO - Applying Owner Filter
2026-05-20 14:51:05,399 - INFO - Applying Locality Filter
2026-05-20 14:51:33,057 - INFO - Locality Filter Applied: False
2026-05-20 14:51:33,061 - INFO - Applying RERA Approved Filter
2026-05-20 14:51:58,556 - INFO - RERA Approved Filter Applied: True
2026-05-20 14:51:58,557 - INFO - Verifying Filtered Buy Results
2026-05-20 14:52:29,970 - INFO - Filtered Buy Results Count: 3458
2026-05-20 14:52:29,977 - INFO - Selecting First Filtered Buy Result
2026-05-20 14:52:44,357 - INFO - Opened Buy Property Page URL: https://www.99acres.com/3-bhk-bedroom-independent-house-villa-for-sale-in-tara-nagar-hyderabad-225-sqft-r1-spid-H85982222
2026-05-20 14:52:44,757 - INFO - Switching To Buy Property Window
2026-05-20 14:52:51,326 - INFO - Clicking Shortlist
2026-05-20 14:53:04,358 - INFO - Opening Owner Details
2026-05-20 14:53:17,686 - INFO - Clicking View Phone Number
2026-05-20 14:53:30,594 - INFO - Verifying Contact Section
2026-05-20 14:53:32,439 - INFO - Buy Property Title: Buy
|
Post property
FREE

RERA STATUS
₹ 5 Cr
3Bedrooms 3Baths
Contact OwnerFREE
RERA STATUS NOT AVAILABLE Website: http://rerait.telangana.gov.in/
OverviewOwner DetailsRegistry RecordLocality ReviewsFeatured DealersRecommendations



Property sold out? Incorrect data?Report
Owner Details
Srikanth Makineni
Owner
Srikanth Makineni
Properties Listed:2Verified Properties:2
Localities : Serilingampally,Tara Nagar
Send enquiry to Owner
You are Individual Dealer
IND (+91)
GBR (+44)
USA (+1)
AUS (+61)
MYS (+60)
ARE (+971)
AFG (+93)
ALB (+355)
DZA (+213)
ASM (+1684)
AND (+376)
AGO (+244)
AIA (+1264)
ATA (+672)
ATG (+1268)
ARG (+54)
ARM (+374)
ABW (+297)
AUT (+43)
AZE (+994)
BHS (+1242)
BHR (+973)
BGD (+880)
BRB (+1246)
BLR (+375)
BEL (+32)
BLZ (+501)
BEN (+229)
BMU (+1441)
BTN (+975)
BOL (+591)
BIH (+387)
BWA (+267)
BRA (+55)
VGB (+1284)
BRN (+673)
BGR (+359)
BFA (+226)
MMR (+95)
BDI (+257)
KHM (+855)
CMR (+237)
CAN (+1)
CPV (+238)
CYM (+1345)
CAF (+236)
TCD (+235)
CHL (+56)
CHN (+86)
CXR (+61)
CCK (+61)
COL (+57)
COM (+269)
COK (+682)
CRC (+506)
HRV (+385)
CYP (+357)
CZE (+420)
COD (+243)
DNK (+45)
DJI (+253)
DMA (+1767)
DOM (+1809)
ECU (+593)
EGY (+20)
SLV (+503)
GNQ (+240)
ERI (+291)
EST (+372)
ETH (+251)
FLK (+500)
FRO (+298)
FJI (+679)
FIN (+358)
FRA (+33)
PYF (+689)
GAB (+241)
GMB (+220)
GEO (+995)
DEU (+49)
GHA (+233)
GIB (+350)
GRC (+30)
GRL (+299)
GRD (+1473)
GUM (+1671)
GTM (+502)
GIN (+224)
GNB (+245)
GUY (+592)
HTI (+509)
VAT (+39)
HND (+504)
HKG (+852)
HUN (+36)
IS (+354)
IDN (+62)
IRQ (+964)
IRL (+353)
IMN (+44)
ISR (+972)
ITA (+39)
CIV (+225)
JAM (+1876)
JPN (+81)
JOR (+962)
KAZ (+7)
KEN (+254)
KIR (+686)
KWT (+965)
KGZ (+996)
LAO (+856)
LVA (+371)
LBN (+961)
LSO (+266)
LBR (+231)
LBY (+218)
LIE (+423)
LTU (+370)
LUX (+352)
MAC (+853)
MKD (+389)
MDG (+261)
MWI (+265)
MDV (+960)
MLI (+223)
MLT (+356)
MHL (+692)
MRT (+222)
MUS (+230)
MYT (+262)
MEX (+52)
FSM (+691)
MDA (+373)
MCO (+377)
MNG (+976)
MNE (+382)
MSR (+1664)
MAR (+212)
MOZ (+258)
NAM (+264)
NRU (+674)
NPL (+977)
NLD (+31)
ANT (+599)
NCL (+687)
NZL (+64)
NIC (+505)
NER (+227)
NGA (+234)
NIU (+683)
NFK (+672)
MNP (+1670)
NOR (+47)
OMN (+968)
PAK (+92)
PLW (+680)
PAN (+507)
PNG (+675)
PRY (+595)
PER (+51)
PHL (+63)
PCN (+870)
POL (+48)
PRT (+351)
PRI (+1)
QAT (+974)
COG (+242)
ROU (+40)
RUS (+7)
RWA (+250)
BLM (+590)
SHN (+290)
KNA (+1869)
LCA (+1758)
MAF (+1599)
SPM (+508)
VCT (+1784)
WSM (+685)
SMR (+378)
STP (+239)
SAU (+966)
SEN (+221)
SRB (+381)
SSU (+211)
SYC (+248)
SLE (+232)
SGP (+65)
SVK (+421)
SVN (+386)
SLB (+677)
SOM (+252)
ZAF (+27)
KOR (+82)
ESP (+34)
LKA (+94)
SUR (+597)
SWZ (+268)
SWE (+46)
CHE (+41)
TWN (+886)
TJK (+992)
TZA (+255)
THA (+66)
TLS (+670)
TGO (+228)
TKL (+690)
TON (+676)
TTO (+1868)
TUN (+216)
TUR (+90)
TKM (+993)
TCA (+1649)
TUV (+688)
UGA (+256)
URY (+598)
VIR (+1340)
UZB (+998)
VUT (+678)
VEN (+58)
VNM (+84)
WLF (+681)
YEM (+967)
ZMB (+260)
ZWE (+263)
400 chars
I agree to the Terms & Conditions and Privacy Policy
Check prices in registry records
In Tara Nagar
3 recent transactions in this locality
Avg. transaction rates are Rs. 3757/sqft


You are requesting to view advertiser details.
POSTED BY OWNER:
+91 98***543**
SRIKANTH MAKINENI | SRIKANTH MAKINENI
POSTED ON MAY 02, 2026:
Rs5 Cr | Chanda Nagar, Tara Nagar
225 SQFT | 3 BEDROOMS INDEPENDENT HOUSE/VILLA
Please fill in your details to be shared with this advertiser only.
BASIC INFORMATION
Are you a property dealer Yes No
Name
Phone
That looks like an invalid phone number
+91 IND
+44 GBR
+1 USA
+61 AUS
+60 MYS
+971 ARE
+93 AFG
+355 ALB
+213 DZA
+1684 ASM
+376 AND
+244 AGO
+1264 AIA
+672 ATA
+1268 ATG
+54 ARG
+374 ARM
+297 ABW
+43 AUT
+994 AZE
+1242 BHS
+973 BHR
+880 BGD
+1246 BRB
+375 BLR
+32 BEL
+501 BLZ
+229 BEN
+1441 BMU
+975 BTN
+591 BOL
+387 BIH
+267 BWA
+55 BRA
+1284 VGB
+673 BRN
+359 BGR
+226 BFA
+95 MMR
+257 BDI
+855 KHM
+237 CMR
+1 CAN
+238 CPV
+1345 CYM
+236 CAF
+235 TCD
+56 CHL
+86 CHN
+61 CXR
+61 CCK
+57 COL
+269 COM
+682 COK
+506 CRC
+385 HRV
+357 CYP
+420 CZE
+243 COD
+45 DNK
+253 DJI
+1767 DMA
+1809 DOM
+593 ECU
+20 EGY
+503 SLV
+240 GNQ
+291 ERI
+372 EST
+251 ETH
+500 FLK
+298 FRO
+679 FJI
+358 FIN
+33 FRA
+689 PYF
+241 GAB
+220 GMB
+995 GEO
+49 DEU
+233 GHA
+350 GIB
+30 GRC
+299 GRL
+1473 GRD
+1671 GUM
+502 GTM
+224 GIN
+245 GNB
+592 GUY
+509 HTI
+39 VAT
+504 HND
+852 HKG
+36 HUN
+354 IS
+62 IDN
+964 IRQ
+353 IRL
+44 IMN
+972 ISR
+39 ITA
+225 CIV
+1876 JAM
+81 JPN
+962 JOR
+7 KAZ
+254 KEN
+686 KIR
+965 KWT
+996 KGZ
+856 LAO
+371 LVA
+961 LBN
+266 LSO
+231 LBR
+218 LBY
+423 LIE
+370 LTU
+352 LUX
+853 MAC
+389 MKD
+261 MDG
+265 MWI
+960 MDV
+223 MLI
+356 MLT
+692 MHL
+222 MRT
+230 MUS
+262 MYT
+52 MEX
+691 FSM
+373 MDA
+377 MCO
+976 MNG
+382 MNE
+1664 MSR
+212 MAR
+258 MOZ
+264 NAM
+674 NRU
+977 NPL
+31 NLD
+599 ANT
+687 NCL
+64 NZL
+505 NIC
+227 NER
+234 NGA
+683 NIU
+672 NFK
+1670 MNP
+47 NOR
+968 OMN
+92 PAK
+680 PLW
+507 PAN
+675 PNG
+595 PRY
+51 PER
+63 PHL
+870 PCN
+48 POL
+351 PRT
+1 PRI
+974 QAT
+242 COG
+40 ROU
+7 RUS
+250 RWA
+590 BLM
+290 SHN
+1869 KNA
+1758 LCA
+1599 MAF
+508 SPM
+1784 VCT
+685 WSM
+378 SMR
+239 STP
+966 SAU
+221 SEN
+381 SRB
+211 SSU
+248 SYC
+232 SLE
+65 SGP
+421 SVK
+386 SVN
+677 SLB
+252 SOM
+27 ZAF
+82 KOR
+34 ESP
+94 LKA
+597 SUR
+268 SWZ
+46 SWE
+41 CHE
+886 TWN
+992 TJK
+255 TZA
+66 THA
+670 TLS
+228 TGO
+690 TKL
+676 TON
+1868 TTO
+216 TUN
+90 TUR
+993 TKM
+1649 TCA
+688 TUV
+256 UGA
+598 URY
+1340 VIR
+998 UZB
+678 VUT
+58 VEN
+84 VNM
+681 WLF
+967 YEM
+260 ZMB
+263 ZWE
OPTIONAL INFORMATION
By when you are planning to buy the property?
3 months
6 months
More than 6 months
I am interested in home loan
I am interested in site visits.
I agree to the Terms & Conditions and Privacy Policy
We do not spam− Details shared with selected advertisers only.Connect with us for better deals & offers.Your details are secure with us.
Login / Register
Please enter your Phone Number
That looks like an invalid number
+91
+44
+1
+61
+60
+971
+93
+355
+213
+1684
+376
+244
+1264
+672
+1268
+54
+374
+297
+43
+994
+1242
+973
+880
+1246
+375
+32
+501
+229
+1441
+975
+591
+387
+267
+55
+1284
+673
+359
+226
+95
+257
+855
+237
+1
+238
+1345
+236
+235
+56
+86
+61
+61
+57
+269
+682
+506
+385
+357
+420
+243
+45
+253
+1767
+1809
+593
+20
+503
+240
+291
+372
+251
+500
+298
+679
+358
+33
+689
+241
+220
+995
+49
+233
+350
+30
+299
+1473
+1671
+502
+224
+245
+592
+509
+39
+504
+852
+36
+354
+62
+964
+353
+44
+972
+39
+225
+1876
+81
+962
+7
+254
+686
+965
+996
+856
+371
+961
+266
+231
+218
+423
+370
+352
+853
+389
+261
+265
+960
+223
+356
+692
+222
+230
+262
+52
+691
+373
+377
+976
+382
+1664
+212
+258
+264
+674
+977
+31
+599
+687
+64
+505
+227
+234
+683
+672
+1670
+47
+968
+92
+680
+507
+675
+595
+51
+63
+870
+48
+351
+1
+974
+242
+40
+7
+250
+590
+290
+1869
+1758
+1599
+508
+1784
+685
+378
+239
+966
+221
+381
+211
+248
+232
+65
+421
+386
+677
+252
+27
+82
+34
+94
+597
+268
+46
+41
+886
+992
+255
+66
+670
+228
+690
+676
+1868
+216
+90
+993
+1649
+688
+256
+598
+1340
+998
+678
+58
+84
+681
+967
+260
+263
Continue
Login with Email
By clicking you agree to
Terms and Conditions
2026-05-20 14:53:34,241 - INFO - Sale Price: ₹ 5 Cr
2026-05-20 14:54:25,779 - INFO - Clicking Buy Tab
2026-05-20 14:54:26,419 - INFO - Entering Location: Hyderabad
2026-05-20 14:54:27,681 - INFO - Clicking Search Button
2026-05-20 14:54:27,773 - INFO - Verifying Buy Search Results
2026-05-20 14:54:30,565 - INFO - Buy Results Heading: Property in Hyderabad for Sale
2026-05-20 14:54:33,631 - INFO - Buy Results Count: 35689
2026-05-20 14:54:33,632 - INFO - Clicking Ok Understood Popup
2026-05-20 14:54:43,813 - INFO - Applying 2 BHK Filter
2026-05-20 14:55:07,614 - INFO - Applying Residential Apartment Filter
2026-05-20 14:55:32,715 - INFO - Applying Ready To Move Filter
2026-05-20 14:55:56,372 - INFO - Applying Owner Filter
2026-05-20 14:56:19,670 - INFO - Applying Locality Filter
2026-05-20 14:56:54,970 - INFO - Locality Filter Applied: False
2026-05-20 14:56:54,971 - INFO - Applying RERA Approved Filter
2026-05-20 14:57:19,452 - INFO - RERA Approved Filter Applied: True
2026-05-20 14:57:19,453 - INFO - Verifying Filtered Buy Results
2026-05-20 14:58:08,205 - INFO - Filtered Buy Results Count: 2606
2026-05-20 14:58:08,206 - INFO - Selecting First Filtered Buy Result
2026-05-20 14:58:23,549 - INFO - Opened Buy Property Page URL: https://www.99acres.com/30-bhk-bedroom-independent-house-villa-for-sale-in-begumpet-hyderabad-9000-sqft-r1-spid-Y85913864
2026-05-20 14:58:23,838 - INFO - Switching To Buy Property Window
2026-05-20 14:58:30,390 - INFO - Clicking Shortlist
2026-05-20 14:58:43,394 - INFO - Opening Owner Details
2026-05-20 14:58:57,590 - INFO - Clicking View Phone Number
2026-05-20 14:59:11,516 - INFO - Verifying Contact Section
2026-05-20 14:59:13,018 - INFO - Buy Property Title: Buy
|
Post property
FREE

RERA STATUS
₹ 11.5 Cr
30Bedrooms 25Baths
Contact OwnerFREE
RERA STATUS NOT AVAILABLE Website: http://rerait.telangana.gov.in/
OverviewOwner DetailsRegistry RecordExplore LocalityFeatured DealersRecommendations


+26 more image
Owner Details
Pavan Kadigari
Owner
Pavan Kadigari
Properties Listed:1
Localities : Begumpet
Send enquiry to Owner
You are Individual Dealer
IND (+91)
GBR (+44)
USA (+1)
AUS (+61)
MYS (+60)
ARE (+971)
AFG (+93)
ALB (+355)
DZA (+213)
ASM (+1684)
AND (+376)
AGO (+244)
AIA (+1264)
ATA (+672)
ATG (+1268)
ARG (+54)
ARM (+374)
ABW (+297)
AUT (+43)
AZE (+994)
BHS (+1242)
BHR (+973)
BGD (+880)
BRB (+1246)
BLR (+375)
BEL (+32)
BLZ (+501)
BEN (+229)
BMU (+1441)
BTN (+975)
BOL (+591)
BIH (+387)
BWA (+267)
BRA (+55)
VGB (+1284)
BRN (+673)
BGR (+359)
BFA (+226)
MMR (+95)
BDI (+257)
KHM (+855)
CMR (+237)
CAN (+1)
CPV (+238)
CYM (+1345)
CAF (+236)
TCD (+235)
CHL (+56)
CHN (+86)
CXR (+61)
CCK (+61)
COL (+57)
COM (+269)
COK (+682)
CRC (+506)
HRV (+385)
CYP (+357)
CZE (+420)
COD (+243)
DNK (+45)
DJI (+253)
DMA (+1767)
DOM (+1809)
ECU (+593)
EGY (+20)
SLV (+503)
GNQ (+240)
ERI (+291)
EST (+372)
ETH (+251)
FLK (+500)
FRO (+298)
FJI (+679)
FIN (+358)
FRA (+33)
PYF (+689)
GAB (+241)
GMB (+220)
GEO (+995)
DEU (+49)
GHA (+233)
GIB (+350)
GRC (+30)
GRL (+299)
GRD (+1473)
GUM (+1671)
GTM (+502)
GIN (+224)
GNB (+245)
GUY (+592)
HTI (+509)
VAT (+39)
HND (+504)
HKG (+852)
HUN (+36)
IS (+354)
IDN (+62)
IRQ (+964)
IRL (+353)
IMN (+44)
ISR (+972)
ITA (+39)
CIV (+225)
JAM (+1876)
JPN (+81)
JOR (+962)
KAZ (+7)
KEN (+254)
KIR (+686)
KWT (+965)
KGZ (+996)
LAO (+856)
LVA (+371)
LBN (+961)
LSO (+266)
LBR (+231)
LBY (+218)
LIE (+423)
LTU (+370)
LUX (+352)
MAC (+853)
MKD (+389)
MDG (+261)
MWI (+265)
MDV (+960)
MLI (+223)
MLT (+356)
MHL (+692)
MRT (+222)
MUS (+230)
MYT (+262)
MEX (+52)
FSM (+691)
MDA (+373)
MCO (+377)
MNG (+976)
MNE (+382)
MSR (+1664)
MAR (+212)
MOZ (+258)
NAM (+264)
NRU (+674)
NPL (+977)
NLD (+31)
ANT (+599)
NCL (+687)
NZL (+64)
NIC (+505)
NER (+227)
NGA (+234)
NIU (+683)
NFK (+672)
MNP (+1670)
NOR (+47)
OMN (+968)
PAK (+92)
PLW (+680)
PAN (+507)
PNG (+675)
PRY (+595)
PER (+51)
PHL (+63)
PCN (+870)
POL (+48)
PRT (+351)
PRI (+1)
QAT (+974)
COG (+242)
ROU (+40)
RUS (+7)
RWA (+250)
BLM (+590)
SHN (+290)
KNA (+1869)
LCA (+1758)
MAF (+1599)
SPM (+508)
VCT (+1784)
WSM (+685)
SMR (+378)
STP (+239)
SAU (+966)
SEN (+221)
SRB (+381)
SSU (+211)
SYC (+248)
SLE (+232)
SGP (+65)
SVK (+421)
SVN (+386)
SLB (+677)
SOM (+252)
ZAF (+27)
KOR (+82)
ESP (+34)
LKA (+94)
SUR (+597)
SWZ (+268)
SWE (+46)
CHE (+41)
TWN (+886)
TJK (+992)
TZA (+255)
THA (+66)
TLS (+670)
TGO (+228)
TKL (+690)
TON (+676)
TTO (+1868)
TUN (+216)
TUR (+90)
TKM (+993)
TCA (+1649)
TUV (+688)
UGA (+256)
URY (+598)
VIR (+1340)
UZB (+998)
VUT (+678)
VEN (+58)
VNM (+84)
WLF (+681)
YEM (+967)
ZMB (+260)
ZWE (+263)
400 chars
I agree to the Terms & Conditions and Privacy Policy
Check prices in registry records
In Begumpet
19 recent transactions in this locality
Avg. transaction rates are Rs. 4872/sqft


You are requesting to view advertiser details.
POSTED BY OWNER:
+91 98***543**
PAVAN KADIGARI | PAVAN KADIGARI
POSTED ON APR 13, 2026:
Rs11.5 Cr |
9000 SQFT | 30 BEDROOMS INDEPENDENT HOUSE/VILLA
Please fill in your details to be shared with this advertiser only.
BASIC INFORMATION
Are you a property dealer Yes No
Name
Phone
This number would be verified
+91 IND
+44 GBR
+1 USA
+61 AUS
+60 MYS
+971 ARE
+93 AFG
+355 ALB
+213 DZA
+1684 ASM
+376 AND
+244 AGO
+1264 AIA
+672 ATA
+1268 ATG
+54 ARG
+374 ARM
+297 ABW
+43 AUT
+994 AZE
+1242 BHS
+973 BHR
+880 BGD
+1246 BRB
+375 BLR
+32 BEL
+501 BLZ
+229 BEN
+1441 BMU
+975 BTN
+591 BOL
+387 BIH
+267 BWA
+55 BRA
+1284 VGB
+673 BRN
+359 BGR
+226 BFA
+95 MMR
+257 BDI
+855 KHM
+237 CMR
+1 CAN
+238 CPV
+1345 CYM
+236 CAF
+235 TCD
+56 CHL
+86 CHN
+61 CXR
+61 CCK
+57 COL
+269 COM
+682 COK
+506 CRC
+385 HRV
+357 CYP
+420 CZE
+243 COD
+45 DNK
+253 DJI
+1767 DMA
+1809 DOM
+593 ECU
+20 EGY
+503 SLV
+240 GNQ
+291 ERI
+372 EST
+251 ETH
+500 FLK
+298 FRO
+679 FJI
+358 FIN
+33 FRA
+689 PYF
+241 GAB
+220 GMB
+995 GEO
+49 DEU
+233 GHA
+350 GIB
+30 GRC
+299 GRL
+1473 GRD
+1671 GUM
+502 GTM
+224 GIN
+245 GNB
+592 GUY
+509 HTI
+39 VAT
+504 HND
+852 HKG
+36 HUN
+354 IS
+62 IDN
+964 IRQ
+353 IRL
+44 IMN
+972 ISR
+39 ITA
+225 CIV
+1876 JAM
+81 JPN
+962 JOR
+7 KAZ
+254 KEN
+686 KIR
+965 KWT
+996 KGZ
+856 LAO
+371 LVA
+961 LBN
+266 LSO
+231 LBR
+218 LBY
+423 LIE
+370 LTU
+352 LUX
+853 MAC
+389 MKD
+261 MDG
+265 MWI
+960 MDV
+223 MLI
+356 MLT
+692 MHL
+222 MRT
+230 MUS
+262 MYT
+52 MEX
+691 FSM
+373 MDA
+377 MCO
+976 MNG
+382 MNE
+1664 MSR
+212 MAR
+258 MOZ
+264 NAM
+674 NRU
+977 NPL
+31 NLD
+599 ANT
+687 NCL
+64 NZL
+505 NIC
+227 NER
+234 NGA
+683 NIU
+672 NFK
+1670 MNP
+47 NOR
+968 OMN
+92 PAK
+680 PLW
+507 PAN
+675 PNG
+595 PRY
+51 PER
+63 PHL
+870 PCN
+48 POL
+351 PRT
+1 PRI
+974 QAT
+242 COG
+40 ROU
+7 RUS
+250 RWA
+590 BLM
+290 SHN
+1869 KNA
+1758 LCA
+1599 MAF
+508 SPM
+1784 VCT
+685 WSM
+378 SMR
+239 STP
+966 SAU
+221 SEN
+381 SRB
+211 SSU
+248 SYC
+232 SLE
+65 SGP
+421 SVK
+386 SVN
+677 SLB
+252 SOM
+27 ZAF
+82 KOR
+34 ESP
+94 LKA
+597 SUR
+268 SWZ
+46 SWE
+41 CHE
+886 TWN
+992 TJK
+255 TZA
+66 THA
+670 TLS
+228 TGO
+690 TKL
+676 TON
+1868 TTO
+216 TUN
+90 TUR
+993 TKM
+1649 TCA
+688 TUV
+256 UGA
+598 URY
+1340 VIR
+998 UZB
+678 VUT
+58 VEN
+84 VNM
+681 WLF
+967 YEM
+260 ZMB
+263 ZWE
OPTIONAL INFORMATION
By when you are planning to buy the property?
3 months
6 months
More than 6 months
I am interested in home loan
I am interested in site visits.
I agree to the Terms & Conditions and Privacy Policy
We do not spam− Details shared with selected advertisers only.Connect with us for better deals & offers.Your details are secure with us.
Login / Register
Please enter your Phone Number
Phone Number
Continue
Login with Email
By clicking you agree to
Terms and Conditions
2026-05-20 14:59:14,423 - INFO - Sale Price: ₹ 11.5 Cr
2026-05-20 15:47:40,921 - INFO - Clicking Buy Tab
2026-05-20 15:47:41,580 - INFO - Entering Location: Hyderabad
2026-05-20 15:47:45,634 - INFO - Clicking Search Button
2026-05-20 15:47:46,221 - INFO - Verifying Buy Search Results
2026-05-20 15:47:49,851 - INFO - Buy Results Heading: Property in Hyderabad for Sale
2026-05-20 15:47:59,449 - INFO - Buy Results Count: 35713
2026-05-20 15:47:59,455 - INFO - Clicking Ok Understood Popup
2026-05-20 15:48:06,021 - INFO - Applying 2 BHK Filter
2026-05-20 15:48:30,924 - INFO - Applying Residential Apartment Filter
2026-05-20 15:48:54,255 - INFO - Applying Ready To Move Filter
2026-05-20 15:49:17,489 - INFO - Applying Owner Filter
2026-05-20 15:49:41,234 - INFO - Applying Locality Filter
2026-05-20 15:50:07,255 - INFO - Locality Filter Applied: False
2026-05-20 15:50:07,257 - INFO - Applying RERA Approved Filter
2026-05-20 15:50:31,978 - INFO - RERA Approved Filter Applied: True
2026-05-20 15:50:31,979 - INFO - Verifying Filtered Buy Results
2026-05-20 15:52:27,581 - INFO - Filtered Buy Results Count: 2608
2026-05-20 15:52:27,582 - INFO - Selecting First Filtered Buy Result
2026-05-20 15:52:44,341 - INFO - Opened Buy Property Page URL: https://www.99acres.com/30-bhk-bedroom-independent-house-villa-for-sale-in-begumpet-hyderabad-9000-sqft-r1-spid-Y85913864
2026-05-20 15:52:45,754 - INFO - Switching To Buy Property Window
2026-05-20 15:52:52,703 - INFO - Clicking Shortlist
2026-05-20 15:53:06,311 - INFO - Opening Owner Details
2026-05-20 15:53:21,915 - INFO - Clicking View Phone Number
2026-05-20 15:53:35,897 - INFO - Verifying Contact Section
2026-05-20 15:53:40,944 - INFO - Buy Property Title: Buy
|
Post property
FREE

RERA STATUS
₹ 11.5 Cr
30Bedrooms 25Baths
Contact OwnerFREE
RERA STATUS NOT AVAILABLE Website: http://rerait.telangana.gov.in/
OverviewOwner DetailsRegistry RecordExplore LocalityFeatured DealersRecommendations


+26 more image
Owner Details
Pavan Kadigari
Owner
Pavan Kadigari
Properties Listed:1
Localities : Begumpet
Send enquiry to Owner
You are Individual Dealer
IND (+91)
GBR (+44)
USA (+1)
AUS (+61)
MYS (+60)
ARE (+971)
AFG (+93)
ALB (+355)
DZA (+213)
ASM (+1684)
AND (+376)
AGO (+244)
AIA (+1264)
ATA (+672)
ATG (+1268)
ARG (+54)
ARM (+374)
ABW (+297)
AUT (+43)
AZE (+994)
BHS (+1242)
BHR (+973)
BGD (+880)
BRB (+1246)
BLR (+375)
BEL (+32)
BLZ (+501)
BEN (+229)
BMU (+1441)
BTN (+975)
BOL (+591)
BIH (+387)
BWA (+267)
BRA (+55)
VGB (+1284)
BRN (+673)
BGR (+359)
BFA (+226)
MMR (+95)
BDI (+257)
KHM (+855)
CMR (+237)
CAN (+1)
CPV (+238)
CYM (+1345)
CAF (+236)
TCD (+235)
CHL (+56)
CHN (+86)
CXR (+61)
CCK (+61)
COL (+57)
COM (+269)
COK (+682)
CRC (+506)
HRV (+385)
CYP (+357)
CZE (+420)
COD (+243)
DNK (+45)
DJI (+253)
DMA (+1767)
DOM (+1809)
ECU (+593)
EGY (+20)
SLV (+503)
GNQ (+240)
ERI (+291)
EST (+372)
ETH (+251)
FLK (+500)
FRO (+298)
FJI (+679)
FIN (+358)
FRA (+33)
PYF (+689)
GAB (+241)
GMB (+220)
GEO (+995)
DEU (+49)
GHA (+233)
GIB (+350)
GRC (+30)
GRL (+299)
GRD (+1473)
GUM (+1671)
GTM (+502)
GIN (+224)
GNB (+245)
GUY (+592)
HTI (+509)
VAT (+39)
HND (+504)
HKG (+852)
HUN (+36)
IS (+354)
IDN (+62)
IRQ (+964)
IRL (+353)
IMN (+44)
ISR (+972)
ITA (+39)
CIV (+225)
JAM (+1876)
JPN (+81)
JOR (+962)
KAZ (+7)
KEN (+254)
KIR (+686)
KWT (+965)
KGZ (+996)
LAO (+856)
LVA (+371)
LBN (+961)
LSO (+266)
LBR (+231)
LBY (+218)
LIE (+423)
LTU (+370)
LUX (+352)
MAC (+853)
MKD (+389)
MDG (+261)
MWI (+265)
MDV (+960)
MLI (+223)
MLT (+356)
MHL (+692)
MRT (+222)
MUS (+230)
MYT (+262)
MEX (+52)
FSM (+691)
MDA (+373)
MCO (+377)
MNG (+976)
MNE (+382)
MSR (+1664)
MAR (+212)
MOZ (+258)
NAM (+264)
NRU (+674)
NPL (+977)
NLD (+31)
ANT (+599)
NCL (+687)
NZL (+64)
NIC (+505)
NER (+227)
NGA (+234)
NIU (+683)
NFK (+672)
MNP (+1670)
NOR (+47)
OMN (+968)
PAK (+92)
PLW (+680)
PAN (+507)
PNG (+675)
PRY (+595)
PER (+51)
PHL (+63)
PCN (+870)
POL (+48)
PRT (+351)
PRI (+1)
QAT (+974)
COG (+242)
ROU (+40)
RUS (+7)
RWA (+250)
BLM (+590)
SHN (+290)
KNA (+1869)
LCA (+1758)
MAF (+1599)
SPM (+508)
VCT (+1784)
WSM (+685)
SMR (+378)
STP (+239)
SAU (+966)
SEN (+221)
SRB (+381)
SSU (+211)
SYC (+248)
SLE (+232)
SGP (+65)
SVK (+421)
SVN (+386)
SLB (+677)
SOM (+252)
ZAF (+27)
KOR (+82)
ESP (+34)
LKA (+94)
SUR (+597)
SWZ (+268)
SWE (+46)
CHE (+41)
TWN (+886)
TJK (+992)
TZA (+255)
THA (+66)
TLS (+670)
TGO (+228)
TKL (+690)
TON (+676)
TTO (+1868)
TUN (+216)
TUR (+90)
TKM (+993)
TCA (+1649)
TUV (+688)
UGA (+256)
URY (+598)
VIR (+1340)
UZB (+998)
VUT (+678)
VEN (+58)
VNM (+84)
WLF (+681)
YEM (+967)
ZMB (+260)
ZWE (+263)
400 chars
I agree to the Terms & Conditions and Privacy Policy
Check prices in registry records
In Begumpet
19 recent transactions in this locality
Avg. transaction rates are Rs. 4872/sqft


You are requesting to view advertiser details.
POSTED BY OWNER:
+91 98***543**
PAVAN KADIGARI | PAVAN KADIGARI
POSTED ON APR 13, 2026:
Rs11.5 Cr |
9000 SQFT | 30 BEDROOMS INDEPENDENT HOUSE/VILLA
Please fill in your details to be shared with this advertiser only.
BASIC INFORMATION
Are you a property dealer Yes No
Name
Phone
This number would be verified
+91 IND
+44 GBR
+1 USA
+61 AUS
+60 MYS
+971 ARE
+93 AFG
+355 ALB
+213 DZA
+1684 ASM
+376 AND
+244 AGO
+1264 AIA
+672 ATA
+1268 ATG
+54 ARG
+374 ARM
+297 ABW
+43 AUT
+994 AZE
+1242 BHS
+973 BHR
+880 BGD
+1246 BRB
+375 BLR
+32 BEL
+501 BLZ
+229 BEN
+1441 BMU
+975 BTN
+591 BOL
+387 BIH
+267 BWA
+55 BRA
+1284 VGB
+673 BRN
+359 BGR
+226 BFA
+95 MMR
+257 BDI
+855 KHM
+237 CMR
+1 CAN
+238 CPV
+1345 CYM
+236 CAF
+235 TCD
+56 CHL
+86 CHN
+61 CXR
+61 CCK
+57 COL
+269 COM
+682 COK
+506 CRC
+385 HRV
+357 CYP
+420 CZE
+243 COD
+45 DNK
+253 DJI
+1767 DMA
+1809 DOM
+593 ECU
+20 EGY
+503 SLV
+240 GNQ
+291 ERI
+372 EST
+251 ETH
+500 FLK
+298 FRO
+679 FJI
+358 FIN
+33 FRA
+689 PYF
+241 GAB
+220 GMB
+995 GEO
+49 DEU
+233 GHA
+350 GIB
+30 GRC
+299 GRL
+1473 GRD
+1671 GUM
+502 GTM
+224 GIN
+245 GNB
+592 GUY
+509 HTI
+39 VAT
+504 HND
+852 HKG
+36 HUN
+354 IS
+62 IDN
+964 IRQ
+353 IRL
+44 IMN
+972 ISR
+39 ITA
+225 CIV
+1876 JAM
+81 JPN
+962 JOR
+7 KAZ
+254 KEN
+686 KIR
+965 KWT
+996 KGZ
+856 LAO
+371 LVA
+961 LBN
+266 LSO
+231 LBR
+218 LBY
+423 LIE
+370 LTU
+352 LUX
+853 MAC
+389 MKD
+261 MDG
+265 MWI
+960 MDV
+223 MLI
+356 MLT
+692 MHL
+222 MRT
+230 MUS
+262 MYT
+52 MEX
+691 FSM
+373 MDA
+377 MCO
+976 MNG
+382 MNE
+1664 MSR
+212 MAR
+258 MOZ
+264 NAM
+674 NRU
+977 NPL
+31 NLD
+599 ANT
+687 NCL
+64 NZL
+505 NIC
+227 NER
+234 NGA
+683 NIU
+672 NFK
+1670 MNP
+47 NOR
+968 OMN
+92 PAK
+680 PLW
+507 PAN
+675 PNG
+595 PRY
+51 PER
+63 PHL
+870 PCN
+48 POL
+351 PRT
+1 PRI
+974 QAT
+242 COG
+40 ROU
+7 RUS
+250 RWA
+590 BLM
+290 SHN
+1869 KNA
+1758 LCA
+1599 MAF
+508 SPM
+1784 VCT
+685 WSM
+378 SMR
+239 STP
+966 SAU
+221 SEN
+381 SRB
+211 SSU
+248 SYC
+232 SLE
+65 SGP
+421 SVK
+386 SVN
+677 SLB
+252 SOM
+27 ZAF
+82 KOR
+34 ESP
+94 LKA
+597 SUR
+268 SWZ
+46 SWE
+41 CHE
+886 TWN
+992 TJK
+255 TZA
+66 THA
+670 TLS
+228 TGO
+690 TKL
+676 TON
+1868 TTO
+216 TUN
+90 TUR
+993 TKM
+1649 TCA
+688 TUV
+256 UGA
+598 URY
+1340 VIR
+998 UZB
+678 VUT
+58 VEN
+84 VNM
+681 WLF
+967 YEM
+260 ZMB
+263 ZWE
OPTIONAL INFORMATION
By when you are planning to buy the property?
3 months
6 months
More than 6 months
I am interested in home loan
I am interested in site visits.
I agree to the Terms & Conditions and Privacy Policy
We do not spam− Details shared with selected advertisers only.Connect with us for better deals & offers.Your details are secure with us.
Login / Register
Please enter your Phone Number
Phone Number
Continue
Login with Email
By clicking you agree to
Terms and Conditions
2026-05-20 15:53:45,460 - INFO - Sale Price: ₹ 11.5 Cr
2026-05-21 10:17:24,030 - INFO - Clicking Buy Tab
2026-05-21 10:17:24,554 - INFO - Entering Location: Hyderabad
2026-05-21 10:17:26,136 - INFO - Clicking Search Button
2026-05-21 10:17:26,253 - INFO - Verifying Buy Search Results
2026-05-21 10:17:29,106 - INFO - Buy Results Heading: Property in Hyderabad for Sale
2026-05-21 10:17:32,436 - INFO - Buy Results Count: 35503
2026-05-21 10:17:32,436 - INFO - Clicking Ok Understood Popup
2026-05-21 10:17:42,404 - INFO - Applying 2 BHK Filter
2026-05-21 10:18:05,750 - INFO - Applying Residential Apartment Filter
2026-05-21 10:18:29,773 - INFO - Applying Ready To Move Filter
2026-05-21 10:18:52,721 - INFO - Applying Owner Filter
2026-05-21 10:19:15,755 - INFO - Applying Locality Filter
2026-05-21 10:19:38,514 - INFO - Locality Filter Applied: False
2026-05-21 10:19:38,514 - INFO - Applying RERA Approved Filter
2026-05-21 10:20:02,926 - INFO - RERA Approved Filter Applied: True
2026-05-21 10:20:02,926 - INFO - Verifying Filtered Buy Results
2026-05-21 10:20:34,644 - INFO - Filtered Buy Results Count: 2603
2026-05-21 10:20:34,647 - INFO - Selecting First Filtered Buy Result
2026-05-21 10:20:49,478 - INFO - Opened Buy Property Page URL: https://www.99acres.com/30-bhk-bedroom-independent-house-villa-for-sale-in-begumpet-hyderabad-9000-sqft-r1-spid-Y85913864
2026-05-21 10:20:49,675 - INFO - Switching To Buy Property Window
2026-05-21 10:20:56,365 - INFO - Clicking Shortlist
2026-05-21 10:21:09,438 - INFO - Opening Owner Details
2026-05-21 10:21:22,894 - INFO - Clicking View Phone Number
2026-05-21 10:21:36,101 - INFO - Verifying Contact Section
2026-05-21 10:21:37,541 - INFO - Buy Property Title: Buy
|
Post property
FREE

RERA STATUS
₹ 11.5 Cr
30Bedrooms 25Baths
Contact OwnerFREE
RERA STATUS NOT AVAILABLE Website: http://rerait.telangana.gov.in/
OverviewOwner DetailsRegistry RecordExplore LocalityFeatured DealersRecommendations


+26 more image
Owner Details
Pavan Kadigari
Owner
Pavan Kadigari
Properties Listed:1
Localities : Begumpet
Send enquiry to Owner
You are Individual Dealer
IND (+91)
GBR (+44)
USA (+1)
AUS (+61)
MYS (+60)
ARE (+971)
AFG (+93)
ALB (+355)
DZA (+213)
ASM (+1684)
AND (+376)
AGO (+244)
AIA (+1264)
ATA (+672)
ATG (+1268)
ARG (+54)
ARM (+374)
ABW (+297)
AUT (+43)
AZE (+994)
BHS (+1242)
BHR (+973)
BGD (+880)
BRB (+1246)
BLR (+375)
BEL (+32)
BLZ (+501)
BEN (+229)
BMU (+1441)
BTN (+975)
BOL (+591)
BIH (+387)
BWA (+267)
BRA (+55)
VGB (+1284)
BRN (+673)
BGR (+359)
BFA (+226)
MMR (+95)
BDI (+257)
KHM (+855)
CMR (+237)
CAN (+1)
CPV (+238)
CYM (+1345)
CAF (+236)
TCD (+235)
CHL (+56)
CHN (+86)
CXR (+61)
CCK (+61)
COL (+57)
COM (+269)
COK (+682)
CRC (+506)
HRV (+385)
CYP (+357)
CZE (+420)
COD (+243)
DNK (+45)
DJI (+253)
DMA (+1767)
DOM (+1809)
ECU (+593)
EGY (+20)
SLV (+503)
GNQ (+240)
ERI (+291)
EST (+372)
ETH (+251)
FLK (+500)
FRO (+298)
FJI (+679)
FIN (+358)
FRA (+33)
PYF (+689)
GAB (+241)
GMB (+220)
GEO (+995)
DEU (+49)
GHA (+233)
GIB (+350)
GRC (+30)
GRL (+299)
GRD (+1473)
GUM (+1671)
GTM (+502)
GIN (+224)
GNB (+245)
GUY (+592)
HTI (+509)
VAT (+39)
HND (+504)
HKG (+852)
HUN (+36)
IS (+354)
IDN (+62)
IRQ (+964)
IRL (+353)
IMN (+44)
ISR (+972)
ITA (+39)
CIV (+225)
JAM (+1876)
JPN (+81)
JOR (+962)
KAZ (+7)
KEN (+254)
KIR (+686)
KWT (+965)
KGZ (+996)
LAO (+856)
LVA (+371)
LBN (+961)
LSO (+266)
LBR (+231)
LBY (+218)
LIE (+423)
LTU (+370)
LUX (+352)
MAC (+853)
MKD (+389)
MDG (+261)
MWI (+265)
MDV (+960)
MLI (+223)
MLT (+356)
MHL (+692)
MRT (+222)
MUS (+230)
MYT (+262)
MEX (+52)
FSM (+691)
MDA (+373)
MCO (+377)
MNG (+976)
MNE (+382)
MSR (+1664)
MAR (+212)
MOZ (+258)
NAM (+264)
NRU (+674)
NPL (+977)
NLD (+31)
ANT (+599)
NCL (+687)
NZL (+64)
NIC (+505)
NER (+227)
NGA (+234)
NIU (+683)
NFK (+672)
MNP (+1670)
NOR (+47)
OMN (+968)
PAK (+92)
PLW (+680)
PAN (+507)
PNG (+675)
PRY (+595)
PER (+51)
PHL (+63)
PCN (+870)
POL (+48)
PRT (+351)
PRI (+1)
QAT (+974)
COG (+242)
ROU (+40)
RUS (+7)
RWA (+250)
BLM (+590)
SHN (+290)
KNA (+1869)
LCA (+1758)
MAF (+1599)
SPM (+508)
VCT (+1784)
WSM (+685)
SMR (+378)
STP (+239)
SAU (+966)
SEN (+221)
SRB (+381)
SSU (+211)
SYC (+248)
SLE (+232)
SGP (+65)
SVK (+421)
SVN (+386)
SLB (+677)
SOM (+252)
ZAF (+27)
KOR (+82)
ESP (+34)
LKA (+94)
SUR (+597)
SWZ (+268)
SWE (+46)
CHE (+41)
TWN (+886)
TJK (+992)
TZA (+255)
THA (+66)
TLS (+670)
TGO (+228)
TKL (+690)
TON (+676)
TTO (+1868)
TUN (+216)
TUR (+90)
TKM (+993)
TCA (+1649)
TUV (+688)
UGA (+256)
URY (+598)
VIR (+1340)
UZB (+998)
VUT (+678)
VEN (+58)
VNM (+84)
WLF (+681)
YEM (+967)
ZMB (+260)
ZWE (+263)
400 chars
I agree to the Terms & Conditions and Privacy Policy
Check prices in registry records
In Begumpet
19 recent transactions in this locality
Avg. transaction rates are Rs. 4872/sqft


You are requesting to view advertiser details.
POSTED BY OWNER:
+91 98***543**
PAVAN KADIGARI | PAVAN KADIGARI
POSTED ON APR 13, 2026:
Rs11.5 Cr |
9000 SQFT | 30 BEDROOMS INDEPENDENT HOUSE/VILLA
Please fill in your details to be shared with this advertiser only.
BASIC INFORMATION
Are you a property dealer Yes No
Name
Phone
This number would be verified
+91 IND
+44 GBR
+1 USA
+61 AUS
+60 MYS
+971 ARE
+93 AFG
+355 ALB
+213 DZA
+1684 ASM
+376 AND
+244 AGO
+1264 AIA
+672 ATA
+1268 ATG
+54 ARG
+374 ARM
+297 ABW
+43 AUT
+994 AZE
+1242 BHS
+973 BHR
+880 BGD
+1246 BRB
+375 BLR
+32 BEL
+501 BLZ
+229 BEN
+1441 BMU
+975 BTN
+591 BOL
+387 BIH
+267 BWA
+55 BRA
+1284 VGB
+673 BRN
+359 BGR
+226 BFA
+95 MMR
+257 BDI
+855 KHM
+237 CMR
+1 CAN
+238 CPV
+1345 CYM
+236 CAF
+235 TCD
+56 CHL
+86 CHN
+61 CXR
+61 CCK
+57 COL
+269 COM
+682 COK
+506 CRC
+385 HRV
+357 CYP
+420 CZE
+243 COD
+45 DNK
+253 DJI
+1767 DMA
+1809 DOM
+593 ECU
+20 EGY
+503 SLV
+240 GNQ
+291 ERI
+372 EST
+251 ETH
+500 FLK
+298 FRO
+679 FJI
+358 FIN
+33 FRA
+689 PYF
+241 GAB
+220 GMB
+995 GEO
+49 DEU
+233 GHA
+350 GIB
+30 GRC
+299 GRL
+1473 GRD
+1671 GUM
+502 GTM
+224 GIN
+245 GNB
+592 GUY
+509 HTI
+39 VAT
+504 HND
+852 HKG
+36 HUN
+354 IS
+62 IDN
+964 IRQ
+353 IRL
+44 IMN
+972 ISR
+39 ITA
+225 CIV
+1876 JAM
+81 JPN
+962 JOR
+7 KAZ
+254 KEN
+686 KIR
+965 KWT
+996 KGZ
+856 LAO
+371 LVA
+961 LBN
+266 LSO
+231 LBR
+218 LBY
+423 LIE
+370 LTU
+352 LUX
+853 MAC
+389 MKD
+261 MDG
+265 MWI
+960 MDV
+223 MLI
+356 MLT
+692 MHL
+222 MRT
+230 MUS
+262 MYT
+52 MEX
+691 FSM
+373 MDA
+377 MCO
+976 MNG
+382 MNE
+1664 MSR
+212 MAR
+258 MOZ
+264 NAM
+674 NRU
+977 NPL
+31 NLD
+599 ANT
+687 NCL
+64 NZL
+505 NIC
+227 NER
+234 NGA
+683 NIU
+672 NFK
+1670 MNP
+47 NOR
+968 OMN
+92 PAK
+680 PLW
+507 PAN
+675 PNG
+595 PRY
+51 PER
+63 PHL
+870 PCN
+48 POL
+351 PRT
+1 PRI
+974 QAT
+242 COG
+40 ROU
+7 RUS
+250 RWA
+590 BLM
+290 SHN
+1869 KNA
+1758 LCA
+1599 MAF
+508 SPM
+1784 VCT
+685 WSM
+378 SMR
+239 STP
+966 SAU
+221 SEN
+381 SRB
+211 SSU
+248 SYC
+232 SLE
+65 SGP
+421 SVK
+386 SVN
+677 SLB
+252 SOM
+27 ZAF
+82 KOR
+34 ESP
+94 LKA
+597 SUR
+268 SWZ
+46 SWE
+41 CHE
+886 TWN
+992 TJK
+255 TZA
+66 THA
+670 TLS
+228 TGO
+690 TKL
+676 TON
+1868 TTO
+216 TUN
+90 TUR
+993 TKM
+1649 TCA
+688 TUV
+256 UGA
+598 URY
+1340 VIR
+998 UZB
+678 VUT
+58 VEN
+84 VNM
+681 WLF
+967 YEM
+260 ZMB
+263 ZWE
OPTIONAL INFORMATION
By when you are planning to buy the property?
3 months
6 months
More than 6 months
I am interested in home loan
I am interested in site visits.
I agree to the Terms & Conditions and Privacy Policy
We do not spam− Details shared with selected advertisers only.Connect with us for better deals & offers.Your details are secure with us.
Login / Register
Please enter your Phone Number
Phone Number
Continue
Login with Email
By clicking you agree to
Terms and Conditions
2026-05-21 10:21:38,763 - INFO - Sale Price: ₹ 11.5 Cr
2026-05-21 13:41:17,611 - INFO - Clicking Buy Tab
2026-05-21 13:41:17,835 - INFO - Entering Location: Hyderabad
2026-05-21 13:41:19,138 - INFO - Clicking Search Button
2026-05-21 13:41:19,191 - INFO - Verifying Buy Search Results
2026-05-21 13:41:21,399 - INFO - Buy Results Heading: Property in Hyderabad for Sale
2026-05-21 13:41:31,277 - INFO - Clicking Buy Tab
2026-05-21 13:41:31,579 - INFO - Entering Location: Hyderabad
2026-05-21 13:41:33,139 - INFO - Clicking Search Button
2026-05-21 13:41:33,293 - INFO - Verifying Buy Search Results
2026-05-21 13:41:41,222 - INFO - Buy Results Count: 35587
2026-05-21 13:41:49,855 - INFO - Clicking Buy Tab
2026-05-21 13:41:49,978 - INFO - Entering Location: Hyderabad
2026-05-21 13:41:51,290 - INFO - Clicking Search Button
2026-05-21 13:41:51,361 - INFO - Verifying Buy Search Results
2026-05-21 13:41:53,519 - INFO - Closing popups if displayed
2026-05-21 13:42:04,896 - INFO - Applying 2 BHK Filter
2026-05-21 13:42:28,599 - INFO - Applying Residential Apartment Filter
2026-05-21 13:42:51,542 - INFO - Applying Ready To Move Filter
2026-05-21 13:43:14,806 - INFO - Applying Owner Filter
2026-05-21 13:43:38,024 - INFO - Applying Locality Filter
2026-05-21 13:44:01,952 - INFO - Locality Filter Applied: False
2026-05-21 13:44:01,953 - INFO - Applying RERA Approved Filter
2026-05-21 13:44:25,781 - INFO - RERA Approved Filter Applied: True
2026-05-21 13:44:25,782 - INFO - Verifying Filtered Buy Results
2026-05-21 13:44:59,280 - INFO - Filtered Buy Results Count: 2604
2026-05-21 13:45:08,350 - INFO - Clicking Buy Tab
2026-05-21 13:45:08,713 - INFO - Entering Location: Hyderabad
2026-05-21 13:45:11,426 - INFO - Clicking Search Button
2026-05-21 13:45:11,584 - INFO - Verifying Buy Search Results
2026-05-21 13:45:41,810 - INFO - Clicking Buy Tab
2026-05-21 13:45:42,348 - INFO - Entering Location: Hyderabad
2026-05-21 13:45:43,311 - INFO - Clicking Search Button
2026-05-21 13:45:43,367 - INFO - Verifying Buy Search Results
2026-05-21 13:45:46,313 - INFO - Buy Results Heading: Property in Hyderabad for Sale
2026-05-21 13:45:52,038 - INFO - Clicking Buy Tab
2026-05-21 13:45:53,857 - INFO - Entering Location: Hyderabad
2026-05-21 13:45:55,252 - INFO - Clicking Search Button
2026-05-21 13:45:55,629 - INFO - Verifying Buy Search Results
2026-05-21 13:46:09,302 - INFO - Buy Results Count: 35590
2026-05-21 13:46:15,472 - INFO - Clicking Buy Tab
2026-05-21 13:46:17,390 - INFO - Entering Location: Hyderabad
2026-05-21 13:46:18,893 - INFO - Clicking Search Button
2026-05-21 13:46:18,967 - INFO - Verifying Buy Search Results
2026-05-21 13:46:21,867 - INFO - Closing popups if displayed
2026-05-21 13:46:33,174 - INFO - Applying 2 BHK Filter
2026-05-21 13:46:57,033 - INFO - Applying Residential Apartment Filter
2026-05-21 13:47:19,936 - INFO - Applying Ready To Move Filter
2026-05-21 13:47:42,959 - INFO - Applying Owner Filter
2026-05-21 13:48:06,144 - INFO - Applying Locality Filter
2026-05-21 13:48:30,265 - INFO - Locality Filter Applied: False
2026-05-21 13:48:30,265 - INFO - Applying RERA Approved Filter
2026-05-21 13:48:54,604 - INFO - RERA Approved Filter Applied: True
2026-05-21 13:48:54,605 - INFO - Verifying Filtered Buy Results
2026-05-21 13:49:31,201 - INFO - Filtered Buy Results Count: 2604
2026-05-21 13:49:43,832 - INFO - Clicking Buy Tab
2026-05-21 13:49:44,319 - INFO - Entering Location: Hyderabad
2026-05-21 13:49:45,677 - INFO - Clicking Search Button
2026-05-21 13:49:45,739 - INFO - Verifying Buy Search Results
2026-05-21 13:49:48,115 - INFO - Closing popups if displayed
2026-05-21 13:49:59,538 - INFO - Applying 2 BHK Filter
2026-05-21 13:50:18,872 - INFO - Clicking Buy Tab
2026-05-21 13:50:19,445 - INFO - Entering Location: Hyderabad
2026-05-21 13:52:55,691 - INFO - Clicking Buy Tab
2026-05-21 13:52:56,439 - INFO - Entering Location: Hyderabad
2026-05-21 13:52:57,778 - INFO - Clicking Search Button
2026-05-21 13:52:57,845 - INFO - Verifying Buy Search Results
2026-05-21 13:53:01,371 - INFO - Buy Results Heading: Property in Hyderabad for Sale
2026-05-21 13:53:09,511 - INFO - Clicking Buy Tab
2026-05-21 13:53:10,227 - INFO - Entering Location: Hyderabad
2026-05-21 13:53:11,648 - INFO - Clicking Search Button
2026-05-21 13:53:11,799 - INFO - Verifying Buy Search Results
2026-05-21 13:53:18,815 - INFO - Buy Results Count: 35593
2026-05-21 13:53:26,514 - INFO - Clicking Buy Tab
2026-05-21 13:53:27,201 - INFO - Entering Location: Hyderabad
2026-05-21 13:53:28,642 - INFO - Clicking Search Button
2026-05-21 13:53:28,791 - INFO - Verifying Buy Search Results
2026-05-21 13:53:31,365 - INFO - Closing popups if displayed
2026-05-21 13:53:55,602 - INFO - Clicking Buy Tab
2026-05-21 13:54:59,242 - INFO - Clicking Buy Tab
2026-05-21 13:54:59,809 - INFO - Entering Location: Hyderabad
2026-05-21 13:55:01,276 - INFO - Clicking Search Button
2026-05-21 13:55:01,344 - INFO - Verifying Buy Search Results
2026-05-21 13:55:03,895 - INFO - Buy Results Heading: Property in Hyderabad for Sale
2026-05-21 13:55:11,765 - INFO - Clicking Buy Tab
2026-05-21 13:55:11,998 - INFO - Entering Location: Hyderabad
2026-05-21 13:55:14,809 - INFO - Clicking Search Button
2026-05-21 13:55:14,966 - INFO - Verifying Buy Search Results
2026-05-21 13:55:20,580 - INFO - Buy Results Count: 35592
2026-05-21 13:55:26,968 - INFO - Clicking Buy Tab
2026-05-21 13:55:30,476 - INFO - Entering Location: Hyderabad
2026-05-21 13:55:31,705 - INFO - Clicking Search Button
2026-05-21 13:55:31,867 - INFO - Verifying Buy Search Results
2026-05-21 13:55:34,790 - INFO - Closing popups if displayed
2026-05-21 13:55:41,627 - INFO - Applying 2 BHK Filter
2026-05-21 13:56:05,336 - INFO - Applying Residential Apartment Filter
2026-05-21 13:56:29,019 - INFO - Applying Ready To Move Filter
2026-05-21 13:56:52,681 - INFO - Applying Owner Filter
2026-05-21 13:57:16,439 - INFO - Applying Locality Filter
2026-05-21 13:57:41,973 - INFO - Locality Filter Applied: False
2026-05-21 13:57:41,975 - INFO - Applying RERA Approved Filter
2026-05-21 13:58:05,819 - INFO - RERA Approved Filter Applied: True
2026-05-21 13:58:05,821 - INFO - Verifying Filtered Buy Results
2026-05-21 13:58:29,754 - INFO - Filtered Buy Results Count: 3461
2026-05-21 13:58:40,778 - INFO - Clicking Buy Tab
2026-05-21 13:58:41,909 - INFO - Entering Location: Hyderabad
2026-05-21 13:58:44,244 - INFO - Clicking Search Button
2026-05-21 13:58:44,578 - INFO - Verifying Buy Search Results
2026-05-21 13:58:47,475 - INFO - Closing popups if displayed
2026-05-21 13:58:59,622 - INFO - Clicking Buy Tab
2026-05-21 13:58:59,967 - INFO - Keeping Search Box Empty
2026-05-21 13:59:01,326 - INFO - Clicking Search Button With Empty Location
2026-05-21 13:59:01,468 - INFO - Current URL After Empty Search: https://www.99acres.com/
2026-05-21 13:59:07,136 - INFO - Clicking Buy Tab
2026-05-21 13:59:09,245 - INFO - Entering Location: Hyderabad
2026-05-21 13:59:11,800 - INFO - Clicking Search Button
2026-05-21 13:59:11,941 - INFO - Verifying Buy Search Results
2026-05-21 13:59:14,375 - INFO - Closing popups if displayed
2026-05-21 13:59:21,285 - INFO - Applying 2 BHK Filter
2026-05-21 13:59:45,020 - INFO - Applying Residential Apartment Filter
2026-05-21 14:01:30,809 - INFO - Clicking Buy Tab
2026-05-21 14:01:31,699 - INFO - Entering Location: Hyderabad
2026-05-21 14:01:34,319 - INFO - Clicking Search Button
2026-05-21 14:01:37,126 - INFO - Verifying Buy Search Results
2026-05-21 14:01:42,275 - INFO - Buy Results Heading: Property in Hyderabad for Sale
2026-05-21 14:01:48,377 - INFO - Clicking Buy Tab
2026-05-21 14:01:48,851 - INFO - Entering Location: Hyderabad
2026-05-21 14:01:57,779 - INFO - Clicking Buy Tab
2026-05-21 14:01:58,409 - INFO - Entering Location: Hyderabad
2026-05-21 14:02:00,495 - INFO - Clicking Search Button
2026-05-21 14:02:00,558 - INFO - Verifying Buy Search Results
2026-05-21 14:02:02,983 - INFO - Closing popups if displayed
2026-05-21 14:02:14,619 - INFO - Applying 2 BHK Filter
2026-05-21 14:02:38,736 - INFO - Applying Residential Apartment Filter
2026-05-21 14:03:01,732 - INFO - Applying Ready To Move Filter
2026-05-21 14:03:26,109 - INFO - Applying Owner Filter
2026-05-21 14:04:08,350 - INFO - Clicking Buy Tab
2026-05-21 14:04:09,106 - INFO - Keeping Search Box Empty
2026-05-21 14:04:12,312 - INFO - Clicking Search Button With Empty Location
2026-05-21 14:04:13,053 - INFO - Current URL After Empty Search: https://www.99acres.com/
2026-05-21 14:04:20,033 - INFO - Clicking Buy Tab
2026-05-21 14:04:20,492 - INFO - Entering Location: Hyderabad
2026-05-21 14:04:21,488 - INFO - Clicking Search Button
2026-05-21 14:04:21,540 - INFO - Verifying Buy Search Results
2026-05-21 14:04:24,068 - INFO - Closing popups if displayed
2026-05-21 14:04:36,297 - INFO - Applying 2 BHK Filter
2026-05-21 14:27:02,355 - INFO - Clicking Buy Tab
2026-05-21 14:27:05,062 - INFO - Entering Location: Hyderabad
2026-05-21 14:27:06,362 - INFO - Clicking Search Button
2026-05-21 14:27:06,430 - INFO - Verifying Buy Search Results
2026-05-21 14:27:09,166 - INFO - Buy Results Heading: Property in Hyderabad for Sale
2026-05-21 14:27:17,485 - INFO - Clicking Buy Tab
2026-05-21 14:27:18,297 - INFO - Entering Location: Hyderabad
2026-05-21 14:27:27,300 - INFO - Clicking Search Button
2026-05-21 14:27:28,003 - INFO - Verifying Buy Search Results
2026-05-21 14:27:36,401 - INFO - Buy Results Count: 35602
2026-05-21 14:27:43,206 - INFO - Clicking Buy Tab
2026-05-21 14:27:51,196 - INFO - Clicking Buy Tab
2026-05-21 14:27:58,118 - INFO - Clicking Buy Tab
2026-05-21 14:28:03,195 - INFO - Clicking Buy Tab
2026-05-21 14:28:05,234 - INFO - Entering Location: Hyderabad
2026-05-21 14:28:06,989 - INFO - Clicking Search Button
2026-05-21 14:28:07,355 - INFO - Verifying Buy Search Results
2026-05-21 14:28:10,209 - INFO - Closing popups if displayed
2026-05-21 14:28:21,156 - INFO - Applying 2 BHK Filter
2026-05-21 14:28:44,686 - INFO - Applying Residential Apartment Filter
2026-05-21 14:29:09,196 - INFO - Applying Ready To Move Filter
2026-05-21 14:29:35,067 - INFO - Applying Owner Filter
2026-05-21 14:29:59,325 - INFO - Applying Locality Filter
2026-05-21 14:30:30,727 - INFO - Locality Filter Applied: False
2026-05-21 14:30:30,732 - INFO - Applying RERA Approved Filter
2026-05-21 14:30:59,368 - INFO - RERA Approved Filter Applied: True
2026-05-21 14:30:59,370 - INFO - Selecting First Filtered Buy Result
2026-05-21 14:31:18,791 - INFO - Opened Buy Property Page URL: https://www.99acres.com/3-bhk-bedroom-independent-house-villa-for-sale-in-tara-nagar-hyderabad-225-sqft-r1-spid-H85982222
2026-05-21 14:31:19,840 - INFO - Switching To Buy Property Window
2026-05-21 14:31:26,899 - INFO - Opening Owner Details
2026-05-21 14:31:41,786 - INFO - Clicking View Phone Number Without Login
2026-05-21 14:31:58,754 - INFO - Verifying login/register prompt is displayed
2026-05-21 14:32:33,771 - INFO - Clicking Rent Tab
2026-05-21 14:32:36,056 - INFO - Entering Location: Rent in Hyderabad
2026-05-21 14:32:44,256 - INFO - Clicking Search Button
2026-05-21 14:32:46,241 - INFO - Verifying Search Results
2026-05-21 14:32:46,241 - INFO - Waiting for Results Page
2026-05-21 14:36:00,704 - INFO - Clicking Buy Tab
2026-05-21 14:36:01,853 - INFO - Entering Location: Hyderabad
2026-05-21 14:36:07,105 - INFO - Clicking Search Button
2026-05-21 14:36:07,960 - INFO - Verifying Buy Search Results
2026-05-21 14:36:14,779 - INFO - Closing popups if displayed
2026-05-21 14:36:21,925 - INFO - Applying 2 BHK Filter
2026-05-21 14:36:45,211 - INFO - Applying Residential Apartment Filter
2026-05-21 14:37:07,727 - INFO - Applying Ready To Move Filter
2026-05-21 14:37:30,868 - INFO - Applying Owner Filter
2026-05-21 14:37:54,058 - INFO - Applying Locality Filter
2026-05-21 14:38:20,286 - INFO - Locality Filter Applied: False
2026-05-21 14:38:20,288 - INFO - Applying RERA Approved Filter
2026-05-21 14:38:44,780 - INFO - RERA Approved Filter Applied: True
2026-05-21 14:38:44,780 - INFO - Selecting First Filtered Buy Result
2026-05-21 14:38:58,530 - INFO - Opened Buy Property Page URL: https://www.99acres.com/3-bhk-bedroom-independent-house-villa-for-sale-in-tara-nagar-hyderabad-225-sqft-r1-spid-H85982222
2026-05-21 14:38:59,019 - INFO - Switching To Buy Property Window
2026-05-21 14:39:05,389 - INFO - Clicking Shortlist
2026-05-21 14:39:18,246 - INFO - Opening Owner Details
2026-05-21 14:39:31,430 - INFO - Clicking View Phone Number
2026-05-21 14:39:44,885 - INFO - Verifying Contact Section
2026-05-21 14:39:49,576 - INFO - Buy Property Title: Buy
|
Post property
FREE

RERA STATUS
₹ 5 Cr
3Bedrooms 3Baths
Contact OwnerFREE
RERA STATUS NOT AVAILABLE Website: http://rerait.telangana.gov.in/
OverviewOwner DetailsRegistry RecordLocality ReviewsFeatured DealersRecommendations



Property sold out? Incorrect data?Report
Owner Details
Srikanth Makineni
Owner
Srikanth Makineni
Properties Listed:2Verified Properties:2
Localities : Serilingampally,Tara Nagar
Send enquiry to Owner
You are Individual Dealer
IND (+91)
GBR (+44)
USA (+1)
AUS (+61)
MYS (+60)
ARE (+971)
AFG (+93)
ALB (+355)
DZA (+213)
ASM (+1684)
AND (+376)
AGO (+244)
AIA (+1264)
ATA (+672)
ATG (+1268)
ARG (+54)
ARM (+374)
ABW (+297)
AUT (+43)
AZE (+994)
BHS (+1242)
BHR (+973)
BGD (+880)
BRB (+1246)
BLR (+375)
BEL (+32)
BLZ (+501)
BEN (+229)
BMU (+1441)
BTN (+975)
BOL (+591)
BIH (+387)
BWA (+267)
BRA (+55)
VGB (+1284)
BRN (+673)
BGR (+359)
BFA (+226)
MMR (+95)
BDI (+257)
KHM (+855)
CMR (+237)
CAN (+1)
CPV (+238)
CYM (+1345)
CAF (+236)
TCD (+235)
CHL (+56)
CHN (+86)
CXR (+61)
CCK (+61)
COL (+57)
COM (+269)
COK (+682)
CRC (+506)
HRV (+385)
CYP (+357)
CZE (+420)
COD (+243)
DNK (+45)
DJI (+253)
DMA (+1767)
DOM (+1809)
ECU (+593)
EGY (+20)
SLV (+503)
GNQ (+240)
ERI (+291)
EST (+372)
ETH (+251)
FLK (+500)
FRO (+298)
FJI (+679)
FIN (+358)
FRA (+33)
PYF (+689)
GAB (+241)
GMB (+220)
GEO (+995)
DEU (+49)
GHA (+233)
GIB (+350)
GRC (+30)
GRL (+299)
GRD (+1473)
GUM (+1671)
GTM (+502)
GIN (+224)
GNB (+245)
GUY (+592)
HTI (+509)
VAT (+39)
HND (+504)
HKG (+852)
HUN (+36)
IS (+354)
IDN (+62)
IRQ (+964)
IRL (+353)
IMN (+44)
ISR (+972)
ITA (+39)
CIV (+225)
JAM (+1876)
JPN (+81)
JOR (+962)
KAZ (+7)
KEN (+254)
KIR (+686)
KWT (+965)
KGZ (+996)
LAO (+856)
LVA (+371)
LBN (+961)
LSO (+266)
LBR (+231)
LBY (+218)
LIE (+423)
LTU (+370)
LUX (+352)
MAC (+853)
MKD (+389)
MDG (+261)
MWI (+265)
MDV (+960)
MLI (+223)
MLT (+356)
MHL (+692)
MRT (+222)
MUS (+230)
MYT (+262)
MEX (+52)
FSM (+691)
MDA (+373)
MCO (+377)
MNG (+976)
MNE (+382)
MSR (+1664)
MAR (+212)
MOZ (+258)
NAM (+264)
NRU (+674)
NPL (+977)
NLD (+31)
ANT (+599)
NCL (+687)
NZL (+64)
NIC (+505)
NER (+227)
NGA (+234)
NIU (+683)
NFK (+672)
MNP (+1670)
NOR (+47)
OMN (+968)
PAK (+92)
PLW (+680)
PAN (+507)
PNG (+675)
PRY (+595)
PER (+51)
PHL (+63)
PCN (+870)
POL (+48)
PRT (+351)
PRI (+1)
QAT (+974)
COG (+242)
ROU (+40)
RUS (+7)
RWA (+250)
BLM (+590)
SHN (+290)
KNA (+1869)
LCA (+1758)
MAF (+1599)
SPM (+508)
VCT (+1784)
WSM (+685)
SMR (+378)
STP (+239)
SAU (+966)
SEN (+221)
SRB (+381)
SSU (+211)
SYC (+248)
SLE (+232)
SGP (+65)
SVK (+421)
SVN (+386)
SLB (+677)
SOM (+252)
ZAF (+27)
KOR (+82)
ESP (+34)
LKA (+94)
SUR (+597)
SWZ (+268)
SWE (+46)
CHE (+41)
TWN (+886)
TJK (+992)
TZA (+255)
THA (+66)
TLS (+670)
TGO (+228)
TKL (+690)
TON (+676)
TTO (+1868)
TUN (+216)
TUR (+90)
TKM (+993)
TCA (+1649)
TUV (+688)
UGA (+256)
URY (+598)
VIR (+1340)
UZB (+998)
VUT (+678)
VEN (+58)
VNM (+84)
WLF (+681)
YEM (+967)
ZMB (+260)
ZWE (+263)
400 chars
I agree to the Terms & Conditions and Privacy Policy
Check prices in registry records
In Tara Nagar
3 recent transactions in this locality
Avg. transaction rates are Rs. 3757/sqft


You are requesting to view advertiser details.
POSTED BY OWNER:
+91 98***543**
SRIKANTH MAKINENI | SRIKANTH MAKINENI
POSTED ON MAY 02, 2026:
Rs5 Cr | Chanda Nagar, Tara Nagar
225 SQFT | 3 BEDROOMS INDEPENDENT HOUSE/VILLA
Please fill in your details to be shared with this advertiser only.
BASIC INFORMATION
Are you a property dealer Yes No
Name
Phone
That looks like an invalid phone number
+91 IND
+44 GBR
+1 USA
+61 AUS
+60 MYS
+971 ARE
+93 AFG
+355 ALB
+213 DZA
+1684 ASM
+376 AND
+244 AGO
+1264 AIA
+672 ATA
+1268 ATG
+54 ARG
+374 ARM
+297 ABW
+43 AUT
+994 AZE
+1242 BHS
+973 BHR
+880 BGD
+1246 BRB
+375 BLR
+32 BEL
+501 BLZ
+229 BEN
+1441 BMU
+975 BTN
+591 BOL
+387 BIH
+267 BWA
+55 BRA
+1284 VGB
+673 BRN
+359 BGR
+226 BFA
+95 MMR
+257 BDI
+855 KHM
+237 CMR
+1 CAN
+238 CPV
+1345 CYM
+236 CAF
+235 TCD
+56 CHL
+86 CHN
+61 CXR
+61 CCK
+57 COL
+269 COM
+682 COK
+506 CRC
+385 HRV
+357 CYP
+420 CZE
+243 COD
+45 DNK
+253 DJI
+1767 DMA
+1809 DOM
+593 ECU
+20 EGY
+503 SLV
+240 GNQ
+291 ERI
+372 EST
+251 ETH
+500 FLK
+298 FRO
+679 FJI
+358 FIN
+33 FRA
+689 PYF
+241 GAB
+220 GMB
+995 GEO
+49 DEU
+233 GHA
+350 GIB
+30 GRC
+299 GRL
+1473 GRD
+1671 GUM
+502 GTM
+224 GIN
+245 GNB
+592 GUY
+509 HTI
+39 VAT
+504 HND
+852 HKG
+36 HUN
+354 IS
+62 IDN
+964 IRQ
+353 IRL
+44 IMN
+972 ISR
+39 ITA
+225 CIV
+1876 JAM
+81 JPN
+962 JOR
+7 KAZ
+254 KEN
+686 KIR
+965 KWT
+996 KGZ
+856 LAO
+371 LVA
+961 LBN
+266 LSO
+231 LBR
+218 LBY
+423 LIE
+370 LTU
+352 LUX
+853 MAC
+389 MKD
+261 MDG
+265 MWI
+960 MDV
+223 MLI
+356 MLT
+692 MHL
+222 MRT
+230 MUS
+262 MYT
+52 MEX
+691 FSM
+373 MDA
+377 MCO
+976 MNG
+382 MNE
+1664 MSR
+212 MAR
+258 MOZ
+264 NAM
+674 NRU
+977 NPL
+31 NLD
+599 ANT
+687 NCL
+64 NZL
+505 NIC
+227 NER
+234 NGA
+683 NIU
+672 NFK
+1670 MNP
+47 NOR
+968 OMN
+92 PAK
+680 PLW
+507 PAN
+675 PNG
+595 PRY
+51 PER
+63 PHL
+870 PCN
+48 POL
+351 PRT
+1 PRI
+974 QAT
+242 COG
+40 ROU
+7 RUS
+250 RWA
+590 BLM
+290 SHN
+1869 KNA
+1758 LCA
+1599 MAF
+508 SPM
+1784 VCT
+685 WSM
+378 SMR
+239 STP
+966 SAU
+221 SEN
+381 SRB
+211 SSU
+248 SYC
+232 SLE
+65 SGP
+421 SVK
+386 SVN
+677 SLB
+252 SOM
+27 ZAF
+82 KOR
+34 ESP
+94 LKA
+597 SUR
+268 SWZ
+46 SWE
+41 CHE
+886 TWN
+992 TJK
+255 TZA
+66 THA
+670 TLS
+228 TGO
+690 TKL
+676 TON
+1868 TTO
+216 TUN
+90 TUR
+993 TKM
+1649 TCA
+688 TUV
+256 UGA
+598 URY
+1340 VIR
+998 UZB
+678 VUT
+58 VEN
+84 VNM
+681 WLF
+967 YEM
+260 ZMB
+263 ZWE
OPTIONAL INFORMATION
By when you are planning to buy the property?
3 months
6 months
More than 6 months
I am interested in home loan
I am interested in site visits.
I agree to the Terms & Conditions and Privacy Policy
We do not spam− Details shared with selected advertisers only.Connect with us for better deals & offers.Your details are secure with us.
Verify your number
+91-6397650133
Enter your 4 digit OTP
Haven't received yet?
Resend OTP
Verify & Continue
Or, Verify via Missed Call
2026-05-21 14:39:49,616 - INFO - Sale Price: ₹ 5 Cr
2026-05-22 09:40:14,717 - INFO - Clicking Buy Tab
2026-05-22 09:40:15,400 - INFO - Entering Location: Hyderabad
2026-05-22 09:40:18,015 - INFO - Clicking Search Button
2026-05-22 09:40:18,197 - INFO - Verifying Buy Search Results
2026-05-22 09:40:21,280 - INFO - Closing popups if displayed
2026-05-22 09:40:27,715 - INFO - Applying 2 BHK Filter
2026-05-22 09:40:51,880 - INFO - Applying Residential Apartment Filter
2026-05-22 09:41:15,194 - INFO - Applying Ready To Move Filter
2026-05-22 09:41:38,675 - INFO - Applying Owner Filter
2026-05-22 09:42:02,492 - INFO - Applying Locality Filter
2026-05-22 09:42:27,157 - INFO - Locality Filter Applied: False
2026-05-22 09:42:27,158 - INFO - Applying RERA Approved Filter
2026-05-22 09:42:51,056 - INFO - RERA Approved Filter Applied: True
2026-05-22 09:42:51,057 - INFO - Selecting First Filtered Buy Result
2026-05-22 09:43:06,066 - INFO - Opened Buy Property Page URL: https://www.99acres.com/30-bhk-bedroom-independent-house-villa-for-sale-in-begumpet-hyderabad-9000-sqft-r1-spid-Y85913864
2026-05-22 09:43:06,325 - INFO - Switching To Buy Property Window
2026-05-22 09:43:12,704 - INFO - Clicking Shortlist
2026-05-22 09:43:25,437 - INFO - Opening Owner Details
2026-05-22 09:43:37,964 - INFO - Clicking View Phone Number
2026-05-22 09:43:51,059 - INFO - Verifying Contact Section
2026-05-22 09:43:51,952 - INFO - Buy Property Title: Buy
|
Post property
FREE

Home›Property in Hyderabad›House for sale in Hyderabad›House for sale in Rajbhavan Road›House for sale in Begumpet›10 to 20 Cr
Posted on Apr 13, 2026 Ready to move
Platinum
₹ 11.5 Cr@ 1.15 L per sqyd
Estimated EMI ₹9,18,509
30Bedrooms 25Baths
Independent House/Villa for Sale
in Begumpet, Hyderabad
Shortlist
Property added to your shortlist
Contact OwnerFREE
RERA STATUS NOT AVAILABLE Website: http://rerait.telangana.gov.in/
OverviewOwner DetailsRegistry RecordExplore LocalityFeatured DealersRecommendations
₹ 11.5 Cr
30Bedrooms 25Baths
Property added to your shortlist
Contact OwnerFREE
RERA STATUS NOT AVAILABLE Website: http://rerait.telangana.gov.in/
OverviewOwner DetailsRegistry RecordExplore LocalityFeatured DealersRecommendations
Videos (1)
Property (11)
3 people viewed this property yesterday
Area
Plot area 1000
(836.13 sq.m.)  
sqyd
Configuration
30 Bedrooms , 25 Bathrooms, 3+ Balconies
Price
₹ 11.5 Crore
@ 1.15 L per sqyd (Negotiable)
Address
Begumpet, Hyderabad
Total Floors
5 Floors
Facing
South
Overlooking
Main Road
Property Age
10+ Year Old
Transaction Type:Resale
Property Ownership:Freehold
Flooring:MarbleWidth of facing road:30.0 FeetParking:1 OpenWater Source:Borewell/Tank,24*7 Water
Power Backup:None
About Property
Address: Begumpet, Hyderabad
Note : Currently property providing the rent per month rental income is 2 lakh 
Independent villa
An impeccable opportunity is here for those who are looking to own aesthetically designed independent villa in , begumpet, telangana which ensures a relaxed and comfortable stay. Being an independent vi...
More >>
Property sold out? Incorrect data?Report
Begumpet Photos
+26 more image
Owner Details
Pavan Kadigari
Owner
Pavan Kadigari
Properties Listed:1
Localities : Begumpet
Send enquiry to Owner
You are Individual Dealer
IND (+91)
GBR (+44)
USA (+1)
AUS (+61)
MYS (+60)
ARE (+971)
AFG (+93)
ALB (+355)
DZA (+213)
ASM (+1684)
AND (+376)
AGO (+244)
AIA (+1264)
ATA (+672)
ATG (+1268)
ARG (+54)
ARM (+374)
ABW (+297)
AUT (+43)
AZE (+994)
BHS (+1242)
BHR (+973)
BGD (+880)
BRB (+1246)
BLR (+375)
BEL (+32)
BLZ (+501)
BEN (+229)
BMU (+1441)
BTN (+975)
BOL (+591)
BIH (+387)
BWA (+267)
BRA (+55)
VGB (+1284)
BRN (+673)
BGR (+359)
BFA (+226)
MMR (+95)
BDI (+257)
KHM (+855)
CMR (+237)
CAN (+1)
CPV (+238)
CYM (+1345)
CAF (+236)
TCD (+235)
CHL (+56)
CHN (+86)
CXR (+61)
CCK (+61)
COL (+57)
COM (+269)
COK (+682)
CRC (+506)
HRV (+385)
CYP (+357)
CZE (+420)
COD (+243)
DNK (+45)
DJI (+253)
DMA (+1767)
DOM (+1809)
ECU (+593)
EGY (+20)
SLV (+503)
GNQ (+240)
ERI (+291)
EST (+372)
ETH (+251)
FLK (+500)
FRO (+298)
FJI (+679)
FIN (+358)
FRA (+33)
PYF (+689)
GAB (+241)
GMB (+220)
GEO (+995)
DEU (+49)
GHA (+233)
GIB (+350)
GRC (+30)
GRL (+299)
GRD (+1473)
GUM (+1671)
GTM (+502)
GIN (+224)
GNB (+245)
GUY (+592)
HTI (+509)
VAT (+39)
HND (+504)
HKG (+852)
HUN (+36)
IS (+354)
IDN (+62)
IRQ (+964)
IRL (+353)
IMN (+44)
ISR (+972)
ITA (+39)
CIV (+225)
JAM (+1876)
JPN (+81)
JOR (+962)
KAZ (+7)
KEN (+254)
KIR (+686)
KWT (+965)
KGZ (+996)
LAO (+856)
LVA (+371)
LBN (+961)
LSO (+266)
LBR (+231)
LBY (+218)
LIE (+423)
LTU (+370)
LUX (+352)
MAC (+853)
MKD (+389)
MDG (+261)
MWI (+265)
MDV (+960)
MLI (+223)
MLT (+356)
MHL (+692)
MRT (+222)
MUS (+230)
MYT (+262)
MEX (+52)
FSM (+691)
MDA (+373)
MCO (+377)
MNG (+976)
MNE (+382)
MSR (+1664)
MAR (+212)
MOZ (+258)
NAM (+264)
NRU (+674)
NPL (+977)
NLD (+31)
ANT (+599)
NCL (+687)
NZL (+64)
NIC (+505)
NER (+227)
NGA (+234)
NIU (+683)
NFK (+672)
MNP (+1670)
NOR (+47)
OMN (+968)
PAK (+92)
PLW (+680)
PAN (+507)
PNG (+675)
PRY (+595)
PER (+51)
PHL (+63)
PCN (+870)
POL (+48)
PRT (+351)
PRI (+1)
QAT (+974)
COG (+242)
ROU (+40)
RUS (+7)
RWA (+250)
BLM (+590)
SHN (+290)
KNA (+1869)
LCA (+1758)
MAF (+1599)
SPM (+508)
VCT (+1784)
WSM (+685)
SMR (+378)
STP (+239)
SAU (+966)
SEN (+221)
SRB (+381)
SSU (+211)
SYC (+248)
SLE (+232)
SGP (+65)
SVK (+421)
SVN (+386)
SLB (+677)
SOM (+252)
ZAF (+27)
KOR (+82)
ESP (+34)
LKA (+94)
SUR (+597)
SWZ (+268)
SWE (+46)
CHE (+41)
TWN (+886)
TJK (+992)
TZA (+255)
THA (+66)
TLS (+670)
TGO (+228)
TKL (+690)
TON (+676)
TTO (+1868)
TUN (+216)
TUR (+90)
TKM (+993)
TCA (+1649)
TUV (+688)
UGA (+256)
URY (+598)
VIR (+1340)
UZB (+998)
VUT (+678)
VEN (+58)
VNM (+84)
WLF (+681)
YEM (+967)
ZMB (+260)
ZWE (+263)
400 chars
I agree to the Terms & Conditions and Privacy Policy
Check prices in registry records
In Begumpet
19 recent transactions in this locality
in last 3 years
Avg. transaction rates are Rs. 4872/sqft
Based on last 19 transactions
Transaction Details
Data Source : 
Telangana government
99acres.com has made available data related to registration through online ...more
Is this Helpful ?YesNo
View recent transactions
Explore Begumpet, Hyderabad
Begumpet, Hyderabad Overview
Telangana | Pincode - 500016
Premium Locality
Commercial Hub
What's great here!
Begumpet is a developed locality nestled along Hussain Sagar Lake
The presence of Begumpet Airport enhances its prominence
Its commercial landscape includes several government & private offices
Residential options are apartments, independent homes and plots... more
What needs attention!
The road linking Begumpet to St John's signal-Marredpally witnesses traffic
Begumpet Main Road faces waterlogging due to narrowed drains
Locality Reviews
for Begumpet, Hyderabad
Review your Society / Locality
4.3
/5
Average Rating
(348 Total Reviews)
5★
4★
3★
2★
1★
See how ratings are calculated
Ratings by features
Connectivity
4.4 out of 5
Lifestyle
4.4 out of 5
Safety
4.3 out of 5
Green Area
4.1 out of 5
Popular Mentions
99% Positive Mentions
Likes
Good Public Transport (244)
Easy Cab/Auto Availability (206)
Metro Connectivity nearby (197)
Good Schools are nearby (148)
Well-maintained Roads (146)
Markets at a walkable distance (133)
Dislikes
Frequent Traffic Jams (121)
Frequent Parking Issues (87)
Reviews by residents
View All
RecommendedNegative FirstWith PhotosRecent First
4.0
★
Hussain Nagar
POSITIVES
This location is one of the most convenient and well-located areas in Hyderabad. Living hear feels comfortable mainly because of the excellent connectivity. The...Show More
NEGATIVES
Despite its many advantages, the area also has notable disadvantages also. Traffic congestion is one of the major problem especially during the peak office hour...Show More
N
Nikith
Owner (living since 2Y) | 3mo ago
5.0
★
2 people found it helpful
Hussain Nagar
POSITIVES
The shopping malls and markets are within 5 km. There are a lot of good schools and hospitals are under 5 km. Grocerry stores and other shops are also in just w...Show More
NEGATIVES
A lot of power cuts. Water quality is not too pure. Roads are crack and cause of accident sometimes. Cab charges too high. Traffic is the main problem and parki...Show More
R
Raghav
Owner (living since 3+Y) | 8mo ago
3.6
★
Hussain Nagar
POSITIVES
The buses and autos are frequent and reliable, making it easy to get around the city. Parks, gyms and some retail outlets are just a quick walk away, making eve...Show More
NEGATIVES
One thing which I don't like about this city is the roads can be bumpy sometimes, and they are significantly worse during monsoon times. The locality is usually...Show More
SH
Sufia Hussain
Owner (living since 2Y) | 9mo ago
Read All
348 Reviews
Is this helpful?YesNo
Review your Society / Locality
Reach out to Featured Dealers
who are popular amongst Residential Buyers
View all
Helpful to 100% buyers
SAI PROPERTY CONSULTANTS
Sai Property Consultants
Member Since Oct, 2016
NEW SALE
Contact Dealer
1 Matching Property
INDIASSETZ INFRA SERVICES PRIVATE LIMITED
INDIASSETZ INFRA SERVICES PRIVATE LIMITED
Member Since Feb, 2022
RESALE
Contact Dealer
2 Matching Properties
1 Verified by 99acres
LUXE LISTINGS
Santhosh Porandla
Member Since Oct, 2024
RESALE
Contact Dealer
1 Matching Property
More dealers who can help you...
Disha Properties
Disha Properties
Ranjith Realtors
Ranjith Realtors
Mr Laxmikanth
Lakshmikanth
R Nagarjuna
Landlord Sales
Vijaya Ramakrishna
VGR Infra
Similar Properties
Manisha (Owner) 28th Apr, 2026
₹ 10 Cr, 6 BHK
Anand Nagar
Khairatabad, Hyderabad
Enquire Now
Nikhila Achanta (Owner) 06th Feb, 2026
₹ 9 Cr, 3 BHK
Brahmanwadi, Rajbhavan Road, Hyderabad
Enquire Now
Sai Sumiran (Owner) 15th Jan, 2026
₹ 9.5 Cr, 4 BHK
Namitha Isle
Banjara Hills, Hyderabad
Enquire Now
Anil Thapa (Owner) 09th Feb, 2026
₹ 9.75 Cr, 4 BHK
Uma Heights
Banjara Hills, Hyderabad
Enquire Now
Ashok jain (Owner) 14th Mar, 2026
₹ 8.8 Cr, 4 BHK
8-2-618/G/N/6
Banjara Hills, Hyderabad
Enquire Now
Krishna Anand (Owner) 18th Apr, 2026
₹ 11.5 Cr, 4 BHK
Rajbhavan Road, Hyderabad
Enquire Now
Bhavna goel (Owner) 15th Dec, 2025
₹ 10 Cr, 4 BHK
GVK Sky City
Somajiguda, Hyderabad
Enquire Now
Hima Bindu (Owner) 02nd Oct, 2025
₹ 10 Cr, 3 BHK
Sai Krishna Sri Nagar Colony
Srinagar Colony, YousufGuda, Hyderabad
Enquire Now
Prasadarao Yedama (Owner) 09th Apr, 2026
₹ 9.3 Cr, 10 BHK
Brahmanwadi, Rajbhavan Road, Hyderabad
Enquire Now
Tahseen (Owner) 05th Apr, 2026
₹ 12 Cr, 4 BHK
Aghapura, Old Mumbai Highway
Enquire Now
>
Newly launched projects
Preferred units at zero brokerage
Limited launch offers available
Just now launched in the market
Bigger home in the same budget
Less upfront payment
NEW ARRIVAL
RERA
The Cascades Neopolis
Neopolis, Hyderabad
₹3.5 - 5.01 Cr
|
3, 4 BHK Apartment
Completion in Mar, 2030
Get preferred options @zero brokerage
View Number
NEW LAUNCH
RERA
Fiora By Yashoda
Tukkuguda, Hyderabad
₹4.48 - 5.36 Cr
|
4 BHK Villa
17.6% price increase in last 1 year in 
Get preferred options @zero brokerage
View Number
NEW LAUNCH
RERA
Aurum by Sree Varaaha
Financial District, Hyderabad
₹3.21 - 10.6 Cr
|
4 BHK Apartment
20.0% price increase in last 3 years in 
Get preferred options @zero brokerage
View Number
Interesting Reads
Read realty news, guides & articles
Akshita Infra: A legacy of excellence
Apr 17, 2026
ASBL Landmark unveils final tower launch
Oct 08, 2025
Top reasons to buy a home in Vertex Florenza
Dec 29, 2025
Top reasons to invest in North Hyderabad
Feb 28, 2026
Related to your search
About Begumpet
Begumpet Hyderabad Overview
Property Rates in Begumpet Hyderabad
Reviews of Begumpet Hyderabad
Begumpet & nearby listings
Buy 30 BHK House/Villa in Begumpet for 11.5 Cr
Property Options in Begumpet
House for sale in Begumpet by owner
Verified House for sale in Begumpet
New Projects in Begumpet
View 4 More
Links
Mobile Apps
Our Services
Price Trends
Post your Property
Real Estate Investments
Builders in India
Area Converter
Articles
Rent Receipt
Customer Service
Sitemap
Company
About us
Contact us
Careers with us
Terms & Conditions
Request Info
Feedback
Report a problem
Testimonials
Privacy Policy
Summons/Notices
Grievances
Safety Guide
Our Partners
Naukri.com - Jobs in India
Naukrigulf.com - Jobs in middle east
Jeevansathi.com - Matrimonials
Brijj.com - Professional Networking
Shiksha.com - Education Career Info
Policybazaar.com - Insurance India
PaisaBazaar.com
AmbitionBox.com
FirstNaukri.com - A jobsite for campus hiring
Jobhai.com – Find Jobs Near You
Techminis.com - Tech news on the go
CONTACT US
Toll Free 1800 41 99099
Monday - Sunday (9:30AM to 06:30PM IST)
Email: feedback@99acres.com
CONNECT WITH US
* India's leading Property Portal. Source: Alexa.com
# Free Listings are available only for Owners
MOBILE APP
Usage of 99acres.com to upload content which enables targeting by religion/community/caste/race is prohibited. Please report inappropriate content by writing to us at report abuse
All right reserved - Info Edge (India) Ltd. A group venture
You are requesting to view advertiser details.
POSTED BY OWNER:
+91 98***543**
PAVAN KADIGARI | PAVAN KADIGARI
POSTED ON APR 13, 2026:
Rs11.5 Cr |
9000 SQFT | 30 BEDROOMS INDEPENDENT HOUSE/VILLA
Please fill in your details to be shared with this advertiser only.
BASIC INFORMATION
Are you a property dealer Yes No
Name
Phone
What’s your phone Number?
+91 IND
+44 GBR
+1 USA
+61 AUS
+60 MYS
+971 ARE
+93 AFG
+355 ALB
+213 DZA
+1684 ASM
+376 AND
+244 AGO
+1264 AIA
+672 ATA
+1268 ATG
+54 ARG
+374 ARM
+297 ABW
+43 AUT
+994 AZE
+1242 BHS
+973 BHR
+880 BGD
+1246 BRB
+375 BLR
+32 BEL
+501 BLZ
+229 BEN
+1441 BMU
+975 BTN
+591 BOL
+387 BIH
+267 BWA
+55 BRA
+1284 VGB
+673 BRN
+359 BGR
+226 BFA
+95 MMR
+257 BDI
+855 KHM
+237 CMR
+1 CAN
+238 CPV
+1345 CYM
+236 CAF
+235 TCD
+56 CHL
+86 CHN
+61 CXR
+61 CCK
+57 COL
+269 COM
+682 COK
+506 CRC
+385 HRV
+357 CYP
+420 CZE
+243 COD
+45 DNK
+253 DJI
+1767 DMA
+1809 DOM
+593 ECU
+20 EGY
+503 SLV
+240 GNQ
+291 ERI
+372 EST
+251 ETH
+500 FLK
+298 FRO
+679 FJI
+358 FIN
+33 FRA
+689 PYF
+241 GAB
+220 GMB
+995 GEO
+49 DEU
+233 GHA
+350 GIB
+30 GRC
+299 GRL
+1473 GRD
+1671 GUM
+502 GTM
+224 GIN
+245 GNB
+592 GUY
+509 HTI
+39 VAT
+504 HND
+852 HKG
+36 HUN
+354 IS
+62 IDN
+964 IRQ
+353 IRL
+44 IMN
+972 ISR
+39 ITA
+225 CIV
+1876 JAM
+81 JPN
+962 JOR
+7 KAZ
+254 KEN
+686 KIR
+965 KWT
+996 KGZ
+856 LAO
+371 LVA
+961 LBN
+266 LSO
+231 LBR
+218 LBY
+423 LIE
+370 LTU
+352 LUX
+853 MAC
+389 MKD
+261 MDG
+265 MWI
+960 MDV
+223 MLI
+356 MLT
+692 MHL
+222 MRT
+230 MUS
+262 MYT
+52 MEX
+691 FSM
+373 MDA
+377 MCO
+976 MNG
+382 MNE
+1664 MSR
+212 MAR
+258 MOZ
+264 NAM
+674 NRU
+977 NPL
+31 NLD
+599 ANT
+687 NCL
+64 NZL
+505 NIC
+227 NER
+234 NGA
+683 NIU
+672 NFK
+1670 MNP
+47 NOR
+968 OMN
+92 PAK
+680 PLW
+507 PAN
+675 PNG
+595 PRY
+51 PER
+63 PHL
+870 PCN
+48 POL
+351 PRT
+1 PRI
+974 QAT
+242 COG
+40 ROU
+7 RUS
+250 RWA
+590 BLM
+290 SHN
+1869 KNA
+1758 LCA
+1599 MAF
+508 SPM
+1784 VCT
+685 WSM
+378 SMR
+239 STP
+966 SAU
+221 SEN
+381 SRB
+211 SSU
+248 SYC
+232 SLE
+65 SGP
+421 SVK
+386 SVN
+677 SLB
+252 SOM
+27 ZAF
+82 KOR
+34 ESP
+94 LKA
+597 SUR
+268 SWZ
+46 SWE
+41 CHE
+886 TWN
+992 TJK
+255 TZA
+66 THA
+670 TLS
+228 TGO
+690 TKL
+676 TON
+1868 TTO
+216 TUN
+90 TUR
+993 TKM
+1649 TCA
+688 TUV
+256 UGA
+598 URY
+1340 VIR
+998 UZB
+678 VUT
+58 VEN
+84 VNM
+681 WLF
+967 YEM
+260 ZMB
+263 ZWE
OPTIONAL INFORMATION
By when you are planning to buy the property?
3 months
6 months
More than 6 months
I am interested in home loan
I am interested in site visits.
I agree to the Terms & Conditions and Privacy Policy
We do not spam− Details shared with selected advertisers only.Connect with us for better deals & offers.Your details are secure with us.
2026-05-22 09:43:51,955 - INFO - Sale Price: ₹ 11.5 Cr
2026-05-22 11:01:08,412 - INFO - Clicking Buy Tab
2026-05-22 11:01:09,176 - INFO - Entering Location: Hyderabad
2026-05-22 11:01:10,492 - INFO - Clicking Search Button
2026-05-22 11:01:10,561 - INFO - Verifying Buy Search Results
2026-05-22 11:01:15,954 - INFO - Closing popups if displayed
2026-05-22 11:01:27,582 - INFO - Applying 2 BHK Filter
2026-05-22 11:01:52,035 - INFO - Applying Residential Apartment Filter
2026-05-22 11:02:16,148 - INFO - Applying Ready To Move Filter
2026-05-22 11:02:40,494 - INFO - Applying Owner Filter
2026-05-22 11:03:05,691 - INFO - Applying Locality Filter
2026-05-22 11:03:31,840 - INFO - Locality Filter Applied: False
2026-05-22 11:03:31,841 - INFO - Applying RERA Approved Filter
2026-05-22 11:03:56,552 - INFO - RERA Approved Filter Applied: True
2026-05-22 11:03:56,554 - INFO - Selecting First Filtered Buy Result
2026-05-22 11:04:13,927 - INFO - Opened Buy Property Page URL: https://www.99acres.com/3-bhk-bedroom-independent-house-villa-for-sale-in-tara-nagar-hyderabad-225-sqft-r1-spid-H85982222
2026-05-22 11:04:15,401 - INFO - Switching To Buy Property Window
2026-05-22 11:04:23,100 - INFO - Clicking Shortlist
2026-05-22 11:04:36,397 - INFO - Opening Owner Details
2026-05-22 11:04:50,500 - INFO - Clicking View Phone Number
2026-05-22 11:05:04,487 - INFO - Verifying Contact Section
2026-05-22 11:05:13,994 - INFO - Buy Property Title: Buy
|
Post property
FREE

RERA STATUS
₹ 5 Cr
3Bedrooms 3Baths
Contact OwnerFREE
RERA STATUS NOT AVAILABLE Website: http://rerait.telangana.gov.in/
OverviewOwner DetailsRegistry RecordLocality ReviewsFeatured DealersRecommendations



Property sold out? Incorrect data?Report
Owner Details
Srikanth Makineni
Owner
Srikanth Makineni
Properties Listed:2Verified Properties:2
Localities : Serilingampally,Tara Nagar
Send enquiry to Owner
You are Individual Dealer
IND (+91)
GBR (+44)
USA (+1)
AUS (+61)
MYS (+60)
ARE (+971)
AFG (+93)
ALB (+355)
DZA (+213)
ASM (+1684)
AND (+376)
AGO (+244)
AIA (+1264)
ATA (+672)
ATG (+1268)
ARG (+54)
ARM (+374)
ABW (+297)
AUT (+43)
AZE (+994)
BHS (+1242)
BHR (+973)
BGD (+880)
BRB (+1246)
BLR (+375)
BEL (+32)
BLZ (+501)
BEN (+229)
BMU (+1441)
BTN (+975)
BOL (+591)
BIH (+387)
BWA (+267)
BRA (+55)
VGB (+1284)
BRN (+673)
BGR (+359)
BFA (+226)
MMR (+95)
BDI (+257)
KHM (+855)
CMR (+237)
CAN (+1)
CPV (+238)
CYM (+1345)
CAF (+236)
TCD (+235)
CHL (+56)
CHN (+86)
CXR (+61)
CCK (+61)
COL (+57)
COM (+269)
COK (+682)
CRC (+506)
HRV (+385)
CYP (+357)
CZE (+420)
COD (+243)
DNK (+45)
DJI (+253)
DMA (+1767)
DOM (+1809)
ECU (+593)
EGY (+20)
SLV (+503)
GNQ (+240)
ERI (+291)
EST (+372)
ETH (+251)
FLK (+500)
FRO (+298)
FJI (+679)
FIN (+358)
FRA (+33)
PYF (+689)
GAB (+241)
GMB (+220)
GEO (+995)
DEU (+49)
GHA (+233)
GIB (+350)
GRC (+30)
GRL (+299)
GRD (+1473)
GUM (+1671)
GTM (+502)
GIN (+224)
GNB (+245)
GUY (+592)
HTI (+509)
VAT (+39)
HND (+504)
HKG (+852)
HUN (+36)
IS (+354)
IDN (+62)
IRQ (+964)
IRL (+353)
IMN (+44)
ISR (+972)
ITA (+39)
CIV (+225)
JAM (+1876)
JPN (+81)
JOR (+962)
KAZ (+7)
KEN (+254)
KIR (+686)
KWT (+965)
KGZ (+996)
LAO (+856)
LVA (+371)
LBN (+961)
LSO (+266)
LBR (+231)
LBY (+218)
LIE (+423)
LTU (+370)
LUX (+352)
MAC (+853)
MKD (+389)
MDG (+261)
MWI (+265)
MDV (+960)
MLI (+223)
MLT (+356)
MHL (+692)
MRT (+222)
MUS (+230)
MYT (+262)
MEX (+52)
FSM (+691)
MDA (+373)
MCO (+377)
MNG (+976)
MNE (+382)
MSR (+1664)
MAR (+212)
MOZ (+258)
NAM (+264)
NRU (+674)
NPL (+977)
NLD (+31)
ANT (+599)
NCL (+687)
NZL (+64)
NIC (+505)
NER (+227)
NGA (+234)
NIU (+683)
NFK (+672)
MNP (+1670)
NOR (+47)
OMN (+968)
PAK (+92)
PLW (+680)
PAN (+507)
PNG (+675)
PRY (+595)
PER (+51)
PHL (+63)
PCN (+870)
POL (+48)
PRT (+351)
PRI (+1)
QAT (+974)
COG (+242)
ROU (+40)
RUS (+7)
RWA (+250)
BLM (+590)
SHN (+290)
KNA (+1869)
LCA (+1758)
MAF (+1599)
SPM (+508)
VCT (+1784)
WSM (+685)
SMR (+378)
STP (+239)
SAU (+966)
SEN (+221)
SRB (+381)
SSU (+211)
SYC (+248)
SLE (+232)
SGP (+65)
SVK (+421)
SVN (+386)
SLB (+677)
SOM (+252)
ZAF (+27)
KOR (+82)
ESP (+34)
LKA (+94)
SUR (+597)
SWZ (+268)
SWE (+46)
CHE (+41)
TWN (+886)
TJK (+992)
TZA (+255)
THA (+66)
TLS (+670)
TGO (+228)
TKL (+690)
TON (+676)
TTO (+1868)
TUN (+216)
TUR (+90)
TKM (+993)
TCA (+1649)
TUV (+688)
UGA (+256)
URY (+598)
VIR (+1340)
UZB (+998)
VUT (+678)
VEN (+58)
VNM (+84)
WLF (+681)
YEM (+967)
ZMB (+260)
ZWE (+263)
400 chars
I agree to the Terms & Conditions and Privacy Policy
Check prices in registry records
In Tara Nagar
3 recent transactions in this locality
Avg. transaction rates are Rs. 3757/sqft


You are requesting to view advertiser details.
POSTED BY OWNER:
+91 98***543**
SRIKANTH MAKINENI | SRIKANTH MAKINENI
POSTED ON MAY 02, 2026:
Rs5 Cr | Chanda Nagar, Tara Nagar
225 SQFT | 3 BEDROOMS INDEPENDENT HOUSE/VILLA
Please fill in your details to be shared with this advertiser only.
BASIC INFORMATION
Are you a property dealer Yes No
Name
Phone
This number would be verified
+91 IND
+44 GBR
+1 USA
+61 AUS
+60 MYS
+971 ARE
+93 AFG
+355 ALB
+213 DZA
+1684 ASM
+376 AND
+244 AGO
+1264 AIA
+672 ATA
+1268 ATG
+54 ARG
+374 ARM
+297 ABW
+43 AUT
+994 AZE
+1242 BHS
+973 BHR
+880 BGD
+1246 BRB
+375 BLR
+32 BEL
+501 BLZ
+229 BEN
+1441 BMU
+975 BTN
+591 BOL
+387 BIH
+267 BWA
+55 BRA
+1284 VGB
+673 BRN
+359 BGR
+226 BFA
+95 MMR
+257 BDI
+855 KHM
+237 CMR
+1 CAN
+238 CPV
+1345 CYM
+236 CAF
+235 TCD
+56 CHL
+86 CHN
+61 CXR
+61 CCK
+57 COL
+269 COM
+682 COK
+506 CRC
+385 HRV
+357 CYP
+420 CZE
+243 COD
+45 DNK
+253 DJI
+1767 DMA
+1809 DOM
+593 ECU
+20 EGY
+503 SLV
+240 GNQ
+291 ERI
+372 EST
+251 ETH
+500 FLK
+298 FRO
+679 FJI
+358 FIN
+33 FRA
+689 PYF
+241 GAB
+220 GMB
+995 GEO
+49 DEU
+233 GHA
+350 GIB
+30 GRC
+299 GRL
+1473 GRD
+1671 GUM
+502 GTM
+224 GIN
+245 GNB
+592 GUY
+509 HTI
+39 VAT
+504 HND
+852 HKG
+36 HUN
+354 IS
+62 IDN
+964 IRQ
+353 IRL
+44 IMN
+972 ISR
+39 ITA
+225 CIV
+1876 JAM
+81 JPN
+962 JOR
+7 KAZ
+254 KEN
+686 KIR
+965 KWT
+996 KGZ
+856 LAO
+371 LVA
+961 LBN
+266 LSO
+231 LBR
+218 LBY
+423 LIE
+370 LTU
+352 LUX
+853 MAC
+389 MKD
+261 MDG
+265 MWI
+960 MDV
+223 MLI
+356 MLT
+692 MHL
+222 MRT
+230 MUS
+262 MYT
+52 MEX
+691 FSM
+373 MDA
+377 MCO
+976 MNG
+382 MNE
+1664 MSR
+212 MAR
+258 MOZ
+264 NAM
+674 NRU
+977 NPL
+31 NLD
+599 ANT
+687 NCL
+64 NZL
+505 NIC
+227 NER
+234 NGA
+683 NIU
+672 NFK
+1670 MNP
+47 NOR
+968 OMN
+92 PAK
+680 PLW
+507 PAN
+675 PNG
+595 PRY
+51 PER
+63 PHL
+870 PCN
+48 POL
+351 PRT
+1 PRI
+974 QAT
+242 COG
+40 ROU
+7 RUS
+250 RWA
+590 BLM
+290 SHN
+1869 KNA
+1758 LCA
+1599 MAF
+508 SPM
+1784 VCT
+685 WSM
+378 SMR
+239 STP
+966 SAU
+221 SEN
+381 SRB
+211 SSU
+248 SYC
+232 SLE
+65 SGP
+421 SVK
+386 SVN
+677 SLB
+252 SOM
+27 ZAF
+82 KOR
+34 ESP
+94 LKA
+597 SUR
+268 SWZ
+46 SWE
+41 CHE
+886 TWN
+992 TJK
+255 TZA
+66 THA
+670 TLS
+228 TGO
+690 TKL
+676 TON
+1868 TTO
+216 TUN
+90 TUR
+993 TKM
+1649 TCA
+688 TUV
+256 UGA
+598 URY
+1340 VIR
+998 UZB
+678 VUT
+58 VEN
+84 VNM
+681 WLF
+967 YEM
+260 ZMB
+263 ZWE
OPTIONAL INFORMATION
By when you are planning to buy the property?
3 months
6 months
More than 6 months
I am interested in home loan
I am interested in site visits.
I agree to the Terms & Conditions and Privacy Policy
We do not spam− Details shared with selected advertisers only.Connect with us for better deals & offers.Your details are secure with us.
Login / Register
Please enter your Phone Number
Phone Number
Continue
Login with Email
By clicking you agree to
Terms and Conditions
2026-05-22 11:05:14,000 - INFO - Sale Price: ₹ 5 Cr
2026-05-22 11:09:53,816 - INFO - Clicking Buy Tab
2026-05-22 11:09:54,395 - INFO - Entering Location: Hyderabad
2026-05-22 11:09:56,174 - INFO - Clicking Search Button
2026-05-22 11:09:56,349 - INFO - Verifying Buy Search Results
2026-05-22 11:10:04,446 - INFO - Buy Results Heading: Property in Hyderabad for Sale
2026-05-22 11:10:24,704 - INFO - Clicking Buy Tab
2026-05-22 11:10:24,863 - INFO - Entering Location: Hyderabad
2026-05-22 11:10:25,859 - INFO - Clicking Search Button
2026-05-22 11:10:25,945 - INFO - Verifying Buy Search Results
2026-05-22 11:10:32,393 - INFO - Buy Results Count: 35538
2026-05-22 11:10:52,553 - INFO - Clicking Buy Tab
2026-05-22 11:10:55,021 - INFO - Entering Location: Hyderabad
2026-05-22 11:10:56,232 - INFO - Clicking Search Button
2026-05-22 11:10:56,330 - INFO - Verifying Buy Search Results
2026-05-22 11:10:58,866 - INFO - Closing popups if displayed
2026-05-22 11:11:10,421 - INFO - Applying 2 BHK Filter
2026-05-22 11:11:34,142 - INFO - Applying Residential Apartment Filter
2026-05-22 11:11:57,821 - INFO - Applying Ready To Move Filter
2026-05-22 11:12:21,046 - INFO - Applying Owner Filter
2026-05-22 11:12:45,128 - INFO - Applying Locality Filter
2026-05-22 11:13:07,963 - INFO - Locality Filter Applied: False
2026-05-22 11:13:07,964 - INFO - Applying RERA Approved Filter
2026-05-22 11:13:31,420 - INFO - RERA Approved Filter Applied: True
2026-05-22 11:13:31,421 - INFO - Verifying Filtered Buy Results
2026-05-22 11:13:51,482 - INFO - Filtered Buy Results Count: 3458
2026-05-22 11:14:22,909 - INFO - Clicking Buy Tab
2026-05-22 11:14:23,371 - INFO - Entering Location: Hyderabad
2026-05-22 11:14:24,384 - INFO - Clicking Search Button
2026-05-22 11:14:24,439 - INFO - Verifying Buy Search Results
2026-05-22 11:14:27,380 - INFO - Closing popups if displayed
2026-05-22 11:14:40,215 - INFO - Applying 2 BHK Filter
2026-05-22 11:15:04,958 - INFO - Applying Residential Apartment Filter
2026-05-22 11:15:30,125 - INFO - Applying Ready To Move Filter
2026-05-22 11:15:54,004 - INFO - Applying Owner Filter
2026-05-22 11:16:18,302 - INFO - Applying Locality Filter
2026-05-22 11:16:53,091 - INFO - Locality Filter Applied: False
2026-05-22 11:16:53,098 - INFO - Applying RERA Approved Filter
2026-05-22 11:17:22,860 - INFO - RERA Approved Filter Applied: True
2026-05-22 11:17:22,863 - INFO - Selecting First Filtered Buy Result
2026-05-22 11:17:49,926 - INFO - Opened Buy Property Page URL: https://www.99acres.com/3-bhk-bedroom-independent-house-villa-for-sale-in-tara-nagar-hyderabad-225-sqft-r1-spid-H85982222
2026-05-22 11:17:55,168 - INFO - Switching To Buy Property Window
2026-05-22 11:18:03,380 - INFO - Clicking Shortlist
2026-05-22 11:18:16,846 - INFO - Opening Owner Details
2026-05-22 11:18:31,906 - INFO - Clicking View Phone Number
2026-05-22 11:18:46,912 - INFO - Verifying Contact Section
2026-05-22 11:19:01,343 - INFO - Buy Property Title: Buy
|
Post property
FREE

RERA STATUS
₹ 5 Cr
3Bedrooms 3Baths
Contact OwnerFREE
RERA STATUS NOT AVAILABLE Website: http://rerait.telangana.gov.in/
OverviewOwner DetailsRegistry RecordLocality ReviewsFeatured DealersRecommendations



Property sold out? Incorrect data?Report
Owner Details
Srikanth Makineni
Owner
Srikanth Makineni
Properties Listed:2Verified Properties:2
Localities : Serilingampally,Tara Nagar
Send enquiry to Owner
You are Individual Dealer
IND (+91)
GBR (+44)
USA (+1)
AUS (+61)
MYS (+60)
ARE (+971)
AFG (+93)
ALB (+355)
DZA (+213)
ASM (+1684)
AND (+376)
AGO (+244)
AIA (+1264)
ATA (+672)
ATG (+1268)
ARG (+54)
ARM (+374)
ABW (+297)
AUT (+43)
AZE (+994)
BHS (+1242)
BHR (+973)
BGD (+880)
BRB (+1246)
BLR (+375)
BEL (+32)
BLZ (+501)
BEN (+229)
BMU (+1441)
BTN (+975)
BOL (+591)
BIH (+387)
BWA (+267)
BRA (+55)
VGB (+1284)
BRN (+673)
BGR (+359)
BFA (+226)
MMR (+95)
BDI (+257)
KHM (+855)
CMR (+237)
CAN (+1)
CPV (+238)
CYM (+1345)
CAF (+236)
TCD (+235)
CHL (+56)
CHN (+86)
CXR (+61)
CCK (+61)
COL (+57)
COM (+269)
COK (+682)
CRC (+506)
HRV (+385)
CYP (+357)
CZE (+420)
COD (+243)
DNK (+45)
DJI (+253)
DMA (+1767)
DOM (+1809)
ECU (+593)
EGY (+20)
SLV (+503)
GNQ (+240)
ERI (+291)
EST (+372)
ETH (+251)
FLK (+500)
FRO (+298)
FJI (+679)
FIN (+358)
FRA (+33)
PYF (+689)
GAB (+241)
GMB (+220)
GEO (+995)
DEU (+49)
GHA (+233)
GIB (+350)
GRC (+30)
GRL (+299)
GRD (+1473)
GUM (+1671)
GTM (+502)
GIN (+224)
GNB (+245)
GUY (+592)
HTI (+509)
VAT (+39)
HND (+504)
HKG (+852)
HUN (+36)
IS (+354)
IDN (+62)
IRQ (+964)
IRL (+353)
IMN (+44)
ISR (+972)
ITA (+39)
CIV (+225)
JAM (+1876)
JPN (+81)
JOR (+962)
KAZ (+7)
KEN (+254)
KIR (+686)
KWT (+965)
KGZ (+996)
LAO (+856)
LVA (+371)
LBN (+961)
LSO (+266)
LBR (+231)
LBY (+218)
LIE (+423)
LTU (+370)
LUX (+352)
MAC (+853)
MKD (+389)
MDG (+261)
MWI (+265)
MDV (+960)
MLI (+223)
MLT (+356)
MHL (+692)
MRT (+222)
MUS (+230)
MYT (+262)
MEX (+52)
FSM (+691)
MDA (+373)
MCO (+377)
MNG (+976)
MNE (+382)
MSR (+1664)
MAR (+212)
MOZ (+258)
NAM (+264)
NRU (+674)
NPL (+977)
NLD (+31)
ANT (+599)
NCL (+687)
NZL (+64)
NIC (+505)
NER (+227)
NGA (+234)
NIU (+683)
NFK (+672)
MNP (+1670)
NOR (+47)
OMN (+968)
PAK (+92)
PLW (+680)
PAN (+507)
PNG (+675)
PRY (+595)
PER (+51)
PHL (+63)
PCN (+870)
POL (+48)
PRT (+351)
PRI (+1)
QAT (+974)
COG (+242)
ROU (+40)
RUS (+7)
RWA (+250)
BLM (+590)
SHN (+290)
KNA (+1869)
LCA (+1758)
MAF (+1599)
SPM (+508)
VCT (+1784)
WSM (+685)
SMR (+378)
STP (+239)
SAU (+966)
SEN (+221)
SRB (+381)
SSU (+211)
SYC (+248)
SLE (+232)
SGP (+65)
SVK (+421)
SVN (+386)
SLB (+677)
SOM (+252)
ZAF (+27)
KOR (+82)
ESP (+34)
LKA (+94)
SUR (+597)
SWZ (+268)
SWE (+46)
CHE (+41)
TWN (+886)
TJK (+992)
TZA (+255)
THA (+66)
TLS (+670)
TGO (+228)
TKL (+690)
TON (+676)
TTO (+1868)
TUN (+216)
TUR (+90)
TKM (+993)
TCA (+1649)
TUV (+688)
UGA (+256)
URY (+598)
VIR (+1340)
UZB (+998)
VUT (+678)
VEN (+58)
VNM (+84)
WLF (+681)
YEM (+967)
ZMB (+260)
ZWE (+263)
400 chars
I agree to the Terms & Conditions and Privacy Policy
Check prices in registry records
In Tara Nagar
3 recent transactions in this locality
Avg. transaction rates are Rs. 3757/sqft


You are requesting to view advertiser details.
POSTED BY OWNER:
+91 98***543**
SRIKANTH MAKINENI | SRIKANTH MAKINENI
POSTED ON MAY 02, 2026:
Rs5 Cr | Chanda Nagar, Tara Nagar
225 SQFT | 3 BEDROOMS INDEPENDENT HOUSE/VILLA
Please fill in your details to be shared with this advertiser only.
BASIC INFORMATION
Are you a property dealer Yes No
Name
Phone
This number would be verified
+91 IND
+44 GBR
+1 USA
+61 AUS
+60 MYS
+971 ARE
+93 AFG
+355 ALB
+213 DZA
+1684 ASM
+376 AND
+244 AGO
+1264 AIA
+672 ATA
+1268 ATG
+54 ARG
+374 ARM
+297 ABW
+43 AUT
+994 AZE
+1242 BHS
+973 BHR
+880 BGD
+1246 BRB
+375 BLR
+32 BEL
+501 BLZ
+229 BEN
+1441 BMU
+975 BTN
+591 BOL
+387 BIH
+267 BWA
+55 BRA
+1284 VGB
+673 BRN
+359 BGR
+226 BFA
+95 MMR
+257 BDI
+855 KHM
+237 CMR
+1 CAN
+238 CPV
+1345 CYM
+236 CAF
+235 TCD
+56 CHL
+86 CHN
+61 CXR
+61 CCK
+57 COL
+269 COM
+682 COK
+506 CRC
+385 HRV
+357 CYP
+420 CZE
+243 COD
+45 DNK
+253 DJI
+1767 DMA
+1809 DOM
+593 ECU
+20 EGY
+503 SLV
+240 GNQ
+291 ERI
+372 EST
+251 ETH
+500 FLK
+298 FRO
+679 FJI
+358 FIN
+33 FRA
+689 PYF
+241 GAB
+220 GMB
+995 GEO
+49 DEU
+233 GHA
+350 GIB
+30 GRC
+299 GRL
+1473 GRD
+1671 GUM
+502 GTM
+224 GIN
+245 GNB
+592 GUY
+509 HTI
+39 VAT
+504 HND
+852 HKG
+36 HUN
+354 IS
+62 IDN
+964 IRQ
+353 IRL
+44 IMN
+972 ISR
+39 ITA
+225 CIV
+1876 JAM
+81 JPN
+962 JOR
+7 KAZ
+254 KEN
+686 KIR
+965 KWT
+996 KGZ
+856 LAO
+371 LVA
+961 LBN
+266 LSO
+231 LBR
+218 LBY
+423 LIE
+370 LTU
+352 LUX
+853 MAC
+389 MKD
+261 MDG
+265 MWI
+960 MDV
+223 MLI
+356 MLT
+692 MHL
+222 MRT
+230 MUS
+262 MYT
+52 MEX
+691 FSM
+373 MDA
+377 MCO
+976 MNG
+382 MNE
+1664 MSR
+212 MAR
+258 MOZ
+264 NAM
+674 NRU
+977 NPL
+31 NLD
+599 ANT
+687 NCL
+64 NZL
+505 NIC
+227 NER
+234 NGA
+683 NIU
+672 NFK
+1670 MNP
+47 NOR
+968 OMN
+92 PAK
+680 PLW
+507 PAN
+675 PNG
+595 PRY
+51 PER
+63 PHL
+870 PCN
+48 POL
+351 PRT
+1 PRI
+974 QAT
+242 COG
+40 ROU
+7 RUS
+250 RWA
+590 BLM
+290 SHN
+1869 KNA
+1758 LCA
+1599 MAF
+508 SPM
+1784 VCT
+685 WSM
+378 SMR
+239 STP
+966 SAU
+221 SEN
+381 SRB
+211 SSU
+248 SYC
+232 SLE
+65 SGP
+421 SVK
+386 SVN
+677 SLB
+252 SOM
+27 ZAF
+82 KOR
+34 ESP
+94 LKA
+597 SUR
+268 SWZ
+46 SWE
+41 CHE
+886 TWN
+992 TJK
+255 TZA
+66 THA
+670 TLS
+228 TGO
+690 TKL
+676 TON
+1868 TTO
+216 TUN
+90 TUR
+993 TKM
+1649 TCA
+688 TUV
+256 UGA
+598 URY
+1340 VIR
+998 UZB
+678 VUT
+58 VEN
+84 VNM
+681 WLF
+967 YEM
+260 ZMB
+263 ZWE
OPTIONAL INFORMATION
By when you are planning to buy the property?
3 months
6 months
More than 6 months
I am interested in home loan
I am interested in site visits.
I agree to the Terms & Conditions and Privacy Policy
We do not spam− Details shared with selected advertisers only.Connect with us for better deals & offers.Your details are secure with us.
2026-05-22 11:19:01,347 - INFO - Sale Price: ₹ 5 Cr
2026-05-22 11:20:52,891 - INFO - Clicking Buy Tab
2026-05-22 11:20:53,180 - INFO - Entering Location: Hyderabad
2026-05-22 11:20:54,323 - INFO - Clicking Search Button
2026-05-22 11:20:54,391 - INFO - Verifying Buy Search Results
2026-05-22 11:20:57,262 - INFO - Buy Results Heading: Property in Hyderabad for Sale
2026-05-22 11:21:02,298 - INFO - Clicking Buy Tab
2026-05-22 11:21:04,183 - INFO - Entering Location: Hyderabad
2026-05-22 11:21:05,141 - INFO - Clicking Search Button
2026-05-22 11:21:05,201 - INFO - Verifying Buy Search Results
2026-05-22 11:21:11,571 - INFO - Buy Results Count: 35539
2026-05-22 11:21:18,251 - INFO - Clicking Buy Tab
2026-05-22 11:21:18,710 - INFO - Entering Location: Hyderabad
2026-05-22 11:21:19,833 - INFO - Clicking Search Button
2026-05-22 11:21:19,907 - INFO - Verifying Buy Search Results
2026-05-22 11:21:22,916 - INFO - Closing popups if displayed
2026-05-22 11:21:34,296 - INFO - Applying 2 BHK Filter
2026-05-22 11:21:59,639 - INFO - Applying Residential Apartment Filter
2026-05-22 11:22:23,763 - INFO - Applying Ready To Move Filter
2026-05-22 11:22:50,071 - INFO - Applying Owner Filter
2026-05-22 11:23:14,084 - INFO - Applying Locality Filter
2026-05-22 11:23:50,610 - INFO - Locality Filter Applied: False
2026-05-22 11:23:50,612 - INFO - Applying RERA Approved Filter
2026-05-22 11:24:16,583 - INFO - RERA Approved Filter Applied: True
2026-05-22 11:24:16,584 - INFO - Verifying Filtered Buy Results
2026-05-22 11:25:44,089 - INFO - Filtered Buy Results Count: 2599
2026-05-22 11:25:53,103 - INFO - Clicking Buy Tab
2026-05-22 11:25:53,631 - INFO - Entering Location: Hyderabad
2026-05-22 11:26:19,886 - INFO - Clicking Buy Tab
2026-05-22 11:26:21,335 - INFO - Entering Location: Hyderabad
2026-05-22 11:26:26,731 - INFO - Clicking Search Button
2026-05-22 11:26:27,169 - INFO - Verifying Buy Search Results
2026-05-22 11:26:32,063 - INFO - Buy Results Heading: Property in Hyderabad for Sale
2026-05-22 11:26:36,687 - INFO - Clicking Buy Tab
2026-05-22 11:26:40,510 - INFO - Entering Location: Hyderabad
2026-05-22 11:26:41,507 - INFO - Clicking Search Button
2026-05-22 11:26:41,562 - INFO - Verifying Buy Search Results
2026-05-22 11:26:49,632 - INFO - Buy Results Count: 35541
2026-05-22 11:26:55,361 - INFO - Clicking Buy Tab
2026-05-22 11:26:57,452 - INFO - Entering Location: Hyderabad
2026-05-22 11:26:58,479 - INFO - Clicking Search Button
2026-05-22 11:26:58,532 - INFO - Verifying Buy Search Results
2026-05-22 11:27:01,414 - INFO - Closing popups if displayed
2026-05-22 11:27:13,009 - INFO - Applying 2 BHK Filter
2026-05-22 11:27:36,828 - INFO - Applying Residential Apartment Filter
2026-05-22 11:28:01,807 - INFO - Applying Ready To Move Filter
2026-05-22 11:28:27,072 - INFO - Applying Owner Filter
2026-05-22 11:28:50,855 - INFO - Applying Locality Filter
2026-05-22 11:29:24,220 - INFO - Locality Filter Applied: False
2026-05-22 11:29:24,221 - INFO - Applying RERA Approved Filter
2026-05-22 11:29:48,817 - INFO - RERA Approved Filter Applied: True
2026-05-22 11:29:48,819 - INFO - Verifying Filtered Buy Results
2026-05-22 11:31:06,061 - INFO - Filtered Buy Results Count: 3457
2026-05-22 11:33:55,503 - INFO - Clicking Buy Tab
2026-05-22 11:33:56,009 - INFO - Entering Location: Hyderabad
2026-05-22 11:33:57,395 - INFO - Clicking Search Button
2026-05-22 11:33:57,457 - INFO - Verifying Buy Search Results
2026-05-22 11:33:59,740 - INFO - Buy Results Heading: Property in Hyderabad for Sale
2026-05-22 11:34:07,016 - INFO - Clicking Buy Tab
2026-05-22 11:34:09,578 - INFO - Entering Location: Hyderabad
2026-05-22 11:34:10,984 - INFO - Clicking Search Button
2026-05-22 11:34:11,068 - INFO - Verifying Buy Search Results
2026-05-22 11:34:21,708 - INFO - Buy Results Count: 35541
2026-05-22 11:34:26,220 - INFO - Clicking Buy Tab
2026-05-22 11:34:27,941 - INFO - Entering Location: Hyderabad
2026-05-22 11:34:29,191 - INFO - Clicking Search Button
2026-05-22 11:34:29,274 - INFO - Verifying Buy Search Results
2026-05-22 11:34:31,873 - INFO - Closing popups if displayed
2026-05-22 11:34:43,779 - INFO - Applying 2 BHK Filter
2026-05-22 11:35:07,466 - INFO - Applying Residential Apartment Filter
2026-05-22 11:35:31,329 - INFO - Applying Ready To Move Filter
2026-05-22 11:35:54,790 - INFO - Applying Owner Filter
2026-05-22 11:36:18,426 - INFO - Applying Locality Filter
2026-05-22 11:36:43,433 - INFO - Locality Filter Applied: False
2026-05-22 11:36:43,434 - INFO - Applying RERA Approved Filter
2026-05-22 11:37:07,273 - INFO - RERA Approved Filter Applied: True
2026-05-22 11:37:07,275 - INFO - Verifying Filtered Buy Results
2026-05-22 11:38:01,673 - INFO - Filtered Buy Results Count: 2599
2026-05-22 11:38:09,977 - INFO - Clicking Buy Tab
2026-05-22 11:38:10,090 - INFO - Entering Location: Hyderabad
2026-05-22 11:38:11,203 - INFO - Clicking Search Button
2026-05-22 11:38:11,243 - INFO - Verifying Buy Search Results
2026-05-22 11:38:18,729 - INFO - Closing popups if displayed
2026-05-22 11:38:30,895 - INFO - Applying 2 BHK Filter
2026-05-22 11:38:54,115 - INFO - Applying Residential Apartment Filter
2026-05-22 11:39:20,865 - INFO - Applying Ready To Move Filter
2026-05-22 11:39:44,000 - INFO - Applying Owner Filter
2026-05-22 11:40:08,221 - INFO - Applying Locality Filter
2026-05-22 11:40:31,044 - INFO - Locality Filter Applied: False
2026-05-22 11:40:31,045 - INFO - Applying RERA Approved Filter
2026-05-22 11:40:54,517 - INFO - RERA Approved Filter Applied: True
2026-05-22 11:40:54,518 - INFO - Selecting First Filtered Buy Result
2026-05-22 11:41:10,892 - INFO - Opened Buy Property Page URL: https://www.99acres.com/3-bhk-bedroom-independent-house-villa-for-sale-in-tara-nagar-hyderabad-225-sqft-r1-spid-H85982222
2026-05-22 11:41:11,621 - INFO - Switching To Buy Property Window
2026-05-22 11:41:18,247 - INFO - Clicking Shortlist
2026-05-22 11:41:31,289 - INFO - Opening Owner Details
2026-05-22 11:41:44,193 - INFO - Clicking View Phone Number
2026-05-22 11:41:57,340 - INFO - Verifying Contact Section
2026-05-22 11:42:01,012 - INFO - Buy Property Title: Buy
|
Post property
FREE

RERA STATUS
₹ 5 Cr
3Bedrooms 3Baths
Contact OwnerFREE
RERA STATUS NOT AVAILABLE Website: http://rerait.telangana.gov.in/
OverviewOwner DetailsRegistry RecordLocality ReviewsFeatured DealersRecommendations



Property sold out? Incorrect data?Report
Owner Details
Srikanth Makineni
Owner
Srikanth Makineni
Properties Listed:2Verified Properties:2
Localities : Serilingampally,Tara Nagar
Send enquiry to Owner
You are Individual Dealer
IND (+91)
GBR (+44)
USA (+1)
AUS (+61)
MYS (+60)
ARE (+971)
AFG (+93)
ALB (+355)
DZA (+213)
ASM (+1684)
AND (+376)
AGO (+244)
AIA (+1264)
ATA (+672)
ATG (+1268)
ARG (+54)
ARM (+374)
ABW (+297)
AUT (+43)
AZE (+994)
BHS (+1242)
BHR (+973)
BGD (+880)
BRB (+1246)
BLR (+375)
BEL (+32)
BLZ (+501)
BEN (+229)
BMU (+1441)
BTN (+975)
BOL (+591)
BIH (+387)
BWA (+267)
BRA (+55)
VGB (+1284)
BRN (+673)
BGR (+359)
BFA (+226)
MMR (+95)
BDI (+257)
KHM (+855)
CMR (+237)
CAN (+1)
CPV (+238)
CYM (+1345)
CAF (+236)
TCD (+235)
CHL (+56)
CHN (+86)
CXR (+61)
CCK (+61)
COL (+57)
COM (+269)
COK (+682)
CRC (+506)
HRV (+385)
CYP (+357)
CZE (+420)
COD (+243)
DNK (+45)
DJI (+253)
DMA (+1767)
DOM (+1809)
ECU (+593)
EGY (+20)
SLV (+503)
GNQ (+240)
ERI (+291)
EST (+372)
ETH (+251)
FLK (+500)
FRO (+298)
FJI (+679)
FIN (+358)
FRA (+33)
PYF (+689)
GAB (+241)
GMB (+220)
GEO (+995)
DEU (+49)
GHA (+233)
GIB (+350)
GRC (+30)
GRL (+299)
GRD (+1473)
GUM (+1671)
GTM (+502)
GIN (+224)
GNB (+245)
GUY (+592)
HTI (+509)
VAT (+39)
HND (+504)
HKG (+852)
HUN (+36)
IS (+354)
IDN (+62)
IRQ (+964)
IRL (+353)
IMN (+44)
ISR (+972)
ITA (+39)
CIV (+225)
JAM (+1876)
JPN (+81)
JOR (+962)
KAZ (+7)
KEN (+254)
KIR (+686)
KWT (+965)
KGZ (+996)
LAO (+856)
LVA (+371)
LBN (+961)
LSO (+266)
LBR (+231)
LBY (+218)
LIE (+423)
LTU (+370)
LUX (+352)
MAC (+853)
MKD (+389)
MDG (+261)
MWI (+265)
MDV (+960)
MLI (+223)
MLT (+356)
MHL (+692)
MRT (+222)
MUS (+230)
MYT (+262)
MEX (+52)
FSM (+691)
MDA (+373)
MCO (+377)
MNG (+976)
MNE (+382)
MSR (+1664)
MAR (+212)
MOZ (+258)
NAM (+264)
NRU (+674)
NPL (+977)
NLD (+31)
ANT (+599)
NCL (+687)
NZL (+64)
NIC (+505)
NER (+227)
NGA (+234)
NIU (+683)
NFK (+672)
MNP (+1670)
NOR (+47)
OMN (+968)
PAK (+92)
PLW (+680)
PAN (+507)
PNG (+675)
PRY (+595)
PER (+51)
PHL (+63)
PCN (+870)
POL (+48)
PRT (+351)
PRI (+1)
QAT (+974)
COG (+242)
ROU (+40)
RUS (+7)
RWA (+250)
BLM (+590)
SHN (+290)
KNA (+1869)
LCA (+1758)
MAF (+1599)
SPM (+508)
VCT (+1784)
WSM (+685)
SMR (+378)
STP (+239)
SAU (+966)
SEN (+221)
SRB (+381)
SSU (+211)
SYC (+248)
SLE (+232)
SGP (+65)
SVK (+421)
SVN (+386)
SLB (+677)
SOM (+252)
ZAF (+27)
KOR (+82)
ESP (+34)
LKA (+94)
SUR (+597)
SWZ (+268)
SWE (+46)
CHE (+41)
TWN (+886)
TJK (+992)
TZA (+255)
THA (+66)
TLS (+670)
TGO (+228)
TKL (+690)
TON (+676)
TTO (+1868)
TUN (+216)
TUR (+90)
TKM (+993)
TCA (+1649)
TUV (+688)
UGA (+256)
URY (+598)
VIR (+1340)
UZB (+998)
VUT (+678)
VEN (+58)
VNM (+84)
WLF (+681)
YEM (+967)
ZMB (+260)
ZWE (+263)
400 chars
I agree to the Terms & Conditions and Privacy Policy
Check prices in registry records
In Tara Nagar
3 recent transactions in this locality
Avg. transaction rates are Rs. 3757/sqft


You are requesting to view advertiser details.
POSTED BY OWNER:
+91 98***543**
SRIKANTH MAKINENI | SRIKANTH MAKINENI
POSTED ON MAY 02, 2026:
Rs5 Cr | Chanda Nagar, Tara Nagar
225 SQFT | 3 BEDROOMS INDEPENDENT HOUSE/VILLA
Please fill in your details to be shared with this advertiser only.
BASIC INFORMATION
Are you a property dealer Yes No
Name
Phone
That looks like an invalid phone number
+91 IND
+44 GBR
+1 USA
+61 AUS
+60 MYS
+971 ARE
+93 AFG
+355 ALB
+213 DZA
+1684 ASM
+376 AND
+244 AGO
+1264 AIA
+672 ATA
+1268 ATG
+54 ARG
+374 ARM
+297 ABW
+43 AUT
+994 AZE
+1242 BHS
+973 BHR
+880 BGD
+1246 BRB
+375 BLR
+32 BEL
+501 BLZ
+229 BEN
+1441 BMU
+975 BTN
+591 BOL
+387 BIH
+267 BWA
+55 BRA
+1284 VGB
+673 BRN
+359 BGR
+226 BFA
+95 MMR
+257 BDI
+855 KHM
+237 CMR
+1 CAN
+238 CPV
+1345 CYM
+236 CAF
+235 TCD
+56 CHL
+86 CHN
+61 CXR
+61 CCK
+57 COL
+269 COM
+682 COK
+506 CRC
+385 HRV
+357 CYP
+420 CZE
+243 COD
+45 DNK
+253 DJI
+1767 DMA
+1809 DOM
+593 ECU
+20 EGY
+503 SLV
+240 GNQ
+291 ERI
+372 EST
+251 ETH
+500 FLK
+298 FRO
+679 FJI
+358 FIN
+33 FRA
+689 PYF
+241 GAB
+220 GMB
+995 GEO
+49 DEU
+233 GHA
+350 GIB
+30 GRC
+299 GRL
+1473 GRD
+1671 GUM
+502 GTM
+224 GIN
+245 GNB
+592 GUY
+509 HTI
+39 VAT
+504 HND
+852 HKG
+36 HUN
+354 IS
+62 IDN
+964 IRQ
+353 IRL
+44 IMN
+972 ISR
+39 ITA
+225 CIV
+1876 JAM
+81 JPN
+962 JOR
+7 KAZ
+254 KEN
+686 KIR
+965 KWT
+996 KGZ
+856 LAO
+371 LVA
+961 LBN
+266 LSO
+231 LBR
+218 LBY
+423 LIE
+370 LTU
+352 LUX
+853 MAC
+389 MKD
+261 MDG
+265 MWI
+960 MDV
+223 MLI
+356 MLT
+692 MHL
+222 MRT
+230 MUS
+262 MYT
+52 MEX
+691 FSM
+373 MDA
+377 MCO
+976 MNG
+382 MNE
+1664 MSR
+212 MAR
+258 MOZ
+264 NAM
+674 NRU
+977 NPL
+31 NLD
+599 ANT
+687 NCL
+64 NZL
+505 NIC
+227 NER
+234 NGA
+683 NIU
+672 NFK
+1670 MNP
+47 NOR
+968 OMN
+92 PAK
+680 PLW
+507 PAN
+675 PNG
+595 PRY
+51 PER
+63 PHL
+870 PCN
+48 POL
+351 PRT
+1 PRI
+974 QAT
+242 COG
+40 ROU
+7 RUS
+250 RWA
+590 BLM
+290 SHN
+1869 KNA
+1758 LCA
+1599 MAF
+508 SPM
+1784 VCT
+685 WSM
+378 SMR
+239 STP
+966 SAU
+221 SEN
+381 SRB
+211 SSU
+248 SYC
+232 SLE
+65 SGP
+421 SVK
+386 SVN
+677 SLB
+252 SOM
+27 ZAF
+82 KOR
+34 ESP
+94 LKA
+597 SUR
+268 SWZ
+46 SWE
+41 CHE
+886 TWN
+992 TJK
+255 TZA
+66 THA
+670 TLS
+228 TGO
+690 TKL
+676 TON
+1868 TTO
+216 TUN
+90 TUR
+993 TKM
+1649 TCA
+688 TUV
+256 UGA
+598 URY
+1340 VIR
+998 UZB
+678 VUT
+58 VEN
+84 VNM
+681 WLF
+967 YEM
+260 ZMB
+263 ZWE
OPTIONAL INFORMATION
By when you are planning to buy the property?
3 months
6 months
More than 6 months
I am interested in home loan
I am interested in site visits.
I agree to the Terms & Conditions and Privacy Policy
We do not spam− Details shared with selected advertisers only.Connect with us for better deals & offers.Your details are secure with us.
Verify your number
+91-6397650133
Enter your 4 digit OTP
Haven't received yet?
Resend OTP
Verify & Continue
Or, Verify via Missed Call
2026-05-22 11:42:01,021 - INFO - Sale Price: ₹ 5 Cr
2026-05-22 11:42:12,487 - INFO - Clicking Buy Tab
2026-05-22 11:42:14,985 - INFO - Keeping Search Box Empty
2026-05-22 11:42:17,401 - INFO - Clicking Search Button With Empty Location
2026-05-22 11:42:17,767 - INFO - Current URL After Empty Search: https://www.99acres.com/
2026-05-22 11:42:26,490 - INFO - Clicking Buy Tab
2026-05-22 11:42:26,607 - INFO - Entering Location: Hyderabad
2026-05-22 11:42:27,749 - INFO - Clicking Search Button
2026-05-22 11:42:27,872 - INFO - Verifying Buy Search Results
2026-05-22 11:42:30,952 - INFO - Closing popups if displayed
2026-05-22 11:42:42,145 - INFO - Applying 2 BHK Filter
2026-05-22 11:43:05,544 - INFO - Applying Residential Apartment Filter
2026-05-22 11:43:28,794 - INFO - Applying Ready To Move Filter
2026-05-22 11:43:52,291 - INFO - Applying Owner Filter
2026-05-22 11:44:15,655 - INFO - Applying Locality Filter
2026-05-22 11:44:39,336 - INFO - Locality Filter Applied: False
2026-05-22 11:44:39,336 - INFO - Applying RERA Approved Filter
2026-05-22 11:45:04,663 - INFO - RERA Approved Filter Applied: True
2026-05-22 11:45:04,663 - INFO - Selecting First Filtered Buy Result
2026-05-22 11:45:19,716 - INFO - Opened Buy Property Page URL: https://www.99acres.com/3-bhk-bedroom-independent-house-villa-for-sale-in-tara-nagar-hyderabad-225-sqft-r1-spid-H85982222
2026-05-22 11:45:19,922 - INFO - Switching To Buy Property Window
2026-05-22 11:45:26,889 - INFO - Opening Owner Details
2026-05-22 11:45:40,124 - INFO - Clicking View Phone Number Without Login
2026-05-22 11:45:54,186 - INFO - Verifying login/register prompt is displayed
2026-05-22 11:48:26,494 - INFO - Clicking Buy Tab
2026-05-22 11:48:28,355 - INFO - Entering Location: Hyderabad
2026-05-22 11:48:29,370 - INFO - Clicking Search Button
2026-05-22 11:48:29,412 - INFO - Verifying Buy Search Results
2026-05-22 11:48:33,642 - INFO - Closing popups if displayed
2026-05-22 11:48:45,050 - INFO - Applying 2 BHK Filter
2026-05-22 11:49:08,680 - INFO - Applying Residential Apartment Filter
2026-05-22 11:49:32,052 - INFO - Applying Ready To Move Filter
2026-05-22 11:49:55,765 - INFO - Applying Owner Filter
2026-05-22 11:50:19,583 - INFO - Applying Locality Filter
2026-05-22 11:50:44,706 - INFO - Locality Filter Applied: False
2026-05-22 11:50:44,708 - INFO - Applying RERA Approved Filter
2026-05-22 11:51:08,439 - INFO - RERA Approved Filter Applied: True
2026-05-22 11:51:08,441 - INFO - Selecting First Filtered Buy Result
2026-05-22 11:51:22,654 - INFO - Opened Buy Property Page URL: https://www.99acres.com/3-bhk-bedroom-independent-house-villa-for-sale-in-tara-nagar-hyderabad-225-sqft-r1-spid-H85982222
2026-05-22 11:51:23,096 - INFO - Switching To Buy Property Window
2026-05-22 11:51:29,432 - INFO - Opening Owner Details
2026-05-22 11:51:42,330 - INFO - Clicking View Phone Number Without Login
2026-05-22 11:51:57,055 - INFO - Verifying login/register prompt is displayed
2026-05-22 11:53:07,256 - INFO - Clicking Buy Tab
2026-05-22 11:53:08,256 - INFO - Entering Location: Hyderabad
2026-05-22 11:53:10,522 - INFO - Clicking Search Button
2026-05-22 11:53:10,743 - INFO - Verifying Buy Search Results
2026-05-22 11:53:13,921 - INFO - Buy Results Heading: Property in Hyderabad for Sale
2026-05-22 11:53:20,134 - INFO - Clicking Buy Tab
2026-05-22 11:53:21,723 - INFO - Entering Location: Hyderabad
2026-05-22 11:53:25,735 - INFO - Clicking Search Button
2026-05-22 11:53:26,063 - INFO - Verifying Buy Search Results
2026-05-22 11:53:33,807 - INFO - Buy Results Count: 35550
2026-05-22 11:53:41,337 - INFO - Clicking Buy Tab
2026-05-22 11:53:41,833 - INFO - Entering Location: Hyderabad
2026-05-22 11:53:43,026 - INFO - Clicking Search Button
2026-05-22 11:53:43,079 - INFO - Verifying Buy Search Results
2026-05-22 11:53:46,377 - INFO - Closing popups if displayed
2026-05-22 11:53:57,843 - INFO - Applying 2 BHK Filter
2026-05-22 11:54:21,293 - INFO - Applying Residential Apartment Filter
2026-05-22 11:54:44,496 - INFO - Applying Ready To Move Filter
2026-05-22 11:55:07,548 - INFO - Applying Owner Filter
2026-05-22 11:55:30,980 - INFO - Applying Locality Filter
2026-05-22 11:56:02,611 - INFO - Locality Filter Applied: False
2026-05-22 11:56:02,615 - INFO - Applying RERA Approved Filter
2026-05-22 11:56:26,364 - INFO - RERA Approved Filter Applied: True
2026-05-22 11:56:26,367 - INFO - Verifying Filtered Buy Results
2026-05-22 11:56:58,217 - INFO - Filtered Buy Results Count: 3459
2026-05-22 11:57:08,764 - INFO - Clicking Buy Tab
2026-05-22 11:57:09,193 - INFO - Entering Location: Hyderabad
2026-05-22 11:57:10,662 - INFO - Clicking Search Button
2026-05-22 11:57:10,759 - INFO - Verifying Buy Search Results
2026-05-22 11:57:14,215 - INFO - Closing popups if displayed
2026-05-22 11:57:25,312 - INFO - Applying 2 BHK Filter
2026-05-22 11:57:48,918 - INFO - Applying Residential Apartment Filter
2026-05-22 11:58:12,052 - INFO - Applying Ready To Move Filter
2026-05-22 11:58:35,083 - INFO - Applying Owner Filter
2026-05-22 11:58:58,292 - INFO - Applying Locality Filter
2026-05-22 11:59:21,745 - INFO - Locality Filter Applied: False
2026-05-22 11:59:21,745 - INFO - Applying RERA Approved Filter
2026-05-22 11:59:45,091 - INFO - RERA Approved Filter Applied: True
2026-05-22 11:59:45,092 - INFO - Selecting First Filtered Buy Result
2026-05-22 11:59:59,214 - INFO - Opened Buy Property Page URL: https://www.99acres.com/30-bhk-bedroom-independent-house-villa-for-sale-in-begumpet-hyderabad-9000-sqft-r1-spid-Y85913864
2026-05-22 11:59:59,392 - INFO - Switching To Buy Property Window
2026-05-22 12:00:05,792 - INFO - Clicking Shortlist
2026-05-22 12:00:18,518 - INFO - Opening Owner Details
2026-05-22 12:00:31,604 - INFO - Clicking View Phone Number
2026-05-22 12:00:45,430 - INFO - Verifying Contact Section
2026-05-22 12:00:45,895 - INFO - Buy Property Title: Buy
|
Post property
FREE
V A
Home›Property in Hyderabad›House for sale in Hyderabad›House for sale in Rajbhavan Road›House for sale in Begumpet›10 to 20 Cr
Posted on Apr 13, 2026 Ready to move
Platinum
₹ 11.5 Cr@ 1,15,000 per sqyd
Estimated EMI ₹9,18,509
30Bedrooms 25Baths
Independent House/Villa for Sale
in Begumpet, Hyderabad
Shortlist
Contact OwnerFREE
RERA STATUS NOT AVAILABLE Website: http://rerait.telangana.gov.in/
OverviewOwner DetailsRegistry RecordExplore LocalityArticles
Videos (1)
Property (11)
3 people viewed this property yesterday
Area
Plot area 1000
(836.13 sq.m.)  
sqyd
Configuration
30 Bedrooms , 25 Bathrooms, 3+ Balconies
Price
₹ 11.5 Crore
@ 1,15,000 per sqyd (Negotiable)
Address
Begumpet, Hyderabad
Total Floors
5 Floors
Facing
South
Overlooking
Main Road
Property Age
10+ Year Old
Transaction Type:Resale
Property Ownership:Freehold
Flooring:MarbleWidth of facing road:30.0 FeetParking:1 OpenWater Source:Borewell/Tank,24*7 Water
Power Backup:None
About Property
Address: Begumpet, Hyderabad
Note : Currently property providing the rent per month rental income is 2 lakh 
Independent villa
An impeccable opportunity is here for those who are looking to own aesthetically designed independent villa in , begumpet, telangana which ensures a relaxed and comfortable stay. Being an independent vi...
More >>
Begumpet Photos
+26 more image
Owner Details
Pavan Kadigari
Owner
Pavan Kadigari
Properties Listed:1
Localities : Begumpet
Check prices in registry records
In Begumpet
19 recent transactions in this locality
in last 3 years
Avg. transaction rates are Rs. 4872/sqft
Based on last 19 transactions
Interesting Reads
Read realty news, guides & articles
Akshita Infra: A legacy of excellence
Apr 17, 2026
ASBL Landmark unveils final tower launch
Oct 08, 2025
Top reasons to buy a home in Vertex Florenza
Dec 29, 2025
Top reasons to invest in North Hyderabad
Feb 28, 2026
2026-05-22 12:00:45,897 - INFO - Sale Price: ₹ 11.5 Cr
2026-05-22 12:00:56,529 - INFO - Clicking Buy Tab
2026-05-22 12:00:57,273 - INFO - Keeping Search Box Empty
2026-05-22 12:01:00,946 - INFO - Clicking Search Button With Empty Location
2026-05-22 12:01:01,002 - INFO - Current URL After Empty Search: https://www.99acres.com/
2026-05-22 12:01:12,195 - INFO - Clicking Buy Tab
2026-05-22 12:01:14,123 - INFO - Entering Location: Hyderabad
2026-05-22 12:01:15,820 - INFO - Clicking Search Button
2026-05-22 12:01:16,057 - INFO - Verifying Buy Search Results
2026-05-22 12:01:19,910 - INFO - Closing popups if displayed
2026-05-22 12:01:26,687 - INFO - Applying 2 BHK Filter
2026-05-22 12:01:49,998 - INFO - Applying Residential Apartment Filter
2026-05-22 12:02:13,380 - INFO - Applying Ready To Move Filter
2026-05-22 12:02:36,174 - INFO - Applying Owner Filter
2026-05-22 12:03:00,083 - INFO - Applying Locality Filter
2026-05-22 12:03:22,784 - INFO - Locality Filter Applied: False
2026-05-22 12:03:22,785 - INFO - Applying RERA Approved Filter
2026-05-22 12:03:45,641 - INFO - RERA Approved Filter Applied: True
2026-05-22 12:03:45,641 - INFO - Selecting First Filtered Buy Result
2026-05-22 12:03:59,065 - INFO - Opened Buy Property Page URL: https://www.99acres.com/3-bhk-bedroom-independent-house-villa-for-sale-in-tara-nagar-hyderabad-225-sqft-r1-spid-H85982222
2026-05-22 12:03:59,393 - INFO - Switching To Buy Property Window
2026-05-22 12:04:05,751 - INFO - Opening Owner Details
2026-05-22 12:04:18,393 - INFO - Clicking View Phone Number Without Login
2026-05-22 12:04:33,141 - INFO - Verifying login/register prompt is displayed
2026-05-22 12:07:27,854 - INFO - Clicking Buy Tab
2026-05-22 12:07:27,965 - INFO - Entering Location: Hyderabad
2026-05-22 12:07:29,194 - INFO - Clicking Search Button
2026-05-22 12:07:29,251 - INFO - Verifying Buy Search Results
2026-05-22 12:07:31,944 - INFO - Closing popups if displayed
2026-05-22 12:07:43,280 - INFO - Applying 2 BHK Filter
2026-05-22 12:08:27,634 - INFO - Clicking Buy Tab
2026-05-22 12:08:28,106 - INFO - Entering Location: Hyderabad
2026-05-22 12:08:31,525 - INFO - Clicking Search Button
2026-05-22 12:08:31,575 - INFO - Verifying Buy Search Results
2026-05-22 12:08:34,356 - INFO - Buy Results Heading: Property in Hyderabad for Sale
2026-05-22 12:08:41,058 - INFO - Clicking Buy Tab
2026-05-22 12:08:41,645 - INFO - Entering Location: Hyderabad
2026-05-22 12:08:42,821 - INFO - Clicking Search Button
2026-05-22 12:08:42,870 - INFO - Verifying Buy Search Results
2026-05-22 12:08:47,632 - INFO - Buy Results Count: 35555
2026-05-22 12:08:54,520 - INFO - Clicking Buy Tab
2026-05-22 12:08:55,046 - INFO - Entering Location: Hyderabad
2026-05-22 12:08:56,125 - INFO - Clicking Search Button
2026-05-22 12:08:56,175 - INFO - Verifying Buy Search Results
2026-05-22 12:09:01,003 - INFO - Closing popups if displayed
2026-05-22 12:09:12,460 - INFO - Applying 2 BHK Filter
2026-05-22 12:09:35,737 - INFO - Applying Residential Apartment Filter
2026-05-22 12:09:59,283 - INFO - Applying Ready To Move Filter
2026-05-22 12:10:22,954 - INFO - Applying Owner Filter
2026-05-22 12:10:46,834 - INFO - Applying Locality Filter
2026-05-22 12:11:16,816 - INFO - Locality Filter Applied: False
2026-05-22 12:11:16,818 - INFO - Applying RERA Approved Filter
2026-05-22 12:11:39,883 - INFO - RERA Approved Filter Applied: True
2026-05-22 12:11:39,885 - INFO - Verifying Filtered Buy Results
2026-05-22 12:12:01,065 - INFO - Filtered Buy Results Count: 3459
2026-05-22 12:12:16,220 - INFO - Clicking Buy Tab
2026-05-22 12:12:16,818 - INFO - Entering Location: Hyderabad
2026-05-22 12:12:18,775 - INFO - Clicking Search Button
2026-05-22 12:12:18,835 - INFO - Verifying Buy Search Results
2026-05-22 12:12:22,062 - INFO - Closing popups if displayed
2026-05-22 12:12:33,342 - INFO - Applying 2 BHK Filter
2026-05-22 12:12:56,908 - INFO - Applying Residential Apartment Filter
2026-05-22 12:13:20,303 - INFO - Applying Ready To Move Filter
2026-05-22 12:13:43,671 - INFO - Applying Owner Filter
2026-05-22 12:14:07,528 - INFO - Applying Locality Filter
2026-05-22 12:14:30,709 - INFO - Locality Filter Applied: False
2026-05-22 12:14:30,709 - INFO - Applying RERA Approved Filter
2026-05-22 12:14:53,974 - INFO - RERA Approved Filter Applied: True
2026-05-22 12:14:53,974 - INFO - Selecting First Filtered Buy Result
2026-05-22 12:15:07,707 - INFO - Opened Buy Property Page URL: https://www.99acres.com/30-bhk-bedroom-independent-house-villa-for-sale-in-begumpet-hyderabad-9000-sqft-r1-spid-Y85913864
2026-05-22 12:15:08,277 - INFO - Switching To Buy Property Window
2026-05-22 12:15:14,606 - INFO - Clicking Shortlist
2026-05-22 12:15:27,442 - INFO - Opening Owner Details
2026-05-22 12:15:40,123 - INFO - Clicking View Phone Number
2026-05-22 12:15:53,195 - INFO - Verifying Contact Section
2026-05-22 12:15:56,887 - INFO - Buy Property Title: Buy
|
Post property
FREE
V A
Home›Property in Hyderabad›House for sale in Hyderabad›House for sale in Rajbhavan Road›House for sale in Begumpet›10 to 20 Cr
Posted on Apr 13, 2026 Ready to move
Platinum
₹ 11.5 Cr@ 1.15 L per sqyd
Estimated EMI ₹9,18,509
30Bedrooms 25Baths
Independent House/Villa for Sale
in Begumpet, Hyderabad
Shortlist
Contact OwnerFREE
RERA STATUS NOT AVAILABLE Website: http://rerait.telangana.gov.in/
OverviewOwner DetailsRegistry RecordExplore LocalityArticles
Videos (1)
Property (11)
3 people viewed this property yesterday
Area
Plot area 1000
(836.13 sq.m.)  
sqyd
Configuration
30 Bedrooms , 25 Bathrooms, 3+ Balconies
Price
₹ 11.5 Crore
@ 1.15 L per sqyd (Negotiable)
Address
Begumpet, Hyderabad
Total Floors
5 Floors
Facing
South
Overlooking
Main Road
Property Age
10+ Year Old
Transaction Type:Resale
Property Ownership:Freehold
Flooring:MarbleWidth of facing road:30.0 FeetParking:1 OpenWater Source:Borewell/Tank,24*7 Water
Power Backup:None
About Property
Address: Begumpet, Hyderabad
Note : Currently property providing the rent per month rental income is 2 lakh 
Independent villa
An impeccable opportunity is here for those who are looking to own aesthetically designed independent villa in , begumpet, telangana which ensures a relaxed and comfortable stay. Being an independent vi...
More >>
Property sold out? Incorrect data?Report
Begumpet Photos
+26 more image
Owner Details
Pavan Kadigari
Owner
Pavan Kadigari
Properties Listed:1
Localities : Begumpet
Send enquiry to Owner
You are Individual Dealer
IND (+91)
GBR (+44)
USA (+1)
AUS (+61)
MYS (+60)
ARE (+971)
AFG (+93)
ALB (+355)
DZA (+213)
ASM (+1684)
AND (+376)
AGO (+244)
AIA (+1264)
ATA (+672)
ATG (+1268)
ARG (+54)
ARM (+374)
ABW (+297)
AUT (+43)
AZE (+994)
BHS (+1242)
BHR (+973)
BGD (+880)
BRB (+1246)
BLR (+375)
BEL (+32)
BLZ (+501)
BEN (+229)
BMU (+1441)
BTN (+975)
BOL (+591)
BIH (+387)
BWA (+267)
BRA (+55)
VGB (+1284)
BRN (+673)
BGR (+359)
BFA (+226)
MMR (+95)
BDI (+257)
KHM (+855)
CMR (+237)
CAN (+1)
CPV (+238)
CYM (+1345)
CAF (+236)
TCD (+235)
CHL (+56)
CHN (+86)
CXR (+61)
CCK (+61)
COL (+57)
COM (+269)
COK (+682)
CRC (+506)
HRV (+385)
CYP (+357)
CZE (+420)
COD (+243)
DNK (+45)
DJI (+253)
DMA (+1767)
DOM (+1809)
ECU (+593)
EGY (+20)
SLV (+503)
GNQ (+240)
ERI (+291)
EST (+372)
ETH (+251)
FLK (+500)
FRO (+298)
FJI (+679)
FIN (+358)
FRA (+33)
PYF (+689)
GAB (+241)
GMB (+220)
GEO (+995)
DEU (+49)
GHA (+233)
GIB (+350)
GRC (+30)
GRL (+299)
GRD (+1473)
GUM (+1671)
GTM (+502)
GIN (+224)
GNB (+245)
GUY (+592)
HTI (+509)
VAT (+39)
HND (+504)
HKG (+852)
HUN (+36)
IS (+354)
IDN (+62)
IRQ (+964)
IRL (+353)
IMN (+44)
ISR (+972)
ITA (+39)
CIV (+225)
JAM (+1876)
JPN (+81)
JOR (+962)
KAZ (+7)
KEN (+254)
KIR (+686)
KWT (+965)
KGZ (+996)
LAO (+856)
LVA (+371)
LBN (+961)
LSO (+266)
LBR (+231)
LBY (+218)
LIE (+423)
LTU (+370)
LUX (+352)
MAC (+853)
MKD (+389)
MDG (+261)
MWI (+265)
MDV (+960)
MLI (+223)
MLT (+356)
MHL (+692)
MRT (+222)
MUS (+230)
MYT (+262)
MEX (+52)
FSM (+691)
MDA (+373)
MCO (+377)
MNG (+976)
MNE (+382)
MSR (+1664)
MAR (+212)
MOZ (+258)
NAM (+264)
NRU (+674)
NPL (+977)
NLD (+31)
ANT (+599)
NCL (+687)
NZL (+64)
NIC (+505)
NER (+227)
NGA (+234)
NIU (+683)
NFK (+672)
MNP (+1670)
NOR (+47)
OMN (+968)
PAK (+92)
PLW (+680)
PAN (+507)
PNG (+675)
PRY (+595)
PER (+51)
PHL (+63)
PCN (+870)
POL (+48)
PRT (+351)
PRI (+1)
QAT (+974)
COG (+242)
ROU (+40)
RUS (+7)
RWA (+250)
BLM (+590)
SHN (+290)
KNA (+1869)
LCA (+1758)
MAF (+1599)
SPM (+508)
VCT (+1784)
WSM (+685)
SMR (+378)
STP (+239)
SAU (+966)
SEN (+221)
SRB (+381)
SSU (+211)
SYC (+248)
SLE (+232)
SGP (+65)
SVK (+421)
SVN (+386)
SLB (+677)
SOM (+252)
ZAF (+27)
KOR (+82)
ESP (+34)
LKA (+94)
SUR (+597)
SWZ (+268)
SWE (+46)
CHE (+41)
TWN (+886)
TJK (+992)
TZA (+255)
THA (+66)
TLS (+670)
TGO (+228)
TKL (+690)
TON (+676)
TTO (+1868)
TUN (+216)
TUR (+90)
TKM (+993)
TCA (+1649)
TUV (+688)
UGA (+256)
URY (+598)
VIR (+1340)
UZB (+998)
VUT (+678)
VEN (+58)
VNM (+84)
WLF (+681)
YEM (+967)
ZMB (+260)
ZWE (+263)
400 chars
I agree to the Terms & Conditions and Privacy Policy
Check prices in registry records
In Begumpet
19 recent transactions in this locality
in last 3 years
Avg. transaction rates are Rs. 4872/sqft
Based on last 19 transactions
Transaction Details
Data Source : 
Telangana government
99acres.com has made available data related to registration through online ...more
Is this Helpful ?YesNo
View recent transactions
Explore Begumpet, Hyderabad
Begumpet, Hyderabad Overview
Telangana | Pincode - 500016
Premium Locality
Commercial Hub
What's great here!
Begumpet is a developed locality nestled along Hussain Sagar Lake
The presence of Begumpet Airport enhances its prominence
Its commercial landscape includes several government & private offices
Residential options are apartments, independent homes and plots... more
What needs attention!
The road linking Begumpet to St John's signal-Marredpally witnesses traffic
Begumpet Main Road faces waterlogging due to narrowed drains
Locality Reviews
for Begumpet, Hyderabad
Review your Society / Locality
4.3
/5
Average Rating
(348 Total Reviews)
5★
4★
3★
2★
1★
See how ratings are calculated
Ratings by features
Connectivity
4.4 out of 5
Lifestyle
4.4 out of 5
Safety
4.3 out of 5
Green Area
4.1 out of 5
Popular Mentions
99% Positive Mentions
Likes
Good Public Transport (244)
Easy Cab/Auto Availability (206)
Metro Connectivity nearby (197)
Good Schools are nearby (148)
Well-maintained Roads (146)
Markets at a walkable distance (133)
Dislikes
Frequent Traffic Jams (121)
Frequent Parking Issues (87)
Reviews by residents
View All
RecommendedNegative FirstWith PhotosRecent First
4.0
★
Hussain Nagar
POSITIVES
This location is one of the most convenient and well-located areas in Hyderabad. Living hear feels comfortable mainly because of the excellent connectivity. The...Show More
NEGATIVES
Despite its many advantages, the area also has notable disadvantages also. Traffic congestion is one of the major problem especially during the peak office hour...Show More
N
Nikith
Owner (living since 2Y) | 3mo ago
5.0
★
2 people found it helpful
Hussain Nagar
POSITIVES
The shopping malls and markets are within 5 km. There are a lot of good schools and hospitals are under 5 km. Grocerry stores and other shops are also in just w...Show More
NEGATIVES
A lot of power cuts. Water quality is not too pure. Roads are crack and cause of accident sometimes. Cab charges too high. Traffic is the main problem and parki...Show More
R
Raghav
Owner (living since 3+Y) | 8mo ago
3.6
★
Hussain Nagar
POSITIVES
The buses and autos are frequent and reliable, making it easy to get around the city. Parks, gyms and some retail outlets are just a quick walk away, making eve...Show More
NEGATIVES
One thing which I don't like about this city is the roads can be bumpy sometimes, and they are significantly worse during monsoon times. The locality is usually...Show More
SH
Sufia Hussain
Owner (living since 2Y) | 9mo ago
3.4
★
Indian Airlines Colony
POSITIVES
Indian Airlines Colony is one of the best localities in Hyderabad. This locality is near prakash nagar, Begumpet, patigadda and sindhi colony. This locality has
NEGATIVES
Even though it is good colony, it also have negative images. They don't care about street animals. They also bad in proper drainage management. In night there a...Show More
MS
Muhammed sadil
Tenant (living since 2Y) | 9mo ago
Is this helpful?YesNo
Review your Society / Locality
Newly launched projects
Just now launched in the market
Bigger home in the same budget
Less upfront payment
Preferred units at zero brokerage
Limited launch offers available
NEW ARRIVAL
RERA
The Cascades Neopolis
Neopolis, Hyderabad
₹3.5 - 5.01 Cr
|
3, 4 BHK Apartment
Completion in Mar, 2030
Get preferred options @zero brokerage
View Number
NEW LAUNCH
RERA
Fiora By Yashoda
Tukkuguda, Hyderabad
₹4.48 - 5.36 Cr
|
4 BHK Villa
17.6% price increase in last 1 year in 
Get preferred options @zero brokerage
View Number
NEW LAUNCH
RERA
Aurum by Sree Varaaha
Financial District, Hyderabad
₹3.21 - 10.6 Cr
|
4 BHK Apartment
20.0% price increase in last 3 years in 
Get preferred options @zero brokerage
View Number
Interesting Reads
Read realty news, guides & articles
Akshita Infra: A legacy of excellence
Apr 17, 2026
ASBL Landmark unveils final tower launch
Oct 08, 2025
Top reasons to buy a home in Vertex Florenza
Dec 29, 2025
Top reasons to invest in North Hyderabad
Feb 28, 2026
Related to your search
About Begumpet
Begumpet Hyderabad Overview
Property Rates in Begumpet Hyderabad
Reviews of Begumpet Hyderabad
Begumpet & nearby listings
Buy 30 BHK House/Villa in Begumpet for 11.5 Cr
Property Options in Begumpet
House for sale in Begumpet by owner
Verified House for sale in Begumpet
New Projects in Begumpet
View 4 More
Links
Mobile Apps
Our Services
Price Trends
Post your Property
Real Estate Investments
Builders in India
Area Converter
Articles
Rent Receipt
Customer Service
Sitemap
Company
About us
Contact us
Careers with us
Terms & Conditions
Request Info
Feedback
Report a problem
Testimonials
Privacy Policy
Summons/Notices
Grievances
Safety Guide
Our Partners
Naukri.com - Jobs in India
Naukrigulf.com - Jobs in middle east
Jeevansathi.com - Matrimonials
Brijj.com - Professional Networking
Shiksha.com - Education Career Info
Policybazaar.com - Insurance India
PaisaBazaar.com
AmbitionBox.com
FirstNaukri.com - A jobsite for campus hiring
Jobhai.com – Find Jobs Near You
Techminis.com - Tech news on the go
CONTACT US
Toll Free 1800 41 99099
Monday - Sunday (9:30AM to 06:30PM IST)
Email: feedback@99acres.com
CONNECT WITH US
* India's leading Property Portal. Source: Alexa.com
# Free Listings are available only for Owners
MOBILE APP
Usage of 99acres.com to upload content which enables targeting by religion/community/caste/race is prohibited. Please report inappropriate content by writing to us at report abuse
All right reserved - Info Edge (India) Ltd. A group venture
2026-05-22 12:15:56,890 - INFO - Sale Price: ₹ 11.5 Cr
2026-05-22 12:16:07,227 - INFO - Clicking Buy Tab
2026-05-22 12:16:07,263 - INFO - Keeping Search Box Empty
2026-05-22 12:16:08,082 - INFO - Clicking Search Button With Empty Location
2026-05-22 12:16:08,141 - INFO - Current URL After Empty Search: https://www.99acres.com/
2026-05-22 12:16:16,930 - INFO - Clicking Buy Tab
2026-05-22 12:16:17,028 - INFO - Entering Location: Hyderabad
2026-05-22 12:16:17,963 - INFO - Clicking Search Button
2026-05-22 12:16:18,008 - INFO - Verifying Buy Search Results
2026-05-22 12:16:22,372 - INFO - Closing popups if displayed
2026-05-22 12:16:33,619 - INFO - Applying 2 BHK Filter
2026-05-22 12:16:57,210 - INFO - Applying Residential Apartment Filter
2026-05-22 12:17:20,698 - INFO - Applying Ready To Move Filter
2026-05-22 12:17:43,973 - INFO - Applying Owner Filter
2026-05-22 12:18:07,449 - INFO - Applying Locality Filter
2026-05-22 12:18:30,354 - INFO - Locality Filter Applied: False
2026-05-22 12:18:30,354 - INFO - Applying RERA Approved Filter
2026-05-22 12:18:53,182 - INFO - RERA Approved Filter Applied: True
2026-05-22 12:18:53,182 - INFO - Selecting First Filtered Buy Result
2026-05-22 12:19:09,999 - INFO - Opened Buy Property Page URL: https://www.99acres.com/3-bhk-bedroom-independent-house-villa-for-sale-in-tara-nagar-hyderabad-225-sqft-r1-spid-H85982222
2026-05-22 12:19:10,465 - INFO - Switching To Buy Property Window
2026-05-22 12:19:16,954 - INFO - Opening Owner Details
2026-05-22 12:19:30,037 - INFO - Clicking View Phone Number Without Login
2026-05-22 12:19:44,147 - INFO - Verifying login/register prompt is displayed
2026-05-22 12:29:04,297 - INFO - Clicking Buy Tab
2026-05-22 12:29:04,844 - INFO - Entering Location: Hyderabad
2026-05-22 12:29:05,951 - INFO - Clicking Search Button
2026-05-22 12:29:06,106 - INFO - Verifying Buy Search Results
2026-05-22 12:29:14,609 - INFO - Clicking Buy Tab
2026-05-22 12:29:19,046 - INFO - Clicking Buy Tab
2026-05-22 12:29:27,906 - INFO - Clicking Buy Tab
2026-05-22 12:29:37,732 - INFO - Clicking Buy Tab
2026-05-22 12:30:20,368 - INFO - Clicking Buy Tab
2026-05-22 12:30:20,640 - INFO - Entering Location: Hyderabad
2026-05-22 12:30:22,026 - INFO - Clicking Search Button
2026-05-22 12:30:22,087 - INFO - Verifying Buy Search Results
2026-05-22 12:30:26,424 - INFO - Buy Results Heading: Property in Hyderabad for Sale
2026-05-22 12:30:34,795 - INFO - Clicking Buy Tab
2026-05-22 12:30:35,140 - INFO - Entering Location: Hyderabad
2026-05-22 12:30:36,624 - INFO - Clicking Search Button
2026-05-22 12:30:36,703 - INFO - Verifying Buy Search Results
2026-05-22 12:30:42,092 - INFO - Buy Results Count: 35568
2026-05-22 12:30:49,909 - INFO - Clicking Buy Tab
2026-05-22 12:30:50,401 - INFO - Entering Location: Hyderabad
2026-05-22 12:30:51,475 - INFO - Clicking Search Button
2026-05-22 12:30:51,520 - INFO - Verifying Buy Search Results
2026-05-22 12:30:54,435 - INFO - Closing popups if displayed
2026-05-22 12:31:05,855 - INFO - Applying 2 BHK Filter
2026-05-22 12:31:29,227 - INFO - Applying Residential Apartment Filter
2026-05-22 12:31:52,496 - INFO - Applying Ready To Move Filter
2026-05-22 12:32:15,856 - INFO - Applying Owner Filter
2026-05-22 12:32:39,196 - INFO - Applying Locality Filter
2026-05-22 12:33:04,298 - INFO - Locality Filter Applied: False
2026-05-22 12:33:04,299 - INFO - Applying RERA Approved Filter
2026-05-22 12:33:27,615 - INFO - RERA Approved Filter Applied: True
2026-05-22 12:33:27,617 - INFO - Verifying Filtered Buy Results
2026-05-22 12:33:46,071 - INFO - Filtered Buy Results Count: 3459
2026-05-22 12:33:58,901 - INFO - Clicking Buy Tab
2026-05-22 12:33:59,492 - INFO - Entering Location: Hyderabad
2026-05-22 12:34:02,071 - INFO - Clicking Search Button
2026-05-22 12:34:02,239 - INFO - Verifying Buy Search Results
2026-05-22 12:34:05,037 - INFO - Closing popups if displayed
2026-05-22 12:34:11,595 - INFO - Applying 2 BHK Filter
2026-05-22 12:34:34,825 - INFO - Applying Residential Apartment Filter
2026-05-22 12:34:58,466 - INFO - Applying Ready To Move Filter
2026-05-22 12:35:21,521 - INFO - Applying Owner Filter
2026-05-22 12:35:44,079 - INFO - Applying Locality Filter
2026-05-22 12:36:08,901 - INFO - Locality Filter Applied: False
2026-05-22 12:36:08,901 - INFO - Applying RERA Approved Filter
2026-05-22 12:36:32,292 - INFO - RERA Approved Filter Applied: True
2026-05-22 12:36:32,292 - INFO - Selecting First Filtered Buy Result
2026-05-22 12:36:46,040 - INFO - Opened Buy Property Page URL: https://www.99acres.com/30-bhk-bedroom-independent-house-villa-for-sale-in-begumpet-hyderabad-9000-sqft-r1-spid-Y85913864
2026-05-22 12:36:46,209 - INFO - Switching To Buy Property Window
2026-05-22 12:36:52,609 - INFO - Clicking Shortlist
2026-05-22 12:37:05,345 - INFO - Opening Owner Details
2026-05-22 12:37:18,253 - INFO - Clicking View Phone Number
2026-05-22 12:37:31,388 - INFO - Verifying Contact Section
2026-05-22 12:37:31,784 - INFO - Buy Property Title: Buy
|
Post property
FREE
V A

Home›Property in Hyderabad›House for sale in Hyderabad›House for sale in Rajbhavan Road›House for sale in Begumpet›10 to 20 Cr
Posted on Apr 13, 2026 Ready to move
Platinum
₹ 11.5 Cr@ 1.15 L per sqyd
Estimated EMI ₹9,18,509
30Bedrooms 25Baths
Independent House/Villa for Sale
in Begumpet, Hyderabad
Shortlist
Contact OwnerFREE
RERA STATUS NOT AVAILABLE Website: http://rerait.telangana.gov.in/
OverviewOwner DetailsRegistry RecordExplore LocalityArticles
Videos (1)
Property (11)
3 people viewed this property yesterday
Area
Plot area 1000
(836.13 sq.m.)  
sqyd
Configuration
30 Bedrooms , 25 Bathrooms, 3+ Balconies
Price
₹ 11.5 Crore
@ 1.15 L per sqyd (Negotiable)
Address
Begumpet, Hyderabad
Total Floors
5 Floors
Facing
South
Overlooking
Main Road
Property Age
10+ Year Old
Transaction Type:Resale
Property Ownership:Freehold
Flooring:MarbleWidth of facing road:30.0 FeetParking:1 OpenWater Source:Borewell/Tank,24*7 Water
Power Backup:None
About Property
Address: Begumpet, Hyderabad
Note : Currently property providing the rent per month rental income is 2 lakh 
Independent villa
An impeccable opportunity is here for those who are looking to own aesthetically designed independent villa in , begumpet, telangana which ensures a relaxed and comfortable stay. Being an independent vi...
More >>
Begumpet Photos
+26 more image
Owner Details
Pavan Kadigari
Owner
Pavan Kadigari
Properties Listed:1
Localities : Begumpet
Check prices in registry records
In Begumpet
19 recent transactions in this locality
in last 3 years
Avg. transaction rates are Rs. 4872/sqft
Based on last 19 transactions
Interesting Reads
Read realty news, guides & articles
Akshita Infra: A legacy of excellence
Apr 17, 2026
ASBL Landmark unveils final tower launch
Oct 08, 2025
Top reasons to buy a home in Vertex Florenza
Dec 29, 2025
Top reasons to invest in North Hyderabad
Feb 28, 2026
2026-05-22 12:37:31,785 - INFO - Sale Price: ₹ 11.5 Cr
2026-05-22 12:37:42,294 - INFO - Clicking Buy Tab
2026-05-22 12:37:44,035 - INFO - Keeping Search Box Empty
2026-05-22 12:37:45,224 - INFO - Clicking Search Button With Empty Location
2026-05-22 12:37:45,681 - INFO - Current URL After Empty Search: https://www.99acres.com/
2026-05-22 12:37:52,997 - INFO - Clicking Buy Tab
2026-05-22 12:37:53,496 - INFO - Entering Location: Hyderabad
2026-05-22 12:37:54,730 - INFO - Clicking Search Button
2026-05-22 12:37:54,778 - INFO - Verifying Buy Search Results
2026-05-22 12:37:57,045 - INFO - Closing popups if displayed
2026-05-22 12:38:08,103 - INFO - Applying 2 BHK Filter
2026-05-22 12:38:31,320 - INFO - Applying Residential Apartment Filter
2026-05-22 12:38:55,063 - INFO - Applying Ready To Move Filter
2026-05-22 12:39:18,874 - INFO - Applying Owner Filter
2026-05-22 12:39:42,387 - INFO - Applying Locality Filter
2026-05-22 12:40:06,091 - INFO - Locality Filter Applied: False
2026-05-22 12:40:06,091 - INFO - Applying RERA Approved Filter
2026-05-22 12:40:29,477 - INFO - RERA Approved Filter Applied: True
2026-05-22 12:40:29,477 - INFO - Selecting First Filtered Buy Result
2026-05-22 12:40:43,481 - INFO - Opened Buy Property Page URL: https://www.99acres.com/3-bhk-bedroom-independent-house-villa-for-sale-in-tara-nagar-hyderabad-225-sqft-r1-spid-H85982222
2026-05-22 12:40:43,701 - INFO - Switching To Buy Property Window
2026-05-22 12:40:50,081 - INFO - Opening Owner Details
2026-05-22 12:41:03,266 - INFO - Clicking View Phone Number Without Login
2026-05-22 12:41:17,549 - INFO - Verifying login/register prompt is displayed
2026-05-22 18:00:17,726 - INFO - Clicking Buy Tab
2026-05-22 18:00:18,197 - INFO - Entering Location: Hyderabad
2026-05-22 18:00:20,559 - INFO - Clicking Search Button
2026-05-22 18:00:21,886 - INFO - Verifying Buy Search Results
2026-05-22 18:00:24,844 - INFO - Closing popups if displayed
2026-05-22 18:00:31,241 - INFO - Applying 2 BHK Filter
2026-05-22 18:00:54,849 - INFO - Applying Residential Apartment Filter
2026-05-22 18:01:18,291 - INFO - Applying Ready To Move Filter
2026-05-22 18:01:41,483 - INFO - Applying Owner Filter
2026-05-22 18:02:04,782 - INFO - Applying Locality Filter
2026-05-22 18:02:30,947 - INFO - Locality Filter Applied: False
2026-05-22 18:02:30,947 - INFO - Applying RERA Approved Filter
2026-05-22 18:02:55,550 - INFO - RERA Approved Filter Applied: True
2026-05-22 18:02:55,551 - INFO - Selecting First Filtered Buy Result
2026-05-22 18:03:10,319 - INFO - Opened Buy Property Page URL: https://www.99acres.com/30-bhk-bedroom-independent-house-villa-for-sale-in-begumpet-hyderabad-9000-sqft-r1-spid-Y85913864
2026-05-22 18:03:10,596 - INFO - Switching To Buy Property Window
2026-05-22 18:03:17,180 - INFO - Clicking Shortlist
2026-05-22 18:03:30,168 - INFO - Opening Owner Details
2026-05-22 18:03:43,541 - INFO - Clicking View Phone Number
2026-05-22 18:03:56,720 - INFO - Verifying Contact Section
2026-05-22 18:03:57,146 - INFO - Buy Property Title: Buy
|
Post property
FREE
V A
Home›Property in Hyderabad›House for sale in Hyderabad›House for sale in Rajbhavan Road›House for sale in Begumpet›10 to 20 Cr
Posted on Apr 13, 2026 Ready to move
Platinum
₹ 11.5 Cr@ 1.15 L per sqyd
Estimated EMI ₹9,18,509
30Bedrooms 25Baths
Independent House/Villa for Sale
in Begumpet, Hyderabad
Shortlist
Contact OwnerFREE
RERA STATUS NOT AVAILABLE Website: http://rerait.telangana.gov.in/
OverviewOwner DetailsRegistry RecordExplore LocalityArticles
Videos (1)
Property (11)
3 people viewed this property yesterday
Area
Plot area 1000
(836.13 sq.m.)  
sqyd
Configuration
30 Bedrooms , 25 Bathrooms, 3+ Balconies
Price
₹ 11.5 Crore
@ 1.15 L per sqyd (Negotiable)
Address
Begumpet, Hyderabad
Total Floors
5 Floors
Facing
South
Overlooking
Main Road
Property Age
10+ Year Old
Transaction Type:Resale
Property Ownership:Freehold
Flooring:MarbleWidth of facing road:30.0 FeetParking:1 OpenWater Source:Borewell/Tank,24*7 Water
Power Backup:None
About Property
Address: Begumpet, Hyderabad
Note : Currently property providing the rent per month rental income is 2 lakh 
Independent villa
An impeccable opportunity is here for those who are looking to own aesthetically designed independent villa in , begumpet, telangana which ensures a relaxed and comfortable stay. Being an independent vi...
More >>
Begumpet Photos
+26 more image
Owner Details
Pavan Kadigari
Owner
Pavan Kadigari
Properties Listed:1
Localities : Begumpet
Check prices in registry records
In Begumpet
19 recent transactions in this locality
in last 3 years
Avg. transaction rates are Rs. 4872/sqft
Based on last 19 transactions
Interesting Reads
Read realty news, guides & articles
Akshita Infra: A legacy of excellence
Apr 17, 2026
ASBL Landmark unveils final tower launch
Oct 08, 2025
Top reasons to buy a home in Vertex Florenza
Dec 29, 2025
Top reasons to invest in North Hyderabad
Feb 28, 2026
2026-05-22 18:03:57,147 - INFO - Sale Price: ₹ 11.5 Cr
